track_name,track_artist,decade,track_id,year,track_album_release_date,playlist_genre,Energy,Danceability,Valence,Acousticness,Instrumentalness
Die With A Smile,"Lady Gaga, Bruno Mars",20s,2plbrEY59IikOBgBGLjaoe,2024,2024-08-16,pop,0.5931040150411205,0.5022280186936202,0.5278880300814707,0.30923445798363874,0.0
BIRDS OF A FEATHER,Billie Eilish,20s,6dOtVTDdiauQNBQEDOtlAB,2024,2024-05-17,pop,0.507916431983227,0.7478534941854147,0.4265719657405473,0.20080033220200064,0.06135216952573158
That’s So True,Gracie Abrams,20s,7ne4VBA60CxGM75vw0EYad,2024,2024-10-18,pop,0.8095806966941205,0.5380936854689707,0.35763526216837266,0.21485660776628704,0.0
Taste,Sabrina Carpenter,20s,1d7Ptw3qYcfpdLNL5REhtJ,2024,2024-08-23,pop,0.9118057963635927,0.6641669383762635,0.7900564027574682,0.09427384381837281,0.0
APT.,"ROSÉ, Bruno Mars",20s,5vNRhkKd0yEAg8suGBpjeY,2024,2024-10-18,pop,0.7845255252065048,0.7804586457993696,0.9498642155838729,0.02841015260285928,0.0
"Good Luck, Babe!",Chappell Roan,20s,0WbMK4wrZ1wFSty9F7FCgu,2024,2024-04-05,pop,0.5830819464460743,0.6967720899902184,0.7890119072487989,0.050398183664135905,0.0
Diet Pepsi,Addison Rae,20s,6MzofobZt2dm0Kf1hTThFz,2024,2024-08-09,pop,0.5620356023964771,0.6630800999891316,0.8475036557342803,0.4969861387351788,0.00970736629667003
WILDFLOWER,Billie Eilish,20s,3QaPy1KgI7nu9FJEQUgn6h,2024,2024-05-17,pop,0.24734264851202348,0.4435387457885013,0.10068936703572175,0.6144564416652867,0.0002734611503531786
Sailor Song,Gigi Perez,20s,0UYnhUfnUj5adChuAXvLUB,2024,2024-07-26,pop,0.41671560776830585,0.4707097054667971,0.2792980990181742,0.6887538982193722,8.68819374369324e-05
Timeless (with Playboi Carti),"The Weeknd, Playboi Carti",20s,1Es7AUAhQvapIcoh3qMKDL,2024,2024-09-27,pop,0.7233909067767224,0.771763938702315,0.5644453728848966,0.05863114506607509,2.5832492431886983e-06
Guess featuring billie eilish,"Charli xcx, Billie Eilish",20s,3WOhcATHxK2SLNeP5W3v1v,2024,2024-08-01,pop,0.6682695295039678,0.7793718074122379,0.6145811573010236,0.014655082943521856,0.30272452068617556
Please Please Please,Sabrina Carpenter,20s,5N3hjp1WNayUPZrA8kJmJP,2024,2024-06-06,pop,0.5870907738840927,0.6630800999891316,0.5738458324629204,0.27509778875608604,0.0
2 hands,Tate McRae,20s,1f18HzFpegqvH4ibGJyeMJ,2024,2024-11-14,pop,0.8075762829751112,0.5967829583740898,0.5822017965322749,0.12148277723209866,0.0
A Bar Song (Tipsy),Shaboozey,20s,2FQrifJ1N335Ljm3TjTVVf,2024,2024-04-12,pop,0.7103622176031621,0.7206825345071188,0.5999582201796533,0.06355084151357533,0.0
HOT TO GO!,Chappell Roan,20s,4xdBrk0nFZaP54vvZj0yx7,2023,2023-09-22,pop,0.7584681468593844,0.7424193022497555,0.9686651347399206,0.01877156364449145,0.0
Disease,Lady Gaga,20s,19KlZwqlT3fguP2BeHF1Q1,2024,2024-10-25,pop,0.918821244380125,0.5467883925660255,0.492375182786714,0.05150260531561555,0.0
Moonlit Floor (Kiss Me),LISA,20s,5G345YEhvleYxQLfYUlEFv,2024,2024-10-08,pop,0.7885343526445233,0.7337245951527008,0.6709839147691665,0.12650287564791524,0.0
Love Somebody,Morgan Wallen,20s,7hR22TOX3RorxJPcsz5Wbo,2024,2024-10-18,pop,0.8446579367767825,0.6087381806325399,0.7482765824106956,0.009514502165725679,0.00011907164480322905
"I Love You, I'm Sorry",Gracie Abrams,20s,51rfRCiUSvxXlCSCfIztBy,2024,2024-06-21,pop,0.40669353917325957,0.5120095641778067,0.32212241487361604,0.6586333077244726,0.0
Move,"Adam Port, Stryv, Keinemusik, Orso, Malachiii",20s,1BJJbSX6muJVF2AK7uH1x4,2024,2024-06-07,pop,0.7835233183470001,0.7261167264427779,0.6532274911217882,0.05652270373143213,0.3390514631685167
"Sticky (feat. GloRilla, Sexyy Red & Lil Wayne)","Tyler, The Creator, GloRilla, Sexyy Red, Lil Wayne",20s,3tFed7YsjGnIfxeLEQwx3R,2024,2024-10-28,pop,0.813589524132139,0.4848386044995109,0.6626279506998121,0.28614200527088246,0.0
Espresso,Sabrina Carpenter,20s,2qSkIjg1o9h3YT9RAgYN75,2024,2024-04-12,pop,0.7614747674378982,0.6978589283773503,0.6897848339252141,0.10742650166781224,6.599394550958628e-05
Mantra,JENNIE,20s,2CspwnypzT7rcWI9RfsoSb,2024,2024-10-10,pop,0.7263975273552362,0.9076187370937941,0.8443701692082723,0.004353840994266235,1.160443995963673e-05
Qué Pasaría...,"Rauw Alejandro, Bad Bunny",20s,0l0vcZMU7AOeQmUIREoI2U,2024,2024-11-15,pop,0.5640400161154863,0.8413215954787523,0.32734489241696263,0.5301187882795682,1.2815338042381434e-05
NEW DROP,Don Toliver,20s,2c7z5oRcPBbqRaBY2mLWcf,2024,2024-06-14,pop,0.6291834619832872,0.758721878056733,0.3043659912262377,0.18975611568720416,0.02108980827447023
I Had Some Help (Feat. Morgan Wallen),"Post Malone, Morgan Wallen",20s,7221xIgOnuakPdLqT0F3nP,2024,2024-05-10,pop,0.856684419090838,0.6293881099880448,0.7326091497806559,0.007596824570883745,0.0
Too Sweet,Hozier,20s,4IadxL6BUymXlh8RCJJu7T,2024,2024-03-22,pop,0.6211658071072501,0.7413324638626236,0.9446417380405265,0.02961497622265526,0.0008163471241170535
No One Noticed,The Marías,20s,3siwsiaEoU4Kuuc9WKMUy5,2024,2024-05-31,pop,0.33954567958644943,0.7022062819258776,0.44641738040526424,0.5542152606754878,0.08213925327951564
Tu Boda,"Oscar Maydon, Fuerza Regida",20s,1cOboCuWYI2osTOfolMRS6,2024,2024-09-26,pop,0.6522342197518937,0.6902510596674274,0.4610403175266346,0.4979901584183421,1.372351160443996e-05
Stargazing,Myles Smith,20s,3Vr3zh0r7ALn8VLqCiRR10,2024,2024-05-10,pop,0.6021238767766621,0.6261275948266494,0.31585544182160014,0.24698523762751315,0.0
WHATCHU KNO ABOUT ME (with Sexyy Red),"GloRilla, Sexyy Red",20s,4VI2Y5xg4gYynQqNQNQbTN,2024,2024-10-10,pop,0.6923224941320788,0.8445821106401478,0.7033632755379151,0.005879950912674474,0.0
we can't be friends (wait for your love),Ariana Grande,20s,46kspZSY3aKmwQe7O77fCC,2024,2024-03-08,pop,0.6472231854543705,0.6369959786979676,0.27720910800083554,0.061743606083881374,3.067608476286579e-05
Beautiful Things,Benson Boone,20s,6tNQ70jh4OwmPGpYy6R2o9,2024,2024-01-18,pop,0.4718369850410604,0.44897293772416036,0.19782744934196783,0.15160336772699815,0.0
DEGENERE 👑 (feat. benny blanco),"Myke Towers, benny blanco",20s,0qeIFEGRQqHoaJtLCl0U73,2024,2024-10-17,pop,0.7103622176031621,0.7445929790240191,0.7127637351159389,0.05029778169581957,0.0
Touch,KATSEYE,20s,6aJn7Cst74cj4lNIiPRgav,2024,2024-07-26,pop,0.9057925552065649,0.73915878708836,0.7921453937748069,0.5512032016259979,1.0393541876892028e-05
Lose Control,Teddy Swims,20s,17phhZDn6oGtzMe56NuWvj,2023,2023-09-15,pop,0.6051304973551761,0.5457015541788937,0.221850846041362,0.1997963125188373,1.9172552976791123e-05
Belong Together,Mark Ambor,20s,5uQ7de4EWjb3rkcFxyEOpu,2024,2024-02-16,pop,0.6692717363634724,0.6380828170850995,0.6375600584917486,0.4929700600025255,0.0
Si Antes Te Hubiera Conocido,KAROL G,20s,6WatFBLVB0x077xWeoVc2k,2024,2024-06-21,pop,0.6692717363634724,0.9402238887077492,0.7911008982661375,0.44778917426017634,0.0005993945509586276
End of Beginning,Djo,20s,3qhlB30KknSejmIvZZLjOD,2022,2022-09-16,pop,0.45479946842948177,0.6848168677317683,0.9216628368498015,0.03523748644836983,0.002613521695257316
Fortnight (feat. Post Malone),"Taylor Swift, Post Malone",20s,2OzhQlSqBEmt7hmkYxfT6m,2024,2024-04-18,pop,0.386649401983167,0.4837517661123791,0.26258617087946523,0.504014276517322,1.5438950554994953e-05
Q U E V A S H A C E R H O Y ?,"Omar Courtz, De La Rose",20s,0Sr7ssScx54yxdM2ols7nW,2024,2024-09-20,pop,0.6823004255370326,0.5446147157917619,0.3743471903070817,0.10341042293515898,0.0
Not Like Us,Kendrick Lamar,20s,6AI3ezQ4o3HUoP6Dhudph3,2024,2024-05-04,pop,0.47283919190056506,0.9119660906423215,0.19260497179862127,0.010739406179184924,0.0
Running Wild,Jin,20s,4p7DTkyrKqT98xlIwYYfXz,2024,2024-11-15,pop,0.7123666313221714,0.4652755135311379,0.30018800919156047,0.00017209901389102396,0.0
+57,"KAROL G, Feid, DFZM, Ovy On The Drums, J Balvin, Maluma, Ryan Castro, Blessd",20s,3mg9jYNC1NihbthlglzrWP,2024,2024-11-08,pop,0.713368838181676,0.8576241712857298,0.6918738249425527,0.22188474554843027,0.0
Embrace It,Ndotz,20s,0io16MKpbeDIdYzmGpQaES,2024,2024-08-23,pop,0.6462209785948659,0.8945766764482121,0.7921453937748069,0.47690574507191247,4.1675075681130176e-05
The Emptiness Machine,Linkin Park,20s,2PnlsTsOTLE5jnBnNe2K0A,2024,2024-09-05,pop,0.8737219357024167,0.4424519074013694,0.8109463129308545,0.01565910262668517,0.0
Who,Jimin,20s,7tI8dRuH2Yc6RuoTjxo4dU,2024,2024-07-19,pop,0.7574659399998798,0.6532985545049452,0.8443701692082723,0.0028980124536794266,0.0
Hotel California - 2013 Remaster,Eagles,70s,40riOy7x9W7GXjyGp4pjAv,1976,1976-12-08,rock,0.5089186388427317,0.5652646451472666,0.6051806977229998,0.005759468550694877,0.0004984863773965691
Thunderstruck,AC/DC,90s,57bgtoPSgt236HzfBOd8kj,1990,1990-09-24,rock,0.8917616591735,0.4815780893381154,0.23960726968874033,0.0001439864627624511,0.011806256306760849
Seven Nation Army,The White Stripes,00s,3dPQuX8Gs42Y7b454ybpMR,2003,2003-04-01,rock,0.4467818135534447,0.7435061406368874,0.2594526843534573,0.003912072333674375,0.11907164480322906
Creep,Radiohead,90s,70LcF31zb1H0PyJoS1Sx1r,1993,1993-02-22,rock,0.43074650380137064,0.49570698837082927,0.07771046584499686,0.009735386496021608,0.00013420787083753786
Come As You Are,Nirvana,90s,4P5KoWXOxwuobLmHXLMobV,1991,1991-09-26,rock,0.8256160064461945,0.47940441256385175,0.532066012116148,0.00015703871864357425,0.0016246215943491423
Californication,Red Hot Chili Peppers,90s,48UPSzbZjgc449aqz8bxox,1999,1999-06-08,rock,0.7684902154544306,0.5793935441799805,0.3116774597869229,0.002104836903980407,0.0016649848637739658
Sweet Child O' Mine,Guns N' Roses,80s,7snQQk1zcKl8gZ92AnueZW,1987,1987-07-21,rock,0.953898484462787,0.4196283012716009,0.6208481303530395,0.09035816705403588,0.08506559031281534
"Paint It, Black",The Rolling Stones,60s,63T7DJ1AFDD6Bn8VzG6JE8,1966,1966-04-15,rock,0.7965520075205603,0.44027823062710575,0.6083141842490077,0.049494565949288916,0.002462159434914228
Dreams - 2004 Remaster,Fleetwood Mac,70s,0ofHAoxe9vBkTCp2UQIavz,1977,1977-02-04,rock,0.4928833290906577,0.8358874035430931,0.7931898892834761,0.06465526316505499,0.004318869828456105
Everlong,Foo Fighters,90s,5UWwZ5lm5PKu6eKsHAGxOk,1997,1997-05-20,rock,0.8827417974379584,0.38484947288338217,0.34927929809901814,5.6536348358926316e-05,0.0003107971745711403
I Love Rock 'N Roll,Joan Jett & the Blackhearts,80s,2Cdvbe2G4hZsnhNMKyGrie,1981,1981-11-18,rock,0.7173776656196945,0.5174437561134659,0.9101733862544391,0.32730681228057845,0.0
Dust in the Wind,Kansas,70s,6zeE5tKyr8Nu882DQhhSQI,1977,1977-01-01,rock,0.3225081629748707,0.4522334528855559,0.3733026947984123,0.3684716192902744,0.0005650857719475277
"Another Brick in the Wall, Pt. 2",Pink Floyd,70s,4gMgiXfqyzZLMhsksGmbQV,1979,1979-11-30,rock,0.394667056859204,0.6891642212802956,0.7221641946939628,0.07851073479270876,0.0007003027245206862
Runaway,Bon Jovi,80s,0X1sqQ652p1sceKM2nJlIJ,1984,1984-01-23,rock,0.9007815209090417,0.4522334528855559,0.5989137246709839,0.003761469381199878,1.9273461150353177e-05
Basket Case,Green Day,90s,6L89mwZXSOwYl76YXfX13s,1994,1994-02-01,rock,0.9448786227272453,0.4163677861102054,0.7848339252141217,0.002938173241005959,8.789101917255297e-06
Under the Bridge,Red Hot Chili Peppers,90s,3d9DChrdc6BOeFsbrZ3Is0,1991,1991-09-24,rock,0.34555892074347716,0.54352787740463,0.44746187591393355,0.05782792931954444,0.00010595358224016146
White Wedding - Pt. 1,Billy Idol,80s,1gzIbdFnGJ226LTl0Cn2SX,1982,1982-01-01,rock,0.8155939378511482,0.667427453537659,0.729475663254648,0.013450259323725877,0.002956609485368315
You Shook Me All Night Long,AC/DC,80s,2SiXAy7TuUkycRVbbWDEpo,1980,1980-07-25,rock,0.7684902154544306,0.5141832409520705,0.7576770419887194,0.0028779320600161606,0.0005176589303733602
(I Can't Get No) Satisfaction - Mono Version,The Rolling Stones,60s,2PzU4IB8Dr6mxV3lHuaG34,1965,1965-07-30,rock,0.864702073966875,0.7217693728942506,0.9415082515145186,0.038450349434492444,0.03198789101917255
Starman - 2012 Remaster,David Bowie,70s,0pQskrTITgmCMyr85tb9qq,1972,1972-06-06,rock,0.4497884341319586,0.464188675144006,0.5425109672028411,0.1666636629744479,2.250252270433905e-06
Whole Lotta Love - 1990 Remaster,Led Zeppelin,60s,0hCB0YR03f6AmQaHbwWDe8,1969,1969-10-22,rock,0.9037881414875556,0.38376263449625037,0.40986003760183826,0.04859094823444193,0.13218970736629668
Riders on the Storm,The Doors,70s,14XWXWv5FoCbFzLksawpEe,1971,1971-04-19,rock,0.7233909067767224,0.5337463319204434,0.7169417171506163,0.2510013163601664,0.01301715438950555
Even Flow,Pearl Jam,90s,6QewNVIDKdSl8Y3ycuHIei,1991,1991-08-27,rock,0.94588082958675,0.3641995435278774,0.2458742427407562,0.0017835506053681459,4.581231079717457e-06
Born in the U.S.A.,Bruce Springsteen,80s,0dOg1ySSI7NkpAe89Zo0b9,1984,1984-06-04,rock,0.953898484462787,0.36854689707640476,0.5790683100062669,0.00037089491115736053,7.820383451059536e-05
Bitter Sweet Symphony - Remastered 2016,The Verve,90s,57iDDD9N9tTWe75x6qhStw,1997,1997-09-29,rock,0.918821244380125,0.3228996848168677,0.5101316064340923,0.03363105495530853,0.0
Don't Cry (Original),Guns N' Roses,90s,2N2yrmodOnVF10mKvItC9P,1991,1991-09-17,rock,0.5900973944626066,0.4304966851429192,0.23438479214539376,0.0018437917863579451,0.0036125126135216953
All Along the Watchtower,Jimi Hendrix,60s,2aoo2jlRnM3A0NyLQqMN2f,1968,1968-10-25,rock,0.8065740761156066,0.4120204325616781,0.5581783998328806,0.0025566457614038993,5.7416750756811306e-05
In The Air Tonight - 2015 Remastered,Phil Collins,80s,18AXbzPzBS8Y3AkgSxzJPb,1981,1981-01-01,rock,0.23932499363598644,0.42071513965873275,0.2803425945268435,0.5532112409923244,4.1372351160444e-06
Psycho Killer - 2005 Remaster,Talking Heads,70s,1i6N76fftMZhijOzFQ5ZtL,1977,1977-09-16,rock,0.5219473280162918,0.719595696119987,0.9529977021098809,0.07108098913730021,0.00549949545913219
Are You Gonna Go My Way,Lenny Kravitz,90s,45Ia1U4KtIjAPPU7Wv1Sea,1993,1993-03-09,rock,0.6712761500824816,0.6087381806325399,0.7806559431794444,0.001653028046556915,0.01099899091826438
Master of Puppets (Remastered),Metallica,80s,54bm2e3tk8cliUz3VSdCPZ,1986,1986-03-03,rock,0.829624833884213,0.5217911096619933,0.5560894088155421,0.0006690887570568653,0.4248234106962664
Everywhere - 2017 Remaster,Fleetwood Mac,80s,254bXAqt3zP6P50BdQvEsq,1987,1987-04-13,rock,0.4878722947931345,0.7293772416041735,0.7326091497806559,0.2590334738254729,0.010090817356205853
Have You Ever Seen The Rain,Creedence Clearwater Revival,70s,2LawezPeJhN4AWuSB0GtAU,1970,1970-12-07,rock,0.6983357352891065,0.7413324638626236,0.7775224566534364,0.06666330253138163,2.3007063572149344e-05
Just What I Needed,The Cars,70s,4alHo6RGd0D3OUbTPExTHN,1978,1978-06-06,rock,0.5800753258675603,0.6098250190196718,0.6908293294338834,0.015257494753419846,6.458123107971745e-05
Smells Like Teen Spirit,Nirvana,90s,5ghIJDpPoe3CfHMGu71E6T,1991,1991-09-26,rock,0.9138102100826019,0.4815780893381154,0.7211196991852935,2.199807125810825e-05,0.00017457114026236126
Killing In The Name,Rage Against The Machine,90s,59WN2psjkt1tyaxjspN8fp,1992,1992-01-01,rock,0.8346358681817362,0.4424519074013694,0.6594944641738041,0.026703319141481642,0.0
Come Together - Remastered 2009,The Beatles,60s,2EqlS6tkEnglzr7tkKAAYD,1969,1969-09-26,rock,0.37662733338812066,0.5120095641778067,0.1654480885732191,0.030518593937502246,0.24924318869828457
Carry on Wayward Son,Kansas,70s,4DMKwE2E2iYDKY01C335Uw,1976,1976-01-01,rock,0.7875321457850186,0.4598413215954787,0.7973678713181533,0.003219298752291688,8.960645812310798e-05
Song 2 - 2012 Remaster,Blur,90s,1FTSo4v6BOZH9QxKc3MbVM,1997,1997-02-10,rock,0.7905387663635325,0.6685142919247908,0.9279298099018175,0.0017835506053681459,0.0071442986881937445
Where Is My Mind? - 2007 Remaster,Pixies,80s,7wCmS9TTVUcIhRalDYFgPy,1988,1988-03-21,rock,0.44177077925592156,0.5000543419193566,0.2302068101107165,0.020478397105869087,0.00045711402623612514
Should I Stay or Should I Go - Remastered,The Clash,80s,39shmbIHICJ2Wxnk1fPSdz,1982,1982-01-01,rock,0.83764248876025,0.7435061406368874,0.8255692500522247,0.08071957809566804,0.0
Another One Bites The Dust - Remastered 2011,Queen,80s,57JVGBtBLCfHw2muk5416J,1980,1980-06-27,rock,0.5289627760328243,0.9489185958048039,0.759766033006058,0.11545865913311877,0.3319878910191726
Uprising,Muse,00s,4VqPOruhp5EdPBeR92t6lQ,2009,2009-09-10,rock,0.9067947620660695,0.5902619280512987,0.3983705870064758,0.0001992075453364335,0.06458123107971746
For What It's Worth,Buffalo Springfield,60s,1qRA5BS78u3gME0loMl9AA,1966,1966-12-05,rock,0.5199429142972826,0.6456906857950223,0.8276582410695633,0.4076283869336437,0.02108980827447023
You Really Got Me - 2015 Remaster,Van Halen,70s,0upLyFR8Rr52ZpMp5esQoq,1978,1978-02-10,rock,0.9478852433057592,0.4294098467557874,0.6448715270524337,0.022386034503879385,0.0
Black Hole Sun,Soundgarden,90s,2EoOZnxNgtmZaD8uUmz2nD,1994,1994-03-09,rock,0.829624833884213,0.3163786544940767,0.1226237727177773,0.0002142678405838832,0.00016246215943491424
Black Magic Woman - Single Version,Santana,90s,4YMQXzscifAREG0a7KNGhB,1994,1994-07-01,rock,0.34956774818149566,0.46744919030540155,0.6187591393357009,0.678713701387739,0.07961654894046417
Fly Away,Lenny Kravitz,90s,1OxcIUqVmVYxT6427tbhDW,1998,1998-05-12,rock,0.8737219357024167,0.5739593522443213,0.7367871318153332,0.01806874986627713,0.0
Message In A Bottle,The Police,70s,1oYYd2gnWZYrt89EBXdFiO,1979,1979-10-02,rock,0.8095806966941205,0.5630909683730029,0.8767495299770212,0.03393226086025752,1.3420787083753784e-05
Heroes - 2017 Remaster,David Bowie,70s,7Jh1bpe76CNTCgdgAdBw4Z,1977,1977-01-01,rock,0.759470353718889,0.46744919030540155,0.42343847921453937,0.0006771209145221718,0.4944500504540868
Immigrant Song - Remaster,Led Zeppelin,70s,78lgmZwycJ3nzsdgmPPGNx,1970,1970-01-01,rock,0.9338543472726946,0.5489620693402891,0.615625652809693,0.01304865145046055,0.17053481331987894
Mr. Blue Sky,Electric Light Orchestra,70s,2RlgNHKcydI9sayD2Df2xp,1977,1977-01-01,rock,0.3385434727269448,0.3576785132050864,0.46835178608731975,0.6546172289918194,3.763874873864783e-06
Back In Black,AC/DC,80s,08mG3Y1vljYA6bvDt4Wqkj,1980,1980-07-25,rock,0.7013423558676204,0.2729051190088034,0.766033006058074,0.011040612084133919,0.009737638748738649
Barracuda,Heart,70s,4KfSdst7rW39C0sfhArdrz,1977,1977-05-14,rock,0.6923224941320788,0.5315726551461798,0.66576143722582,0.015056690816787182,0.10696266397578204
"Rocket Man (I Think It's Going To Be A Long, Long Time)",Elton John,70s,3gdewACMIVMEWVbyb8O9sY,1972,1972-05-19,rock,0.5329716034708428,0.589175089664167,0.3263003969082933,0.4347369183790532,6.004036326942482e-06
Heart-Shaped Box,Nirvana,90s,11LmqTE2naFULdEP94AUBa,1993,1993-09-21,rock,0.6422121511568474,0.21421584610368438,0.3680802172550658,0.1997963125188373,0.03319878910191725
Life in the Fast Lane - 2013 Remaster,Eagles,70s,6gXrEUzibufX9xYPk3HD5p,1976,1976-12-08,rock,0.7564637331403751,0.660906423214868,0.8913724670983915,0.09698469696291377,7.003027245206863e-05
Africa,TOTO,80s,2374M0fQpWi3dLnB54qaLX,1982,1982-04-08,rock,0.3736207128096068,0.6652537767633954,0.7336536452893253,0.25802945414230966,8.082744702320887e-05
(Don't Fear) The Reaper,Blue Öyster Cult,70s,5QTxFnGygVM4jFQiBovmRo,1976,1976-01-01,rock,0.9288433129751714,0.29790240191283557,0.3712137037810737,0.0029080526505110595,0.00020988900100908173
1979 - Remastered 2012,The Smashing Pumpkins,90s,5QLHGv0DfpeXLNFo7SFEy1,1995,1995-01-01,rock,0.7885343526445233,0.7695902619280514,0.9759766033006058,0.01636191640489949,0.5882946518668012
Comfortably Numb,Pink Floyd,70s,5HNCy40Ni5BZJFw1TKzRsC,1979,1979-11-30,rock,0.36660526479307437,0.44897293772416036,0.14769166492584085,0.15059934804383482,0.3148335015136226
Black Dog - Remaster,Led Zeppelin,70s,3qT4bUD1MaWpGrTwcvguhb,1971,1971-11-08,rock,0.8657042808263796,0.4109335941745462,0.7514100689367036,0.3975881901020106,0.03168516649848638
No One Knows,Queens of the Stone Age,00s,6y20BV5L33R8YXM0YuI38N,2002,2002-01-01,rock,0.5850863601650834,0.4891859580480382,0.6845623563818677,0.03694431990974747,0.00010050454086781028
Long Train Runnin',The Doobie Brothers,70s,4nXkbcTj3nyww1cHkw5RAP,1973,1973-01-01,rock,0.9138102100826019,0.5609172915987393,0.8495926467516189,0.09196459854709718,0.002129162462159435
Loser,Beck,90s,5PntSbMHC1ud6Vvl8x56qd,1994,1994-03-01,rock,0.6121459453717085,0.6467775241821542,0.7900564027574682,0.033831858891941194,0.00017961654894046417
American Pie,Don McLean,70s,1fDsrQ23eTAVFElUMaf38X,1971,1971-01-01,rock,0.48286126049561134,0.5109227257906749,0.48297472320869017,0.7028101737836585,0.0
Roxanne,The Police,70s,3EYOJ48Et32uATr9ZmLnAo,1978,1978-11-02,rock,0.7494482851238427,0.6076513422454082,0.6615834551911427,0.038550751402808774,4.1372351160444e-06
My Sharona,The Knack,70s,1HOMkjp0nHMaTnfAkslCQj,1979,1979-01-01,rock,0.7013423558676204,0.5728725138571894,0.9059954042197619,0.05913315490765675,0.0012613521695257316
Walk On the Wild Side,Lou Reed,70s,5p3JunprHCxClJjOmcLV8G,1972,1972-12-01,rock,0.31849933553685217,0.5609172915987393,0.3712137037810737,0.6857418391698822,0.00020383451059535822
The Boys Are Back In Town,Thin Lizzy,70s,43DeSV93pJPT4lCZaWZ6b1,1976,1976-01-01,rock,0.7073555970246482,0.4196283012716009,0.7712554836014206,0.23493700142955337,0.0002542885973763875
Highway to Hell,AC/DC,70s,2zYzyRzz6pRmhPzyfMEC8s,1979,1979-07-27,rock,0.9148124169421066,0.5598304532116074,0.41090453311050756,0.06124159624229971,0.0015943491422805247
Vienna,Billy Joel,70s,4U45aEWtQhrm8A5mxPaFZ7,1977,1977-01-01,rock,0.49588994966917155,0.5141832409520705,0.29078754961353664,0.6616453667739626,0.0
Alive,Pearl Jam,90s,1L94M3KIu7QluZe63g64rv,1991,1991-08-27,rock,0.8767285562809306,0.24464732094337568,0.5905577606016295,0.007546623586725578,0.0004651866801210898
The Best,Tina Turner,80s,6pPWRBubXOBAHnjl5ZIujB,1989,1989-09-13,rock,0.7384240096692918,0.6554722312792088,0.746187591393357,0.10843052135097556,0.019273461150353177
Give It Away,Red Hot Chili Peppers,90s,0uppYCG86ajpV2hSR3dJJ0,1991,1991-09-24,rock,0.937863174710713,0.6598195848277362,0.7796114476707751,0.0024462035962559345,0.08678102926337032
Good Riddance (Time of Your Life),Green Day,90s,6ORqU0bHbVCRjXm9AjyHyZ,1997,1997-10-14,rock,0.4327509175203799,0.4522334528855559,0.645916022561103,0.18373199758822426,0.0
The Boys Of Summer,Don Henley,80s,4gvea7UlDkAvsJBPZAd4oB,1984,1984-11-19,rock,0.5500091200824215,0.4967938267579611,0.9164403593064551,0.5030102568341587,0.005771947527749748
Break on Through (To the Other Side),The Doors,60s,6ToM0uwxtPKo9CMpbPGYvM,1967,1967-01-04,rock,0.7524549057023566,0.3935441799804369,0.7931898892834761,0.20080033220200064,0.0
Sabotage,Beastie Boys,90s,0Puj4YlTm6xNzDDADXHMI9,1994,1994-05-23,rock,0.9398675884297222,0.28812085642864904,0.5362439941508252,0.03212502543056355,0.032391523713420786
Pour Some Sugar On Me - Remastered 2017,Def Leppard,80s,0PdM2a6oIjqepoEfcJo0RO,1987,1987-08-03,rock,0.9549006913222916,0.22617106836213455,0.562356381867558,0.00211487710081204,0.0
Learn to Fly,Foo Fighters,90s,5OQsiBsky2k2kDKy2bX2eT,1999,1999-11-02,rock,0.9208256580991343,0.4413650690142376,0.5299770210988093,1.4769129539332378e-05,2.0887991927346114e-05
Hit Me With Your Best Shot,Pat Benatar,80s,0vOkmmJEtjuFZDzrQSFzEE,1980,1980-08-05,rock,0.581077532727065,0.7413324638626236,0.9550866931272195,0.11746669849944541,3.6427850655903135e-05
Bullet With Butterfly Wings - Remastered 2012,The Smashing Pumpkins,90s,6GtX0jaNL8IjVQfrDBx81z,1995,1995-01-01,rock,0.7213864930577131,0.37506792739919576,0.46521829956131183,5.2520269626273055e-05,0.8435923309788093
Interstate Love Song - 2019 Remaster,Stone Temple Pilots,90s,6qLEOZvf5gI7kWE63JE7p3,1994,1994-06-07,rock,0.9288433129751714,0.1696554722312792,0.48088573219135156,0.000270492942841029,0.006670030272452069
London Calling - Remastered,The Clash,70s,5jzma6gCzYtKB1DbEwFZKH,1979,1979-01-01,rock,0.802565248677588,0.6435170090207587,0.7796114476707751,0.1234908165984253,0.0
Wish You Were Here,Pink Floyd,70s,6mFkJmJqdDVQ1REhVfGgd1,1975,1975-09-12,rock,0.26237575140459296,0.4587544832083469,0.3607687486943806,0.7379508626943746,0.011503531786074673
Free Fallin',Tom Petty,80s,5tVA6TkbaAH9QMITTQRrNv,1989,1989-01-01,rock,0.4497884341319586,0.6130855341810673,0.5675788594109045,0.21284856839996041,0.0
No Rain,Blind Melon,90s,6txWz9UapYHVxEd7dDIHXT,1992,1992-01-01,rock,0.47684801933858356,0.35876535159221823,0.5602673908502193,0.62148457944743,5.136226034308779e-05
Panama - 2015 Remaster,Van Halen,80s,05RgAMGypEvqhNs5hPCbMS,1984,1984-01-04,rock,0.9799558628099074,0.5076622106292794,0.44015040735324834,0.001221299582796689,4.7931382441977805e-05
Would? (2022 Remaster),Alice In Chains,90s,5sFDReWLrZHLFZFjHsjUTS,1992,1992-09-29,rock,0.8436557299172778,0.2587762199760895,0.5811573010236056,0.0002835451987221521,9.182643794147326e-06
Born to Run,Bruce Springsteen,70s,6hTcuIQa0sxrrByu9wTD7s,1975,1975-08-25,rock,0.94588082958675,0.22943158352353005,0.6020472111969919,0.005026534181985656,2.0686175580221997e-05
Unforgettable,Nat King Cole,50s,648TTtYB0bH0P8Hfy0FmkL,1954,1954-01-01,jazz,0.18219920264422257,0.31529181610694484,0.15500313348652597,0.9236945040795881,0.015338042381432895
"Tchaikovsky: Swan Lake, Op. 20, Act 2: No. 10, Scene. Moderato","Pyotr Ilyich Tchaikovsky, André Previn, London Symphony Orchestra",70s,2xizRhme7pYeITbH1NLLGt,1976,1976-01-01,classical,0.16415947917313925,0.08379523964786437,0.043242114058909535,0.9146583269311181,0.9243188698284561
"Sonata No. 14 ""Moonlight"" in C-Sharp Minor"", Op. 27 No. 2: I. Adagio sostenuto","Ludwig van Beethoven, Paul Lewis",00s,3DNRdudZ2SstnDCVKFdXxG,2007,2007-09-25,classical,0.005079184363969462,0.13596348223019236,0.12680175475245456,0.9989959803168367,0.8950554994954592
Experience,"Ludovico Einaudi, Daniel Hope, I Virtuosi Italiani",10s,1BncfTJAWxrsxyT9culBrj,2013,2013-01-01,classical,0.4497884341319586,0.42180197804586456,0.006684771255483597,0.9377507796438744,0.9697275479313824
HIM ALL ALONG,Gunna,20s,2EKL77lwxvo615Ga7VjEUl,2024,2024-10-18,hip-hop,0.507916431983227,0.8837082925768939,0.49759766033006053,0.19578023378618406,0.0
Leave Me Alone,BigXthaPlug,20s,4CkbpelT92r4dVkceDX9g1,2024,2024-10-11,hip-hop,0.8035674555370927,0.843495272253016,0.3597242531857113,0.031221407715716566,7.39656912209889e-06
PLUTOSKI,Future,20s,2t4H61OtTYgmDe61KxkjKH,2024,2024-09-20,hip-hop,0.5339738103303474,0.7989348983806108,0.12575725924378525,0.1405591512122017,2.7850655903128153e-05
WHATCHU KNO ABOUT ME (feat. Sexyy Red),"GloRilla, Sexyy Red",20s,5xeSd4HgzrYpNLEf3LfYLK,2024,2024-10-11,hip-hop,0.6853070461155465,0.8402347570916204,0.6793398788385211,0.004504443946740731,0.0
Insecurities,Lil Baby,20s,6afQ4fJDJ9QqU5BKIH99Ej,2024,2024-11-15,hip-hop,0.643214358016352,0.6424301706336268,0.1633590975558805,0.005036574378817289,0.0
Gang Baby,NLE Choppa,20s,76Ku9OBFK1NjMylR8r4WLK,2024,2024-09-27,hip-hop,0.7003401490081158,0.9358765351592219,0.47461875913933566,0.0077072667360317095,0.0
Help Me,Real Boston Richey,20s,487JCvAXVblflZyDJn3fSp,2024,2024-05-31,hip-hop,0.7103622176031621,0.7500271709596783,0.5581783998328806,0.1556194464596514,0.0
No Face,Drake,20s,1560osUcXrnov6yuOjXvc1,2024,2024-08-31,hip-hop,0.6913202872725741,0.863058363221389,0.4610403175266346,0.0774063131412291,0.0
LIL DEMON,Future,20s,3aCPResPDNae3pXTocGpYe,2024,2024-09-20,hip-hop,0.7554615262808705,0.8739267470927073,0.28347608105285144,0.0012514201732915886,0.0
2 Slippery (feat. BossMan Dlow),"Luh Tyler, BossMan Dlow",20s,62oLxos6R04SVYL1lXidvu,2024,2024-08-22,hip-hop,0.4006802980162318,0.5967829583740898,0.06204303321495717,0.029112966381073604,0.00032996972754793135
Sorry Not Sorry,"Lil Yachty, Veeze",20s,4lwfqyQXSDJ7kELpMErMih,2024,2024-08-16,hip-hop,0.5099208457022363,0.6554722312792088,0.5425109672028411,0.24798925731067648,0.0
ALL RED,Playboi Carti,20s,2cZOYofOX4d6g0OXxkaIjA,2024,2024-09-13,hip-hop,0.6642607020659492,0.7619823932181286,0.1873824942552747,0.10943454103413888,0.0
I CAN’T LET GO,"Lil Tecca, Don Toliver",20s,1Ftb0PK0Qqwax3gofiMd2X,2024,2024-09-20,hip-hop,0.7624769742974029,0.641343332246495,0.2960100271568832,0.006964292170490855,0.0
Chill Bae,Lil Uzi Vert,20s,4ppKM7xnkSAwSyKqD4QTY4,2024,2024-11-01,hip-hop,0.6642607020659492,0.6663406151505272,0.3670357217463965,0.11244660008362882,0.0
2AM,BigXthaPlug,20s,26TX1oZbaDeKxfTYDclSAo,2024,2024-10-11,hip-hop,0.6823004255370326,0.8967503532224759,0.3074994777522457,0.04407285966020701,0.0
It's Up (feat. Young Thug & 21 Savage),"Drake, Young Thug, 21 Savage",20s,1qIwin7JMVuX70qN6wD8ww,2024,2024-08-30,hip-hop,0.7243931136362269,0.7869796761221607,0.27616461249216623,0.026502515204848982,0.0
The Viper,BabyChiefDoit,20s,2JapCT0xikq6Fy1PQiJz1C,2024,2024-09-20,hip-hop,0.8326314544627269,0.6446038474078905,0.645916022561103,0.01114101405245025,0.0
Brokey,Latto,20s,1JF8LkQWZ8grXb2emqrNKn,2024,2024-08-09,hip-hop,0.5259561554543104,0.7793718074122379,0.45686233549195737,0.03674351597311481,0.0
25,Rod Wave,20s,0U60hgxzGit7juEuHul2y3,2024,2024-10-11,hip-hop,0.5009009839666947,0.4000652103032279,0.2500522247754335,0.2871460249540458,0.0
Or What,"NLE Choppa, 41, Kyle Richh",20s,3lUYO6zvXI88sNDpyKvIJ2,2024,2024-09-06,hip-hop,0.5870907738840927,0.7304640799913052,0.1226237727177773,0.1164626788162821,0.0
Type Shit,"Future, Metro Boomin, Travis Scott, Playboi Carti",20s,28drn6tQo95MRvO0jQEo5C,2024,2024-03-22,hip-hop,0.5530157406609354,0.6315617867623085,0.08606642991435137,0.021582818757348732,0.0
Thought I Was Dead (feat. ScHoolboy Q & Santigold),"Tyler, The Creator, ScHoolboy Q, Santigold",20s,2aYHxnMF2umAavtgBvmkY1,2024,2024-10-28,hip-hop,0.8606932465288565,0.7728507770894468,0.6375600584917486,0.36345152087445776,0.0
FIELD TRIP,"¥$, Playboi Carti, Don Toliver, Kodak Black",20s,3lCb7ZYE3Fvie4JOPqpXfY,2024,2024-08-03,hip-hop,0.6863092529750511,0.7304640799913052,0.44746187591393355,0.0542134584601565,0.0
TEFLON DON,Future,20s,2jnezASa7o0lP6aif6VrIf,2024,2024-09-20,hip-hop,0.5790731190080557,0.9315291816106945,0.16962607060789636,0.003500424263577416,0.004056508577194753
Circadian Rhythm,Drake,20s,1eroCliWpJrEu1V7VSObcO,2024,2024-08-30,hip-hop,0.5750642915700371,0.6902510596674274,0.2678086484228117,0.1937721944198574,0.0
The Largest,BigXthaPlug,20s,1F5Qp0SJS0QUfqIoQggrLz,2024,2024-08-09,hip-hop,0.8687109014048936,0.9163134441908489,0.8036348443701693,0.06806893008781026,0.0
Light Year (Practice),Lil Uzi Vert,20s,3NE6g9h77FZbQqCLzUpGRt,2024,2024-11-01,hip-hop,0.6933247009915834,0.628301271600913,0.41508251514518485,0.015357896721736177,0.0
Blow for Blow (feat. J. Cole),"Tee Grizzley, J. Cole",20s,3rXlcLZk3MCaRPND5g9QiW,2024,2024-09-27,hip-hop,0.47885243305759284,0.6696011303119227,0.3764361813244203,0.07339023440857584,7.870837537840565e-06
Rah Tah Tah,"Tyler, The Creator",20s,5RePVWy39tLpHH0WwXgBsK,2024,2024-10-28,hip-hop,0.8797351768594445,0.654385392892077,0.505953624399415,0.0028980124536794266,0.0
Both Ways,Juice WRLD,20s,2FRc9wqgIjg2E3bH13ww6U,2024,2024-10-14,hip-hop,0.3966714705782133,0.7250298880556462,0.40045957802381443,0.27007769034026946,0.0
NISSAN ALTIMA,Doechii,20s,2dKkVF2m160z0RNDN2dddc,2024,2024-08-30,hip-hop,0.7123666313221714,0.9945658080643408,0.3116774597869229,0.09919354026587306,3.955600403632694e-05
Tailor Swif,A$AP Rocky,20s,5xMjhZKSo8yh5r9b5vrYRr,2024,2024-08-30,hip-hop,0.5279605691733197,0.8315400499945658,0.19051598078128265,0.1495953283606715,0.0
GEEK TIMË,Yeat,20s,32ioWMgkyA6mFcXJMggBoz,2024,2024-10-18,hip-hop,0.7534571125618612,0.6293881099880448,0.221850846041362,0.0066229254782153284,0.7406659939455096
Many Men (Wish Death),50 Cent,00s,2I9foKseoFQh07p6sD2voE,2003,2003-02-06,hip-hop,0.8276204201652038,0.6467775241821542,0.4046375600584917,0.015357896721736177,0.0014732593340060544
BAND4BAND (feat. Lil Baby),"Central Cee, Lil Baby",20s,7iabz12vAuVQYyekFIWJxD,2024,2024-05-23,hip-hop,0.7654835948759168,0.8945766764482121,0.8945059536243994,0.36043946182496783,0.0
"Bent (with Kyle Richh, Jenn Carter & TaTa)","41, Kyle Richh, Jenn Carter, TaTa",20s,1haa8GXT0cl9wzRnpZG0YH,2023,2023-11-17,hip-hop,0.6331922894213057,0.8576241712857298,0.23334029663672445,0.39959622946833717,0.0
Dior,Pop Smoke,10s,79s5XnCN4TJKTVMSmOx8Ep,2019,2019-07-26,hip-hop,0.8065740761156066,0.5315726551461798,0.6469605180697724,0.21284856839996041,0.000408678102926337
SAY MY GRACE (feat. Travis Scott),"Offset, Travis Scott",20s,2Gk6fi0dqt91NKvlzGsmm7,2023,2023-10-13,hip-hop,0.6321900825618011,0.7750244538637105,0.4213494881972007,0.06505687103832031,0.0
6locc 6a6y,Lil Loaded,10s,3WCXvxgQ7U3mznWsQjiEMu,2019,2019-12-06,hip-hop,0.7033467695866297,0.882621454189762,0.6741174012951745,0.29718622178567894,0.0
All My Life (feat. J. Cole),"Lil Durk, J. Cole",20s,6HgWWaMu31KdOpEG5l28BG,2023,2023-05-12,hip-hop,0.5710554641320187,0.791327029670688,0.7346981407979946,0.04507687934337033,0.0
Superhero (Heroes & Villains) [with Future & Chris Brown],"Metro Boomin, Future, Chris Brown",20s,0vjeOZ3Ft5jvAi9SBFJm1j,2022,2022-12-02,hip-hop,0.5840841533055788,0.706553635474405,0.5257990390641321,0.13855111184587504,2.9969727547931383e-06
Took Her To The O,King Von,20s,7fEoXCZTZFosUFvFQg1BmW,2020,2020-03-06,hip-hop,0.5931040150411205,0.8271926964460384,0.38688113641111344,0.01495628884847085,4.752774974772956e-06
Loading,Central Cee,20s,4vzJrkfHbCGaodPA5RY5BV,2020,2021-03-12,hip-hop,0.6812982186775279,0.8597978480599935,0.6939628159598913,0.7349388036448846,0.0
née-nah,"21 Savage, Travis Scott, Metro Boomin",20s,2yUzr8Sr6ldG8vmHhZwTnz,2024,2024-01-12,hip-hop,0.759470353718889,0.6761221606347138,0.31481094631293083,0.0046650870960468615,0.0
Love Sosa,Chief Keef,10s,01Lr5YepbgjXAWR9iOEyH1,2012,2012-01-01,hip-hop,0.41370898718979193,0.7750244538637105,0.18947148527261332,0.03624150613153315,0.0
Drankin N Smokin,"Future, Lil Uzi Vert",20s,0k7wmahjkn389wAZdz19Cv,2020,2020-11-13,hip-hop,0.6592496677684261,0.7532876861210738,0.3733026947984123,0.04226562423051304,0.0
Invincible,Pop Smoke,20s,792HwhrdO3ErRKL5yRe4Ge,2020,2020-02-07,hip-hop,0.7334129753717686,0.5315726551461798,0.6083141842490077,0.12549885596475194,0.0
GATTI,"JACKBOYS, Pop Smoke, Travis Scott",10s,40mjsnRjCpycdUw3xhS20g,2019,2019-12-27,hip-hop,0.6772893912395095,0.5815672209542441,0.4620848130353039,0.1355390527963851,0.0
The Woo (feat. 50 Cent & Roddy Ricch),"Pop Smoke, 50 Cent, Roddy Ricch",20s,1H7KnK26kc1YyellpbINEn,2020,2020-07-03,hip-hop,0.6191613933882408,0.4685360286925334,0.2678086484228117,0.022185230567246726,3.8042381432896064e-06
Neva Cared,Polo G,10s,3UnYMo1aeD0o8VtHy3R8cs,2018,2018-03-11,hip-hop,0.3505699550410003,0.8293663732203022,0.3304783789429705,0.02138201482071607,0.0
Mr. Glock,Key Glock,20s,1ipSpQfzBbhPFhYm6tfVIz,2020,2020-01-31,hip-hop,0.9478852433057592,0.8098032822519292,0.7472320869020264,0.0020044349356640755,0.0
Runnin,"21 Savage, Metro Boomin",20s,5SWnsxjhdcEDc7LJjq9UHk,2020,2020-10-02,hip-hop,0.627179048264278,0.8261058580589066,0.40254856904115305,0.007506462799399045,0.10191725529767912
Armed & Dangerous,King Von,20s,2297mxrYLBAC4XkhXs39If,2020,2020-10-30,hip-hop,0.5931040150411205,0.6924247364416911,0.2114058909546689,0.15260738741016144,0.0
Coffin,Lil Yachty,20s,5vDNippoMr52KpXBO9b9KQ,2020,2020-11-27,hip-hop,0.5480047063634123,0.9358765351592219,0.6020472111969919,0.024193269933573354,1.4631685166498487e-06
Ready (feat. Gunna),"Lil Baby, Gunna",10s,4F6yN5FsFW10Ucx7cLCzBh,2018,2018-11-30,hip-hop,0.39566926371870864,0.7978480599934791,0.10277835805306038,0.27810984780557596,1.4127144298688194e-05
Russian Cream,Key Glock,10s,03ThZweiBWFP8tOGsk6QMO,2018,2018-02-02,hip-hop,0.7755056634709631,0.8782741006412347,0.5425109672028411,0.1104385607173022,0.0
Wants and Needs (feat. Lil Baby),"Drake, Lil Baby",20s,65OVbaJR5O1RmwOQx0875b,2021,2021-03-05,hip-hop,0.4497884341319586,0.5641778067601347,0.07353248381031961,0.06204481198883037,2.18970736629667e-06
Jimmy Cooks (feat. 21 Savage),"Drake, 21 Savage",20s,3F5CgOj3wFlRv51JsHbxhe,2022,2022-06-17,hip-hop,0.6742827706609955,0.5109227257906749,0.35136828911635676,0.0003046296120685817,2.4318869828456103e-06
"Crazy Story, Pt. 3",King Von,10s,23TwR29GSeJBfXnXhmDlwR,2019,2019-09-20,hip-hop,0.7314085616527594,0.7282904032170416,0.3973260914978065,0.001653028046556915,4.3693239152371344e-05
Pure Cocaine,Lil Baby,10s,577YBGuskWkVDCxZrLRB4v,2018,2018-11-30,hip-hop,0.4878722947931345,0.9836974241930225,0.08188844787967411,0.001271500566954855,6.125126135216953e-06
Ambition For Cash,Key Glock,20s,4mIHgQ3ofK2RK34UdbqMbe,2021,2021-11-05,hip-hop,0.7334129753717686,0.850016302575807,0.5707123459369124,0.011542621925715577,2.199798183652876e-05
family ties (with Kendrick Lamar),"Baby Keem, Kendrick Lamar",20s,3QFInJAm9eyaho5vBzxInN,2021,2021-09-10,hip-hop,0.6121459453717085,0.7087273122486686,0.11949028619176937,0.005900031306337741,0.0
Glock In My Lap,"21 Savage, Metro Boomin",20s,6pcywuOeGGWeOQzdUyti6k,2020,2020-10-02,hip-hop,0.7344151822312732,0.856537332898598,0.1800710256945895,0.005759468550694877,1.0494450050454088e-05
3 Headed Goat (feat. Lil Baby & Polo G),"Lil Durk, Lil Baby, Polo G",20s,6Tguhaf2uAe6OjRLsR2Tql,2020,2020-05-08,hip-hop,0.4808568467766021,0.8554504945114662,0.40672655107583033,0.27007769034026946,0.0
Run It Up (feat. Offset & Moneybagg Yo),"Lil Tjay, Offset, Moneybagg Yo",20s,1dg3qy5DjoJodawfOCgrTP,2021,2021-04-02,hip-hop,0.5760664984295418,0.8924029996739485,0.6699394192604973,0.4166645640821135,0.0
EVERY CHANCE I GET (feat. Lil Baby & Lil Durk),"DJ Khaled, Lil Baby, Lil Durk",20s,1EJIcDYXwSqipW5dFe4uJz,2021,2021-04-30,hip-hop,0.7284019410742455,0.45440712965981955,0.20618341341132235,0.0008658766149568753,0.0
Sticky,Drake,20s,4rmVZajAF7PkrCagGPHbqa,2022,2022-06-17,hip-hop,0.49588994966917155,0.863058363221389,0.04992688531439314,0.09206500051541351,0.00021897073662966699
Mask Off,Future,10s,0VgkVdmE4gld66l8iyGjgx,2017,2017-06-30,hip-hop,0.43475533123938914,0.8413215954787523,0.26258617087946523,0.010237396337603268,0.022098890010090817
On Me,Lil Baby,20s,4Iedi94TIaB2GGb1nMB68v,2020,2020-12-04,hip-hop,0.5650422229749908,0.8663188783827845,0.47357426363066635,0.0032795399332814865,0.0
N95,Kendrick Lamar,20s,0fX4oNGBWO3dSGUZcVdVV2,2022,2022-05-13,hip-hop,0.6712761500824816,0.7945875448320835,0.3952371004804679,0.37851181612190754,2.3410696266397577e-06
Rich Nigga Shit (feat. Young Thug),"21 Savage, Metro Boomin, Young Thug",20s,3ruoIF2UnoXdzK8mR61ebq,2020,2020-10-02,hip-hop,0.7344151822312732,0.8326268883816976,0.6166701483183622,0.3503992649933347,0.0
Surround Sound (feat. 21 Savage & Baby Tate),"JID, 21 Savage, Baby Tate",20s,1udwFobQ1JoOdWPQrp2b6u,2022,2022-10-31,hip-hop,0.5680488435535047,0.5598304532116074,0.5184875705034468,0.16465562360812125,0.0
Imagina esse Cenário,"Matuê, Veigh",20s,2fjqfFUq64thFsqfKN01kS,2024,2024-09-09,hip-hop,0.6662651157849585,0.5696119986957939,0.45268435345728014,0.31525857608261865,0.0
Yes Indeed,"Lil Baby, Drake",10s,6vN77lE9LK6HP2DewaN6HZ,2018,2018-05-18,hip-hop,0.3465611276029818,0.9826105858058907,0.5560894088155421,0.03563909432163516,0.0
Wake Up & Bake Up,"Duki, Wiz Khalifa, Arcángel",20s,7MBHncxZXB7fzf5cAx8C05,2024,2024-10-31,hip-hop,0.5780709121485511,0.8021954135420064,0.14664716941717154,0.01746633805637914,0.0
M4,"Teto, Matuê",20s,07AQkmp456NpEnT8HR7WLy,2021,2021-01-20,hip-hop,0.5910996013221113,0.8924029996739485,0.7242531857113015,0.08031797022240272,0.0
Diablita (feat. Anuel AA & Baby Rasta),"Trap Capos, Noriel, Anuel AA, Baby Rasta",10s,62NeZ2Vtrz5HgtQibleMNs,2016,2016-10-07,hip-hop,0.6321900825618011,0.8130637974133247,0.10068936703572175,0.408632406616807,0.0
Tessera sanitaria (feat. Nerissima Serpe & Papa V),"Night Skinny, Nerissima Serpe, Papa V",20s,5JgTIfS7FfSE9tuebzX8HC,2024,2024-10-10,hip-hop,0.8236115927271852,0.4935333115965656,0.7712554836014206,0.1405591512122017,0.0
Bad and Boujee (feat. Lil Uzi Vert),"Migos, Lil Uzi Vert",10s,0M9ydKzuF3oZTfYYPfaGX1,2017,2017-01-27,hip-hop,0.6672673226444631,0.9423975654820129,0.1445581783998329,0.06134199821061605,0.0
That Go! (feat. T-Shyne),"Young Stoner Life, Young Thug, Meek Mill, T-Shyne",20s,6rUmUJ2drFemHTH73bFAKQ,2021,2021-04-16,hip-hop,0.5760664984295418,0.7109009890229323,0.16649258408188844,0.006713287249700026,0.0
Me Acostumbre (feat. Bad Bunny),"Arcángel, Bad Bunny",10s,2FIm6YsSGL5acOqSuJDh5s,2017,2017-04-11,hip-hop,0.5870907738840927,0.8141506358004565,0.562356381867558,0.6435730124770229,0.0
Like That,"Future, Metro Boomin, Kendrick Lamar",20s,2tudvzsrR56uom6smgOcSf,2024,2024-03-22,hip-hop,0.6772893912395095,0.8206716661232475,0.2949655316482139,0.007114895122965353,1.291624621594349e-05
Castlevania,Matuê,20s,3Kh5a6vXMiJtC35jMEfmyy,2024,2024-09-09,hip-hop,0.929845519834676,0.6054776654711445,0.2093168999373303,0.01686392624648115,0.0
We Paid (feat. 42 Dugg),"Lil Baby, 42 Dugg",20s,6gxKUmycQX7uyMwJcweFjp,2020,2020-05-01,hip-hop,0.5429936720658891,0.9423975654820129,0.5581783998328806,0.1355390527963851,0.0
Brindis,"Duki, Headie One",20s,1Bb422wJR14f7sA77gGs0V,2024,2024-10-31,hip-hop,0.6382033237188288,0.8608846864471253,0.612492166283685,0.22590082428108352,0.0
Pa Ti,"Bad Bunny, Bryant Myers",10s,2QrGCbW0ylj94JfkgLZFlA,2017,2017-01-02,hip-hop,0.7193820793387038,0.7619823932181286,0.5508669312721957,0.34939524531017135,0.0
Amigos y Enemigos (feat. Bad Bunny & Almighty) - Remix,"Trap Capos, Noriel, Bad Bunny, Almighty",10s,2sA4woGW5KgEgGXXxOKPAZ,2017,2017-02-06,hip-hop,0.7494482851238427,0.7532876861210738,0.4881972007520367,0.2901580840035357,0.0
Tu Me Enamoraste - Remix,"Lary Over, Anuel, Bryant Myers, Almighty, Brytiago",10s,7b6QP0Pz2sqyW7yyXodpm6,2016,2016-04-02,hip-hop,0.5369804309088614,0.6848168677317683,0.3336118654689784,0.2510013163601664,0.0
Nena Maldición (feat. Lenny Tavárez),"Paulo Londra, Lenny Tavárez",10s,77dMSg2VHi2wwXjXNrmcrZ,2019,2019-05-23,hip-hop,0.5319693966113381,0.5511357461145527,0.35241278462502607,0.1927681747366941,0.0
PUFFIN ON ZOOTIEZ,Future,20s,1qMMYpVatbRITKCfq1gasi,2022,2022-04-29,hip-hop,0.6582474609089215,0.895663514835344,0.2657196574054731,0.060538782464085394,0.0
1993,Matuê,20s,6QsHhB0W9GtLF3cI7mUVkQ,2024,2024-09-09,hip-hop,0.8817395905784537,0.7543745245082056,0.5769793189889283,0.45682535140864616,0.0
Going Bad (feat. Drake),"Meek Mill, Drake",10s,2IRZnDFmlqMuOrYOLnZZyc,2018,2018-11-30,hip-hop,0.4968921565286762,0.9021845451581351,0.5372884896594945,0.26003749350863625,0.0
Un Día Más,"Duki, YSY A",20s,2m3v40xGeLVqnQvAwx5rdi,2024,2024-10-31,hip-hop,0.7093600107436575,0.7098141506358004,0.6312930854397326,0.4056203475673171,0.0
De las 2 (feat. Bad Bunny & Arcángel),"Trap Capos, Noriel, Bad Bunny, Arcángel",10s,4DS7HoqrKq1dDjeYOKBlu9,2018,2018-04-13,hip-hop,0.697333528429602,0.7445929790240191,0.39314810946312934,0.7128503706152917,0.0
Un Ratito Mas,"Bryant Myers, Bad Bunny",10s,2SzgK8i6si6ETtu57nTdSn,2017,2017-06-05,hip-hop,0.6301856688427918,0.5044016954678839,0.1873824942552747,0.15662346614281472,0.0
CANZONE D'ODIO (feat. Lil Baby),"Lazza, Lil Baby",20s,4CNfC20TImtjdwN3dG0uCF,2024,2024-09-19,hip-hop,0.7364195959502825,0.693511574828823,0.39001462293712136,0.17268778107342778,0.0
Deus Perdoa,"Filipe Ret, Dallass, Hunter",20s,4tuFNhM69UakXdPg4RrNvp,2023,2023-03-21,hip-hop,0.6722783569419862,0.5956961199869579,0.29914351368289116,0.40461632788415375,1.3218970736629666e-06
Solo,Future,10s,4lH6nENd1y81jp7Yt9lTBX,2017,2017-07-27,hip-hop,0.4868700879336299,0.7880665145092925,0.06246083141842489,0.05401265452352384,0.5015136226034309
Cómo Le Digo,"KHEA, Omar Varela, Asan",10s,0K0soSt52EhMS9FohRObdK,2018,2018-04-10,hip-hop,0.38564719512366236,0.6859037061189001,0.16753707959055775,0.1817239582218976,0.0
Maturidade,"KayBlack, Wall Hein, AMUSIK",20s,5RHOhXxMVhpEaBcG6hIydA,2022,2022-09-08,hip-hop,0.41170457347078265,0.7206825345071188,0.4944641738040526,0.5110424142994652,0.0
Problemas de um Milionário,"WIU, Teto",20s,0VybBobSYSzliyEJ1VqwGR,2024,2024-04-10,hip-hop,0.4848656742146206,0.9467449190305403,0.749321077919365,0.3564233830923146,6.902119071644803e-05
BOOKER T,Bad Bunny,20s,26w9NTiE9NGjW1ZvIOd1So,2020,2020-11-27,hip-hop,0.6011216699171575,0.895663514835344,0.6908293294338834,0.11445463944995546,8.012108980827447e-06
SICKO MODE,Travis Scott,10s,2xLMifQCjDGFmkHkpNLD9h,2018,2018-08-03,hip-hop,0.7314085616527594,0.8424084338658842,0.4349279298099018,0.005147016543965254,0.0
Too Many Nights (feat. Don Toliver & with Future),"Metro Boomin, Future, Don Toliver",20s,2Hh3ETdQKrmSI3QS0hme7g,2022,2022-12-02,hip-hop,0.6692717363634724,0.5587436148244755,0.12053478170043867,0.18975611568720416,4.0464177598385465e-05
Me Ama Me Odia,"Revol, Ozuna, Cosculluela, Arcángel, Brytiago",10s,6TZXBJLTIOX6DM6hwCsKw2,2016,2016-09-01,hip-hop,0.6041282904956714,0.7348114335398327,0.41717150616252346,0.22690484396424684,3.592330978809283e-05
Hm Hm hm,Youka,20s,1FEh2VLXCzHr4DhMLufrs5,2024,2024-07-05,afrobeats,0.6382033237188288,0.5522225845016846,0.8903279715897222,0.501002217467832,0.03491422805247225
Kese (Dance),Wizkid,20s,27durTCg4qj3qAbKsSVNX4,2024,2024-11-15,afrobeats,0.875726349421426,0.7771981306379742,0.9373302694798413,0.1425671905785283,0.343087790110999
Awuke,"Davido, YG Marley",20s,6e0YUaVAfDxUabmybOjguy,2024,2024-10-31,afrobeats,0.7935453869420465,0.7500271709596783,0.9122623772717777,0.30923445798363874,1.644803229061554e-05
Favourite Girl (with Rema),"Darkoo, Rema",20s,2irQkcW7o3v0tZoGZrtUsO,2024,2024-08-08,afrobeats,0.813589524132139,0.4304966851429192,0.8287027365782327,0.37349171770609096,0.0
Piece of My Heart (feat. Brent Faiyaz),"Wizkid, Brent Faiyaz",20s,2nYeyMeqYDiFSYYtl2BWD6,2024,2024-10-18,afrobeats,0.6492275991733798,0.7369851103140963,0.7482765824106956,0.253009355726493,6.98284561049445e-06
PUSH 2 START,Tyla,20s,1Cbl3Yq8rHo7hhDQmLQagU,2024,2024-10-11,afrobeats,0.8155939378511482,0.6782958374089774,0.7608105285147274,0.27810984780557596,0.008335015136226035
Fi Kan We Kan,"Bnxn, Rema",20s,771KDfpsOtJPQmocQpMdkR,2024,2024-10-15,afrobeats,0.6843048392560418,0.48049125095098355,0.6198036348443702,0.10943454103413888,9.334006054490413e-05
MMS,"Asake, Wizkid",20s,13VXuHw3O8Yt7VwRIDqSo4,2024,2024-08-08,afrobeats,0.635196703140315,0.4815780893381154,0.642782536035095,0.6797177210709023,0.034409687184661954
Después De La 1,"Cris Mj, FloyyMenor, LOUKI",20s,6PhRhocBXP4y7NpciGmzra,2024,2024-09-12,latin,0.5820797395865696,0.8108901206390611,0.5205765615207855,0.030418191969185913,0.02038345105953582
Imagínate,"Danny Ocean, Kapo",20s,4zbEItKoaRId1vRZkoO0Uh,2024,2024-11-07,latin,0.7384240096692918,0.7826323225736334,0.4338834343012325,0.1345350331132218,0.0
Kamikaze (feat. Victor Mendivil),"Natanael Cano, Uriel Gaxiola, Ganggy, Victor Mendivil",20s,6fKvGaO8Dfntvx4thaXtak,2024,2024-11-14,latin,0.6632584952064446,0.8739267470927073,0.28974305410486734,0.08463525486000498,8.526740665993946e-06
NEL,Fuerza Regida,20s,5AH31dDNgxCMGDdxubNNn4,2024,2024-07-25,latin,0.48286126049561134,0.6859037061189001,0.3409233340296636,0.5250986898637516,0.0004036326942482341
DEPORTIVO,"Blessd, Anuel AA",20s,0fKK51bU6lcCCwdNnv64t3,2024,2024-11-14,latin,0.7634791811569075,0.8228453428975111,0.7858784207227909,0.5361429063785481,0.00040766902119071643
SEXO ES LA MODA,"Maria Becerra, Yandel",20s,4U80gkwi6Qk0fBRcDuzn3E,2024,2024-10-31,latin,0.7193820793387038,0.8576241712857298,0.5581783998328806,0.18373199758822426,1.9172552976791123e-05
Khé?,"Rauw Alejandro, Romeo Santos",20s,1YYfyJ2yCvGFCxwjsIqEK9,2024,2024-11-15,latin,0.6281812551237825,0.6826431909575047,0.45999582201796524,0.32730681228057845,0.0
Ferxxoko,"Joyce Santana, Feid",20s,12VjaTNEaCfDlvW1XPZTQ9,2024,2024-10-31,latin,0.483863467355116,0.7543745245082056,0.8318362231042407,0.01897236758112411,0.0
Nueva Era,"Duki, Myke Towers",20s,03IpZ9yqJlo3EIgDQUgBSF,2024,2024-10-31,latin,0.7253953204957315,0.5402673622432345,0.6803843743471903,0.2680696509739428,0.0
PELIGROSA,FloyyMenor,20s,5PCGEfALcpGtURIuTqvX0R,2024,2024-07-12,latin,0.4427729861154262,0.7793718074122379,0.8443701692082723,0.3202786744984352,1.3218970736629666e-05
Morena Canela,Chino Pacas,20s,0NsGFMIo2aNbAkJu48ndaf,2024,2024-10-18,latin,0.6151525659502224,0.6511248777306815,0.45477334447461876,0.1054184623014856,2.199798183652876e-05
DURO,Quevedo,20s,1kyLInQ2qgYbK4wZxllfV2,2024,2024-10-31,latin,0.7203842861982084,0.7043799587001413,0.7012742845205765,0.2238927849147569,2.0181634712411703e-06
PIÉNSALO,Junior H,20s,4ZOkfHC38nxSeSqzGE5HFr,2023,2023-10-05,latin,0.5369804309088614,0.7141615041843278,0.34405682055567155,0.45381329235915624,0.0
EN MI MUNDO,"Jasiel Nuñez, Peso Pluma",20s,0lQogzZgV4XwuUTasz3nPL,2024,2024-11-07,latin,0.5951084287601298,0.6902510596674274,0.6709839147691665,0.3975881901020106,0.0
Soltera,Shakira,20s,3OJDtCdYs8QJnui708tEU3,2024,2024-09-25,latin,0.7534571125618612,0.850016302575807,0.6688949237518279,0.1676676826576112,0.00046417759838546924
DEGENERE 👑 (feat. benny blanco),"Myke Towers, benny blanco",20s,4xISUrw0t2elabEhKrtAJ0,2024,2024-10-16,latin,0.7103622176031621,0.7445929790240191,0.7127637351159389,0.05029778169581957,0.0
SE ME OLVIDA,"Maisak, Feid",20s,2gmd7lY3QSzLh0xIY4cRvi,2024,2024-08-23,latin,0.7083578038841528,0.7902401912835562,0.6908293294338834,0.04005678092755375,0.0
Hecha Pa' Mí,Grupo Frontera,20s,1uGUbgZuO1kD1JZ0UeFupN,2024,2024-10-03,latin,0.8336336613222315,0.7424193022497555,0.7169417171506163,0.08604088241643361,0.0
SE TE NOTA (feat. Peso Pluma),"Myke Towers, Peso Pluma",20s,1iIrqtbY2aogEHhQkmrV7w,2024,2024-08-22,latin,0.6171569796692317,0.7761112922508423,0.2302068101107165,0.0567235076680648,4.2785065590312815e-05
EL LOKERON,Tito Double P,20s,6X6m4xmdFcz31p1h7Qg68c,2024,2024-08-22,latin,0.6903180804130695,0.7228562112813824,0.9467307290578652,0.5752996740219174,6.831483350151363e-06
Ese Vato No Te Queda,"Carin Leon, Gabito Ballesteros",20s,4Ndjd6DhKIC5IPoBIrMQuX,2024,2024-10-24,latin,0.7414306302478056,0.7489403325725464,0.6145811573010236,0.029313770317706267,0.0001099899091826438
Cholo 7,"Fuerza Regida, Luis R Conriquez",20s,06ONHS2cu9I7fvzTz3NQvq,2024,2024-10-31,latin,0.8576866259503426,0.6869905445060319,0.7138082306246083,0.20080033220200064,5.136226034308779e-05
KINTSUGI,HUMBE,20s,1qbql17v0Hazo94o5RUyWQ,2024,2024-09-26,latin,0.46482153702452805,0.3413759373981089,0.28347608105285144,0.8634533230897891,0.013622603430877902
UWAIE,Kapo,20s,5QjmUqgpPQgXgg4606DqZF,2024,2024-08-15,latin,0.7845255252065048,0.7022062819258776,0.4432838938792563,0.13855111184587504,0.0
IA,"Clarent, Mora",20s,7lcbpfihslisNObKdHjyLo,2024,2024-10-17,latin,0.6321900825618011,0.7032931203130094,0.2709421349488197,0.6586333077244726,0.0
Siento que merezco más,LATIN MAFIA,20s,4Z6pPinNzkGtbgAlE88263,2024,2024-10-24,latin,0.4457796066939401,0.5337463319204434,0.5038646333820764,0.26304955255812623,0.003208879919273461
AY MAMÁ,"Tito Double P, Grupo Frontera",20s,2lAUq68F2bt7Kc218n9FPp,2024,2024-08-22,latin,0.7654835948759168,0.6598195848277362,0.7305201587633173,0.36746759960711106,0.0
En Otra Vida,"Yami Safdie, Lasso",20s,0EhmTBq33eARyOz3SIi4P2,2024,2024-10-10,latin,0.16215506545413,0.43484403869144655,0.47357426363066635,0.9327306812280579,0.0
No Son Doritos,"Clave Especial, Luis R Conriquez",20s,2ss1LK5Kfnjo5EUaCbsgZM,2024,2024-08-23,latin,0.8356380750412408,0.7869796761221607,0.9300188009191561,0.5411630047943646,0.00021392532795156408
Frente al Mar,Beéle,20s,60u6hcpH5Qm1M3xESdNBrB,2024,2024-09-26,latin,0.6833026323965372,0.7511140093468102,0.6145811573010236,0.16867170234077453,1.2916246215943492e-06
Soltera - W Sound 01,"W Sound, Blessd, Ovy On The Drums",20s,13BDiikG6y5o5cQTK0HpW6,2024,2024-08-06,latin,0.5790731190080557,0.7337245951527008,0.8882389805723836,0.1556194464596514,0.0002441977800201816
DOS DÍAS,"Tito Double P, Peso Pluma",20s,5lKFO0PrOC9jmOlPEdjHsL,2024,2024-08-22,latin,0.5139296731402548,0.745679817411151,0.9394192604971799,0.7861438074862137,0.0
NO PIERDO LA VIDA,"Calle 24, Chuyin",20s,44zZM2dn9AcOUt5XKUMNJ3,2024,2024-09-06,latin,0.8256160064461945,0.7478534941854147,0.7973678713181533,0.18473601727138755,0.0
Como Pacman,"Alemán, Gera MX",20s,2TV1EuYnG5XqEyQSd1EB9X,2024,2024-10-31,latin,0.7885343526445233,0.8152374741875884,0.9091288907457699,0.12650287564791524,0.001109989909182644
Rey Sin Reina,Julión Álvarez y su Norteño Banda,20s,0BiDnJFB3TlRB6aji7jUz3,2024,2024-09-05,latin,0.3565831961980281,0.5109227257906749,0.6574054731564655,0.29116210368669904,0.0
JACKPOT,"Belinda, Kenia OS",20s,23W44WWCP8SibyP292TWo5,2024,2024-10-24,latin,0.8075762829751112,0.765242908379524,0.5895132650929601,0.0012012191891334228,1.3319878910191726e-05
noviogangsta <3,Emilia,20s,7yrTny7FLWLbfIzsxoicWj,2024,2024-10-12,latin,0.8737219357024167,0.8228453428975111,0.9509087110925423,0.2510013163601664,3.7336024217961656e-06
Bandoleros,"Don Omar, Tego Calderón",00s,4BxzNZpcm1j3JczZzGNe2k,2006,2006-06-20,latin,0.8977749003305279,0.6554722312792088,0.7942343847921455,0.3192746548152719,0.0
Rucón,Alemán,10s,78M7CiqTpJYoPQKkwjM48Z,2018,2018-05-16,latin,0.5910996013221113,0.8750135854798392,0.5738458324629204,0.019675181359338434,0.0
"Raataan Lambiyan (From ""Shershaah"")","Tanishk Bagchi, Jubin Nautiyal, Asees Kaur",20s,2rOnSn2piaqLAlYjtfUBlY,2021,2021-07-30,indian,0.6311878757022964,0.7185088577328551,0.5038646333820764,0.6174685007147767,0.0
"Ranjha (From ""Shershaah"")","Jasleen Royal, B Praak, Romy, Anvita Dutt",20s,72zHuDxFQTjbL51qJQSA7j,2021,2021-08-05,indian,0.5740620847105325,0.5913487664384306,0.21558387298934611,0.4799178041214024,0.0
Shayad,"Pritam, Arijit Singh",20s,1smFN2CLqGROu0J0UyvDfL,2020,2020-02-14,indian,0.4688303644625466,0.46092815998261055,0.3022770002088991,0.787147827169377,0.0
Agar Tum Saath Ho,"Alka Yagnik, Arijit Singh",10s,3hkC9EHFZNQPXrtl8WPHnX,2015,2015-10-16,indian,0.5199429142972826,0.5467883925660255,0.40254856904115305,0.5592353590913044,0.0002704339051463169
Khairiyat,"Pritam, Arijit Singh",10s,5O932cZmzOZGOGZz9RHx20,2019,2019-08-31,indian,0.4818590536361067,0.5163569177263341,0.2751201169834969,0.6997981147341685,0.0
505,Arctic Monkeys,00s,0BxE4FqsDD1Ot4YuBXwAPp,2007,2007-04-22,rock,0.8677086945453889,0.5076622106292794,0.22811781909337786,0.0028779320600161606,7.850655903128152e-05
Heads Will Roll,Yeah Yeah Yeahs,00s,2WRFD9WczJ975X2K1Y9YVs,2009,2009-01-01,rock,0.9047903483470603,0.5467883925660255,0.7952788803008147,0.00018414725008898374,0.09475277497477295
Instant Crush (feat. Julian Casablancas),"Daft Punk, Julian Casablancas",10s,2cGxRwrMyEAp8dEbuZaVv6,2013,2013-05-20,rock,0.5860885670245881,0.778284969025106,0.5101316064340923,0.04236602619882938,0.6246215943491423
Are You Gonna Be My Girl,Jet,00s,305WCRhhS10XUcH6AEwZk6,2003,2003-01-01,rock,0.9589095187603102,0.5946092815998261,0.5989137246709839,0.0011710985986385233,0.00029767911200807265
Time to Pretend,MGMT,00s,4iG2gAwKXsOcijVaVXzRPW,2007,2007-12-14,rock,0.9418720021487315,0.4120204325616781,0.40881554209316895,8.41468896459175e-05,0.07840565085771949
Feel It Still,Portugal. The Man,10s,6QgjcU0zLnzq5OrUoSZ3OK,2017,2017-06-16,rock,0.7965520075205603,0.8065427670905337,0.7566325464800502,0.04186401635724772,0.00011402623612512613
misses,Dominic Fike,20s,6WTFHKrnZpwEBLRS10Ylqs,2024,2024-05-03,rock,0.5099208457022363,0.5641778067601347,0.5811573010236056,0.1305189543805685,0.7406659939455096
Too Sweet,Hozier,20s,3HMY0r2BAdpasXMY8rseR0,2024,2024-03-22,rock,0.6211658071072501,0.7413324638626236,0.9446417380405265,0.02961497622265526,0.0008163471241170535
Wasted Summers,juju<3,20s,43MifzVnh8W3jJN0xqU9jR,2023,2023-07-12,rock,0.6442165648758567,0.6239539180523856,0.4620848130353039,0.10642248198464893,0.008385469223007064
Feel It - From The Original Series “Invincible”,d4vd,20s,3SAga35lAPYdjj3qyfEsCF,2024,2024-03-28,rock,0.5941062219006251,0.5500489077274209,0.41717150616252346,0.02891216244444094,0.0
The Adults Are Talking,The Strokes,20s,5ruzrDWcT0vuJIOMW7gMnW,2020,2020-04-10,rock,0.7504504919833473,0.5804803825671123,0.6469605180697724,0.011341817989082913,0.10696266397578204
3 Nights,Dominic Fike,10s,0uI7yAKUf52Cn7y3sYyjiX,2018,2018-10-16,rock,0.518940707437778,0.8217585045103792,0.8851054940463756,0.2238927849147569,0.0
This Charming Man - 2011 Remaster,The Smiths,80s,1FvDJ9KGxcqwv1utyPL3JZ,1984,1984-02-20,rock,0.8476645573552963,0.6000434735354853,0.7534990599540422,0.005106855756638721,0.0
Oysters In My Pocket,Royel Otis,20s,2B664ulJSVBd6B8SAY3Wux,2022,2022-03-10,rock,0.9258366923966574,0.5859145745027714,0.6072696887403384,0.02057879907418542,0.8062563067608477
Fluorescent Adolescent,Arctic Monkeys,00s,2x8evxqUlF0eRabbW2JBJd,2007,2007-04-22,rock,0.829624833884213,0.6467775241821542,0.7942343847921455,0.0014622643067558848,0.00014530776992936428
You Get What You Give,New Radicals,90s,1Cwsd5xI8CajJz795oy4XF,1998,1998-01-01,rock,0.902785934628051,0.6109118574068036,0.746187591393357,0.17067974170710115,0.0
THE SHADE,Rex Orange County,20s,1gH1h30wkQdd9zhY3j7a8T,2022,2022-03-11,rock,0.5099208457022363,0.9119660906423215,0.7284311677459787,0.39256809168619394,0.0
Vampire Empire,Big Thief,20s,0ToG55iJZCOzZkcpWbXxpW,2023,2023-07-19,rock,0.5730598778510279,0.6272144332137811,0.6584499686651348,0.28815004463720906,0.0
Her,The American Dawn,20s,2vlkTkPqdATznKHu9gD2c1,2024,2024-07-26,rock,0.6041282904956714,0.6532985545049452,0.5195320660121161,0.005679146976041811,0.014530776992936428
Not Strong Enough,"boygenius, Julien Baker, Phoebe Bridgers, Lucy Dacus",20s,09DR0sHnQUhHOiSNttc1mv,2023,2023-03-31,rock,0.7995586280990742,0.4815780893381154,0.28974305410486734,0.0029180928473426927,1.1200807265388498e-05
Hell N Back,Bakar,10s,3NRql0A1Ef4RCvT473iqgD,2019,2019-08-15,rock,0.6853070461155465,0.6239539180523856,0.7263421767286401,0.31525857608261865,9.031281533804237e-05
Ghostride,Crumb,10s,0R3TWpoxAhT3HDXM7tpRzS,2019,2019-06-14,rock,0.35157216190050494,0.6587327464406043,0.44015040735324834,0.5180705520816083,0.8264379414732593
Someday,The Strokes,00s,7hm4HTk9encxT0LYC0J6oI,2001,2001-07-30,rock,0.5219473280162918,0.5217911096619933,0.6782953833298517,0.004263479222781536,0.0
Metamodernity,Vansire,10s,4RGWHfQeJftd5XrP8JUgFj,2019,2019-06-11,rock,0.5449980857848984,0.8304532116074339,0.8318362231042407,0.39056005231986735,0.1664984863773966
Breezeblocks,alt-J,10s,3n69hLUdIsSa1WlRmjMZlW,2012,2012-09-18,rock,0.6592496677684261,0.6043908270840126,0.2751201169834969,0.09638228515301578,0.0009192734611503532
ROCKMAN,Mk.gee,20s,63ABAnFKJCp28TAyqf2cGL,2024,2024-10-18,rock,0.5019031908261993,0.7848059993478971,0.9728431167745979,0.6626493864571259,3.8143289606458123e-06
The Gambler,Kenny Rogers,70s,5KqldkCunQ2rWxruMEtGh0,1978,1978-11-20,country,0.5019031908261993,0.6619932616019999,0.8652600793816586,0.3433711272111915,0.0
Amarillo By Morning,George Strait,80s,4TnUKixNWMfajncgdSwFoi,1982,1982-01-01,country,0.3615942304955512,0.5946092815998261,0.6177146438270316,0.26505759192445283,3.4207870837537836e-05
Mammas Don't Let Your Babies Grow up to Be Cowboys,"Waylon Jennings, Willie Nelson",70s,7nVQ8mo77KaUvhUQzh4vMy,1978,1978-01-01,country,0.3615942304955512,0.3305075535267905,0.6083141842490077,0.6255006581800832,0.0012008072653884965
Open Arms (feat. Travis Scott),"SZA, Travis Scott",20s,6koKhrBBcExADvWuOgceNZ,2022,2022-12-08,r&b,0.5870907738840927,0.4076730790131507,0.21871735951535407,0.7560232169913143,0.014530776992936428
Pink + White,Frank Ocean,10s,3xKsf9qdS1CyvXSMEid6g8,2016,2016-08-20,r&b,0.546000292644403,0.5283121399847843,0.5425109672028411,0.6696775242392691,5.529767911200807e-05
Best Part (feat. H.E.R.),"Daniel Caesar, H.E.R.",10s,1RMJOxR6GRPsBHL8qeC2ux,2017,2017-08-25,r&b,0.3646008510740651,0.5054885338550158,0.4244829747232087,0.8112442995652966,0.0
My Boo,"USHER, Alicia Keys",00s,68vgtRHr7iZHpzGpon6Jlo,2004,2004-03-23,r&b,0.507916431983227,0.6554722312792088,0.6751618968038439,0.25802945414230966,0.0
Sure Thing,Miguel,10s,0JXXNGljqupsJaZsgSbMZV,2010,2010-11-26,r&b,0.60813711793369,0.6793826757961092,0.48924169626070607,0.02680372110979798,0.0003097880928355197
Snooze,SZA,20s,4iZ4pt7kvcaH6Yo8UoZ4s2,2022,2022-12-09,r&b,0.5520135338014308,0.54352787740463,0.3785251723417589,0.14156317089536496,0.0
If I Ain't Got You,Alicia Keys,00s,3XVBdLihbNbxUwZosxcGuJ,2003,2003-12-02,r&b,0.4447773998344355,0.5978697967612217,0.14246918738249428,0.6054202645168169,6.922300706357215e-06
Poison,Brent Faiyaz,10s,5NijSs5dAwaIybq1GaRTIe,2016,2016-08-03,r&b,0.394667056859204,0.6848168677317683,0.3680802172550658,0.713854390298455,0.0009132189707366297
Family Affair,Mary J. Blige,00s,3aw9iWUQ3VrPQltgwvN9Xu,2001,2001-08-28,r&b,0.5520135338014308,0.9260949896750353,0.9811990808439524,0.13353101343005847,4.389505549949546e-05
With You,Chris Brown,00s,5Lgcn7u07bHuqbOtXkN62u,2007,2007-11-06,r&b,0.6943269078510881,0.6554722312792088,0.6532274911217882,0.1345350331132218,0.0
Broken Clocks,SZA,10s,2fXwCWkh6YG5zU1IyvQrbs,2017,2017-06-09,r&b,0.6853070461155465,0.6880773828931638,0.39314810946312934,0.13152297406373184,0.0
Girl With The Tattoo Enter.lewd,Miguel,10s,1eUGmzzvahJjOSWgDHuRlv,2010,2010-11-26,r&b,0.23932499363598644,0.34028909901097704,0.10173386254439105,0.8594372443571358,0.00017658930373360242
Best Time,Brent Faiyaz,20s,1zgHn1EqUyA0HqNYMdJ5ia,2023,2023-10-27,r&b,0.30747506008230124,0.8163243125747203,0.6970963024858993,0.160639544875468,0.0030070635721493443
Could've Been (feat. Bryson Tiller),"H.E.R., Bryson Tiller",10s,6oEVnWKgPqIEPc53OYDNqG,2019,2019-08-30,r&b,0.3525743687600095,0.4250624932072601,0.3952371004804679,0.6516051699423294,3.834510595358224e-06
Foolish,Ashanti,00s,6zMUIb4uce1CzpbjR3vMdN,2002,2002-01-01,r&b,0.6963313215700973,0.6587327464406043,0.7075412575725925,0.348391225627008,0.0
Fallin',Alicia Keys,00s,0KQx6HOpJueiSkztcS0r7D,2001,2001-06-05,r&b,0.6101415316526992,0.6446038474078905,0.47252976812199704,0.26405357224128956,0.0010191725529767911
Nobody Gets Me,SZA,20s,5Y35SjAfXjjG0sFQ3KOxmm,2022,2022-12-09,r&b,0.28442430231369475,0.32507336159113137,0.25736369333611864,0.8082322405158067,0.0
Clouded,Brent Faiyaz,20s,2J6OF7CkpdQGSfm1wdclqn,2020,2020-02-07,r&b,0.3445567138839725,0.5696119986957939,0.575934823480259,0.7771076303377439,0.0
So Sick,Ne-Yo,00s,6brl7bwOHmGFkNw3MBqssT,2006,2006-01-01,r&b,0.5750642915700371,0.42723616998152375,0.5728013369542511,0.24598121794434982,0.0
The Boy Is Mine,"Brandy, Monica",90s,6sHsXIJoEN5JpdkGMQDJxt,1998,1998-05-29,r&b,0.7083578038841528,0.7011194435387458,0.7639440150407354,0.5411630047943646,0.0010696266397578205
Yo (Excuse Me Miss),Chris Brown,00s,7DFnq8FYhHMCylykf6ZCxA,2005,2005-01-01,r&b,0.6131481522312131,0.5185305945005978,0.5644453728848966,0.11947473786577203,0.0
Kill Bill,SZA,20s,1Qrg8KqiBpW07V7PNxwwwL,2022,2022-12-08,r&b,0.7364195959502825,0.6359091403108358,0.405682055567161,0.0523058210621462,0.14530776992936426
Forever Yours,Brent Faiyaz,20s,2JqkpMe2eJToJNHEqkJeCu,2023,2023-10-27,r&b,0.5039076045452086,0.6380828170850995,0.7931898892834761,0.004273519419613169,0.0002815338042381433
No One,Alicia Keys,00s,0mZ5GyrHG908lqrHaTw4hi,2007,2007-10-09,r&b,0.5530157406609354,0.6326486251494403,0.12784625026112387,0.027104927014746972,4.67204843592331e-06
Hey Daddy (Daddy's Home),USHER,10s,030OCtLMrljNhp8OWHBWW3,2010,2010-03-30,r&b,0.6993379421486112,0.5772198674057167,0.3367453519949864,0.00017310303357418727,0.0
Sativa,"Jhené Aiko, Swae Lee",10s,2pg2TiYo9Rb8KeB5JjP7jS,2017,2017-09-22,r&b,0.6111437385122038,0.7413324638626236,0.7211196991852935,0.31726661544894524,0.0
Always On Time,"Ja Rule, Ashanti",00s,2hNf1rawV2XAZ6Jld2Fxwf,2001,2001-10-02,r&b,0.7063533901651436,0.8467557874144115,0.8433256736996031,0.19578023378618406,0.0
ALL MINE,Brent Faiyaz,20s,3XgGQ1wjo5khvq2UImjyNF,2022,2022-07-08,r&b,0.37863174710712993,0.6065645038582763,0.19887194485063714,0.42971681996323663,9.243188698284562e-05
Heart Of A Woman,Summer Walker,20s,2oVVaVY0LkzwAYYcyzon6Z,2024,2024-10-25,r&b,0.43074650380137064,0.7141615041843278,0.4620848130353039,0.4839338828540557,0.0
U Remind Me,USHER,00s,2QsZVnbWVSjKMXK6K3uRBL,2001,2001-08-07,r&b,0.6301856688427918,0.6500380393435496,0.7273866722373094,0.19477621410302073,0.0
Stay Ready (What A Life),"Jhené Aiko, Kendrick Lamar",10s,5nkUIVKqOqdpB6ApKgEMkv,2013,2013-01-01,r&b,0.49388553595016227,0.3131181393326812,0.29078754961353664,0.45682535140864616,0.003693239152371342
Love Galore (feat. Travis Scott),"SZA, Travis Scott",10s,0q75NwOoFiARAVp4EXU4Bs,2017,2017-06-09,r&b,0.5951084287601298,0.8000217367677427,0.3962815959891372,0.11244660008362882,0.0
Been Away,Brent Faiyaz,20s,5PvVkf1Yuq3XyMqqjPiKPd,2020,2020-02-07,r&b,0.5009009839666947,0.5902619280512987,0.38165865886776684,0.4789137844382391,5.7416750756811306e-05
No Love (with SZA),"Summer Walker, SZA",20s,08SB2OtZkaliju77WYEKxk,2021,2021-11-05,r&b,0.6191613933882408,0.7043799587001413,0.509087110925423,0.17067974170710115,0.0
Burn,USHER,00s,7z3N2W7Xz1t2G2sAO8wFVH,2004,2004-03-23,r&b,0.4778502261980882,0.8011085751548745,0.6845623563818677,0.31525857608261865,0.0
Miss Independent,Ne-Yo,00s,34ceTg8ChN5HjrqiIYCn9Q,2008,2008-01-01,r&b,0.6823004255370326,0.667427453537659,0.7075412575725925,0.5220866308142617,0.0
Let Me Love You,Mario,00s,7GaFYUqP2WdR4KTPk7cXoP,2004,2004-03-15,r&b,0.589095187603102,0.6815563525703728,0.6135366617923543,0.17871189917240765,0.0
Upset (feat. Tommy Richman & FELIX!),"Brent Faiyaz, FELIX!, Tommy Richman",20s,5iwUwADk4uQUvgMF6PlTRl,2023,2023-10-27,r&b,0.5009009839666947,0.8663188783827845,0.8945059536243994,0.4889539812698723,0.0
Nights Like This (feat. Ty Dolla $ign),"Kehlani, Ty Dolla $ign",10s,6ZRuF2n1CQxyxxAAWsKJOy,2019,2019-02-22,r&b,0.7263975273552362,0.5989566351483535,0.2730311259661583,0.3684716192902744,0.0
U Got It Bad,USHER,00s,7J41dYQolQJEtj3UmKLu5r,2001,2001-08-07,r&b,0.5009009839666947,0.8228453428975111,0.6469605180697724,0.022787642377144715,1.5438950554994954e-06
You,"Lloyd, Lil Wayne",00s,5Y77SQxEr1eiofPeUTPHxM,2007,2007-01-01,r&b,0.8777307631404352,0.38376263449625037,0.7064967620639231,0.10240640325199565,0.0
Because Of You,Ne-Yo,00s,6CFPFnS9EcLs2I0nWqtWci,2007,2007-01-01,r&b,0.5389848446278706,0.8163243125747203,0.8381031961562565,0.5321268276458948,0.0
Trust,Brent Faiyaz,10s,0oufSLnKQDoBFX5mgkDCgR,2018,2018-10-19,r&b,0.394667056859204,0.7663297467666559,0.45477334447461876,0.23192494238006342,9.455095862764884e-05
Dilemma,"Nelly, Kelly Rowland",00s,0ARK753YaiJbpLUk7z5yIM,2002,2002-06-25,r&b,0.5530157406609354,0.7261167264427779,0.6030917067056611,0.22690484396424684,0.00016145307769929366
Love in This Club (feat. Young Jeezy),"USHER, Jeezy",00s,5j0McHPthKpOXRr3fBq8M0,2008,2008-05-27,r&b,0.713368838181676,0.5587436148244755,0.3304783789429705,0.05742632144627911,0.0
Adorn,Miguel,10s,5hJFhO9dvhJoDvUZZ9iWSw,2012,2012-01-01,r&b,0.5770687052890464,0.615259210955331,0.2145393774806768,0.0545146643651055,4.106962663975782e-05
The Weekend,SZA,10s,6gU9OKjOE7ghfEd55oRO57,2017,2017-06-09,r&b,0.36660526479307437,0.3707205738506684,0.13724670983914772,0.24296915889485987,0.0
Rehab (Winter In Paris),Brent Faiyaz,20s,0zWbYGQq5O1KQd0iqzgjP6,2020,2020-02-07,r&b,0.24233161421450033,0.5326594935333117,0.2678086484228117,0.81224831924846,8.173562058526741e-05
Language,"Paperboy Fabe, Brent Faiyaz",10s,4RnvS1tmh1ERhjXX6dxv95,2017,2017-05-12,r&b,0.7223886999172177,0.6098250190196718,0.7733444746187592,0.04236602619882938,0.0075681130171543895
Confessions Part II,USHER,00s,7wBThXx7BGZHJJ3aN3OPvv,2004,2004-03-23,r&b,0.46782815760304197,0.8543636561243343,0.7023187800292459,0.05883194900270776,0.0
Something Just Like This,"The Chainsmokers, Coldplay",10s,6RUKPb4LETWmmr3iAEQktW,2017,2017-04-07,electronic,0.6361989099998197,0.6065645038582763,0.4349279298099018,0.04999657579087057,1.4530776992936427e-05
Give Me Everything (feat. Nayer),"Pitbull, AFROJACK, Ne-Yo, Nayer",10s,4QNpBfC0zvjKqPJcyqBy9W,2011,2011-06-17,electronic,0.9408697952892269,0.6652537767633954,0.5226655525381242,0.19176415505353078,0.0
Let Me Love You,"DJ Snake, Justin Bieber",10s,0lYBSQXN6rCTvUZvg9S0lU,2016,2016-08-05,electronic,0.7163754587601899,0.4522334528855559,0.13515771882180908,0.0866432942263316,2.6942482341069626e-05
Outside (feat. Ellie Goulding),"Calvin Harris, Ellie Goulding",10s,7MmG8p0F9N3C4AXdK6o6Eb,2014,2014-10-31,electronic,0.8246137995866898,0.6380828170850995,0.405682055567161,0.2138525880831237,0.0
The Nights,Avicii,10s,0ct6r3EGTcMLPtrXHDvVjc,2014,2014-01-01,electronic,0.8366402819007454,0.5087490490164113,0.6521829956131189,0.016663122309848486,0.0
Ride It,Regard,10s,2tnVG71enUj33Ic2nFN6kZ,2019,2019-07-26,electronic,0.7524549057023566,0.8924029996739485,0.8924169626070608,0.17770787948924435,6.488395560040364e-05
Cheerleader (Felix Jaehn Remix) - Radio Edit,"OMI, Felix Jaehn",10s,7vFoFDWqTX0mHzLfrF1Cfy,2015,2015-10-16,electronic,0.6863092529750511,0.7858928377350288,0.5989137246709839,0.1666636629744479,1.1907164480322908e-05
Closer,"The Chainsmokers, Halsey",10s,7BKLCZ1jbUBVqRi2FVlTVw,2016,2016-07-29,electronic,0.5249539485948058,0.7489403325725464,0.6594944641738041,0.41566054439895017,0.0
Faded,Alan Walker,10s,698ItKASDavgwZ3WjaWjtz,2018,2018-12-14,electronic,0.6281812551237825,0.4446255841756331,0.13515771882180908,0.028209348666226618,8.042381432896065e-06
Summer,Calvin Harris,10s,6YUTL4dYpB9xZO5qExPf05,2014,2014-10-31,electronic,0.8576866259503426,0.5837408977285078,0.7451430958846877,0.02118121088408341,0.017961654894046417
In My Mind,"Dynoro, Gigi D'Agostino",10s,0E9ZjEAyAwOXZ7wJC0PD33,2018,2018-06-08,electronic,0.7714968360329445,0.6902510596674274,0.13933570085648633,0.17670385980608103,1.1099899091826438e-05
Timber,"Pitbull, Kesha",10s,3cHyrEgdyYRjgJKSOiOtcS,2012,2012-01-01,electronic,0.9649227599173379,0.5674383219215302,0.7921453937748069,0.02961497622265526,0.0
Titanium (feat. Sia),"David Guetta, Sia",10s,0TDLuuLlV54CkRRUOahJb4,2012,2012-12-07,electronic,0.7885343526445233,0.5924356048255625,0.28347608105285144,0.0681693320561266,0.15136226034308778
I Took A Pill In Ibiza - Seeb Remix,"Mike Posner, Seeb",10s,0vbtURX4qv1l7besfwmnD8,2016,2016-05-06,electronic,0.7153732519006852,0.6576459080534726,0.7106747440986003,0.03543829038500249,8.496468213925328e-06
Sugar (feat. Francesco Yates),"Robin Schulz, Francesco Yates",10s,5tf1VVWniHgryyumXyJM7w,2015,2015-09-25,electronic,0.8165961447106528,0.6272144332137811,0.6333820764570712,0.018570759707858785,0.0
Waiting For Love,Avicii,10s,2P4OICZRVAQcYAV2JReRfj,2015,2015-10-02,electronic,0.7374218028097871,0.5652646451472666,0.6093586797576771,0.31124249734996534,0.0
On The Floor,"Jennifer Lopez, Pitbull",10s,3C0nOe05EIt1390bVABLyN,2011,2011-04-29,electronic,0.7785122840494769,0.7293772416041735,0.5696678504282431,0.1054184623014856,0.0004904137235116045
Don't Let Me Down,"The Chainsmokers, Daya",10s,1i1fxkWeaMmKEB4T7zqbzK,2016,2016-02-05,electronic,0.8707153151239029,0.5152700793392022,0.41299352412784623,0.15662346614281472,0.005428859737638749
Blame (feat. John Newman),"Calvin Harris, John Newman",10s,07nH4ifBxUB4lZcsf44Brn,2014,2014-10-31,electronic,0.8586888328098473,0.38593631127051403,0.3325673699603091,0.028811760476124607,0.00579212916246216
Wild Ones (feat. Sia),"Flo Rida, Sia",10s,1NpW5kyvO4XrNJ3rnfcNy3,2012,2012-06-22,electronic,0.8616954533883612,0.5967829583740898,0.425527470231878,0.09949474617082205,0.0
Get Lucky (Radio Edit) [feat. Pharrell Williams and Nile Rodgers],"Daft Punk, Pharrell Williams, Nile Rodgers",10s,2Foc5Q5nqNiosCNqttzHof,2013,2013-04-19,electronic,0.8125873172726343,0.7989348983806108,0.869438061416336,0.042767634072094704,1.0797174571140262e-06
More Than You Know,Axwell /\ Ingrosso,10s,6h5PAsRni4IRlxWr6uDPTP,2017,2017-07-28,electronic,0.7424328371073102,0.6380828170850995,0.5654898683935659,0.027606936856328628,0.0
In the Name of Love,"Martin Garrix, Bebe Rexha",10s,23L5CiUhw2jV1OIMwthR3S,2016,2016-07-29,electronic,0.5199429142972826,0.48049125095098355,0.1445581783998329,0.10943454103413888,0.0
This Girl (Kungs Vs. Cookin' On 3 Burners),"Kungs, Cookin' On 3 Burners",10s,1A8j067qyiNwQnZT0bzUpZ,2016,2016-11-04,electronic,0.7183798724791992,0.7978480599934791,0.45581783998328806,0.09306902019857684,3.632694248234107e-05
Scream & Shout,"will.i.am, Britney Spears",10s,2iJuuzV8P9Yz0VSurttIV5,2013,2013-01-01,electronic,0.6863092529750511,0.7750244538637105,0.492375182786714,0.019072769549440444,9.041372351160443e-05
This Is What You Came For,"Calvin Harris, Rihanna",10s,0azC730Exh71aQlOt9Zj3y,2016,2016-04-29,electronic,0.9288433129751714,0.621780241278122,0.45477334447461876,0.1997963125188373,0.12008072653884964
Alors on danse - Radio Edit,Stromae,10s,2GYHyAoLWpkxLVa4oYTVko,2010,2010-01-01,electronic,0.5941062219006251,0.7945875448320835,0.7211196991852935,0.0986915304242914,0.0020383451059535823
We Found Love,"Rihanna, Calvin Harris",10s,0U10zFw4GlBacOy9VDGfGL,2011,2011-11-19,electronic,0.767488008594926,0.7348114335398327,0.5957802381449759,0.02509688764842034,0.0014228052472250253
Waves - Robin Schulz Radio Edit,"Mr. Probz, Robin Schulz",10s,1HFfMOxCAT4GAwaPfCdmUs,2014,2014-02-07,electronic,0.510923052561741,0.836974241930225,0.43910591184457903,0.008239397168108268,0.001442986881937437
Club Can't Handle Me (feat. David Guetta),"Flo Rida, David Guetta",10s,6ebkx7Q5tTxrCxKq4GYj0Y,2010,2010-11-24,electronic,0.8707153151239029,0.6054776654711445,0.4631293085439732,0.02841015260285928,0.0
Under Control (feat. Hurts),"Calvin Harris, Alesso, Hurts",10s,4J7CKHCF3mdL4diUsmW8lq,2014,2014-10-31,electronic,0.9168168306611159,0.5272253015976525,0.5017756423647378,0.1295149346974052,0.0009223007063572149
Dancin (feat. Luvli) - Krono Remix,"Aaron Smith, Krono, Luvli",10s,6WkJ2OK163XXS2oARUC9JM,2014,2014-11-07,electronic,0.7424328371073102,0.7185088577328551,0.34196782953833293,0.10140238356883235,1.4228052472250252e-05
One More Time,Daft Punk,00s,0DiWol3AO6WpXZgp0goxAV,2001,2001-03-12,electronic,0.6983357352891065,0.602217150309749,0.46626279506998114,0.01947437742270577,0.0
Firestone,"Kygo, Conrad Sewell",10s,1I8tHoNBFTuoJAlh4hfVVE,2016,2016-05-13,electronic,0.635196703140315,0.7011194435387458,0.3983705870064758,0.3945761310525206,3.198789101917255e-05
Perfect Strangers,"Jonas Blue, JP Cooper",10s,3P3pw6C19j31Rnzgo3JG7o,2018,2018-11-09,electronic,0.8626976602478658,0.7293772416041735,0.7044077710465845,0.39156407200303067,0.0
Love Tonight (David Guetta Remix Edit),"Shouse, David Guetta",20s,2prnn41CblB8B4yWACDljP,2021,2021-06-11,electronic,0.9909801382644583,0.6109118574068036,0.005431376645080422,0.015056690816787182,0.3602421796165489
Runaway (U & I),Galantis,10s,46lFttIf5hnUZMGvjK0Wxo,2015,2015-06-05,electronic,0.8065740761156066,0.48592544288664274,0.3691247127637351,0.007134975516628619,0.0019475277497477297
Middle,"DJ Snake, Bipolar Sunshine",10s,0g5EKLgdKvNlln7TNqBByK,2016,2016-08-05,electronic,0.6963313215700973,0.5696119986957939,0.2030499268853144,0.013851867196991203,0.0
Infinity 2008 - Klaas Vocal Edit,"Guru Josh Project, Klaas",00s,3aQz0z86zrKjd1mcZlonxE,2008,2008-05-07,electronic,0.8636998671073705,0.4772307357895881,0.45895132650929593,0.0003106537301675616,0.009263370332996974
King,Olly Alexander (Years & Years),10s,3AeicLnm55RqcXGBKYQolM,2015,2015-07-10,electronic,0.8586888328098473,0.5446147157917619,0.4203049926885314,0.05963516474923841,0.0
Clarity,"Zedd, Foxes",10s,60wwxj6Dd9NJlirf84wr2c,2012,2012-01-01,electronic,0.7825211114874955,0.4891859580480382,0.15291414246918736,0.03995637895923742,0.0
"Hey Mama (feat. Nicki Minaj, Bebe Rexha & Afrojack)","David Guetta, AFROJACK, Bebe Rexha, Nicki Minaj",10s,285HeuLxsngjFn4GGegGNm,2014,2014-11-10,electronic,0.7314085616527594,0.5837408977285078,0.5174430749947775,0.24096111952853325,0.0
Ain't Nobody (Loves Me Better) (feat. Jasmine Thompson),"Felix Jaehn, Jasmine Thompson",10s,3c8iiZGfEammKJuWTErE5x,2018,2018-02-16,electronic,0.5690510504130094,0.7837191609607652,0.44850637142260286,0.6706815439224324,0.00016952573158425833
Hear Me Now,"Alok, Zeeba, Bruno Martini",10s,39cmB3ZoTOLwOTq7tMNqKa,2016,2016-10-21,electronic,0.46381933016502347,0.7815454841865015,0.4871527052433674,0.5481911425765079,0.0029162462159434918
ily (i love you baby) (feat. Emilee),"Surf Mesa, Emilee",10s,62aP9fBQKYKxi7PDXwcUAS,2019,2019-11-26,electronic,0.7755056634709631,0.6685142919247908,0.3137664508042615,0.06887214583434091,0.0018970736629667002
Summertime Sadness (Lana Del Rey Vs. Cedric Gervais) - Cedric Gervais Remix,"Lana Del Rey, Cedric Gervais",10s,6PUIzlqotEmPuBfjbwYWOB,2013,2013-02-01,electronic,0.8115851104131298,0.5576567764373438,0.08397743889701274,0.0157595045950015,6.589303733602422e-06
Dynamite,Taio Cruz,10s,2CEgGE6aESpnmtfiZwYlbV,2010,2010-01-01,electronic,0.7825211114874955,0.752200847733942,0.8193022770002089,0.003912072333674375,0.0
Rather Be (feat. Jess Glynne),"Clean Bandit, Jess Glynne",10s,61dCUoMCg28qEBzrW6htYM,2014,2014-06-02,electronic,0.5870907738840927,0.80436909031627,0.5425109672028411,0.16264758424179462,2.048435923309788e-06
Breaking Me,"Topic, A7S",10s,3H7ihDc1dqLriiWXwsc2po,2019,2019-12-19,electronic,0.7213864930577131,0.7935007064449517,0.6626279506998121,0.2238927849147569,0.0
The Business,Tiësto,20s,6f3Slt0GbA2bPZlz0aIFXN,2020,2020-09-16,electronic,0.6211658071072501,0.8032822519291382,0.2145393774806768,0.41566054439895017,0.019374369323915237
Stay,"Zedd, Alessia Cara",10s,6uBhi9gBXWjanegOb2Phh0,2017,2017-02-23,electronic,0.6231702208262594,0.6859037061189001,0.5372884896594945,0.25401337540965635,0.0
Party Rock Anthem,"LMFAO, Lauren Bennett, GoonRock",10s,7mitXLIMCflkhZiD34uEQI,2011,2011-01-01,electronic,0.7374218028097871,0.7511140093468102,0.3398788385209943,0.020277593169236423,0.0
Roses,"The Chainsmokers, ROZES",10s,3vv9phIu6Y1vX3jcqaGz5Z,2015,2015-06-16,electronic,0.8035674555370927,0.7109009890229323,0.32734489241696263,0.04367125178694169,0.0038042381432896065
I Love It (feat. Charli XCX),"Icona Pop, Charli xcx",10s,2U8NXPTXZWG2O0ye2sYRiH,2013,2013-08-27,electronic,0.9077969689255742,0.7087273122486686,0.829747232086902,0.009554662953052212,1.65489404641776e-05
Play Hard (feat. Ne-Yo & Akon),"David Guetta, Ne-Yo, Akon",10s,5YPMEOJ58kfl56VHxTgwx3,2012,2012-12-07,electronic,0.9228300718181436,0.6869905445060319,0.8046793398788386,0.17369180075659107,0.0
Around the World,Daft Punk,90s,1pKYYY0dkg23sQQXi0Q5zN,1997,1997-01-17,electronic,0.7965520075205603,0.9750027170959679,0.8475036557342803,0.003570705641398848,0.8970736629667003
This Is What It Feels Like,"Armin van Buuren, Trevor Guthrie",10s,5GjnIpUlLGEIYk052ISOw9,2013,2013-05-03,electronic,0.8346358681817362,0.5348331703075753,0.12053478170043867,0.039253565181023096,2.7951564076690212e-06
I'm an Albatraoz,"AronChupa, Little Sis Nora",10s,5MhsZlmKJG6X5kTHkdwC4B,2014,2014-08-08,electronic,0.8186005584296621,0.895663514835344,0.5905577606016295,0.6034122251504902,0.004530776992936428
Heroes (we could be),"Alesso, Tove Lo",10s,3zU9rdflI65tK4dkkNSp77,2015,2015-05-22,electronic,0.7494482851238427,0.4826649277252472,0.3409233340296636,0.030618995905818576,0.0
You & Me - Flume Remix,"Disclosure, Eliza Doolittle, Flume",10s,3W2ZcrRsInZbjWylOi6KhZ,2013,2013-06-03,electronic,0.3926626431401948,0.5870014128899033,0.24065176519740963,0.37951583580507087,0.00010797174571140262
Lose Control,Teddy Swims,20s,6usohdchdzW9oML7VC4Uhk,2023,2023-06-23,soul,0.6051304973551761,0.5457015541788937,0.221850846041362,0.1997963125188373,1.9172552976791123e-05
Let Me Go,Daniel Caesar,20s,3ym8ajVmKm6Fybgov3WBI5,2023,2023-04-07,soul,0.4738413987600697,0.5783067057928486,0.44015040735324834,0.6967860556846786,0.003370332996972755
FE!N (feat. Playboi Carti),"Travis Scott, Playboi Carti",20s,42VsgItocQwOQC3XWZ8JNA,2023,2023-07-28,gaming,0.883744004297463,0.5543962612759482,0.17902653018592019,0.03172341755729823,0.0
Slow It Down,Benson Boone,20s,51eSHglvG1RJXtL3qI5trr,2024,2024-04-05,gaming,0.5840841533055788,0.40549940223888703,0.5372884896594945,0.1746958204397544,0.0
Big Dawgs,"Hanumankind, Kalmi",20s,0OA00aPt3BV10qeMIs3meW,2024,2024-07-09,gaming,0.7464416645453288,0.44027823062710575,0.24274075621474828,0.023590858123675364,0.0
I'm Good (Blue),"David Guetta, Bebe Rexha",20s,4uUG5RXrOk84mYEfFvj3cK,2022,2022-08-26,gaming,0.9669271736363472,0.5457015541788937,0.28660956757885936,0.0038417909558529435,7.134207870837538e-06
Romantic Homicide,d4vd,20s,1xK59OXxi2TAAAbmZK0kBL,2022,2022-07-20,gaming,0.5449980857848984,0.5565699380502119,0.1946939628159599,0.45481731204231957,0.008123107971745711
New Woman (feat. ROSALÍA),"LISA, ROSALÍA",20s,7ov3TDp5D00Rnu5R1viX4w,2024,2024-08-15,gaming,0.8556822122313333,0.45440712965981955,0.2970545226655525,0.08614128438474995,0.0
i like the way you kiss me,Artemas,20s,2GxrNKugF82CnoRFbQfzPf,2024,2024-03-19,gaming,0.9478852433057592,0.5870014128899033,0.749321077919365,0.000938166032144634,0.010696266397578204
Ransom,Lil Tecca,10s,1lOe9qE0vR9zwWQAOk6CoO,2019,2019-08-30,gaming,0.643214358016352,0.745679817411151,0.20513891790265304,0.020478397105869087,0.0
KEEP UP,Odetari,20s,2yR2sziCF4WEs3klW1F38d,2024,2024-07-17,gaming,0.8306270407437176,0.4533202912726877,0.4965531648213912,0.017265534119746476,0.009243188698284562
one of wun,Gunna,20s,4Na2HfNSr58chvfX69fy36,2024,2024-05-10,gaming,0.45379726156997713,0.9304423432235627,0.268853143931481,0.08754691194117858,0.0001644803229061554
I Adore You (feat. Daecolm),"HUGEL, Topic, Arash, Daecolm",20s,5nPbKG04fhLkIAjcPFaZq7,2024,2024-07-19,gaming,0.7885343526445233,0.7011194435387458,0.29287654063087526,0.009293617835429748,0.005428859737638749
Black Friday (pretty like the sun),"Lost Frequencies, Tom Odell",20s,4MSj19TwYBLgDFj3ddEeco,2024,2024-07-19,gaming,0.6191613933882408,0.863058363221389,0.3033214957175684,0.6355408550117163,0.8980827447023209
I Can Do It With a Broken Heart,Taylor Swift,20s,4q5YezDOIPcoLr8R81x9qy,2024,2024-04-18,gaming,0.7524549057023566,0.6978589283773503,0.19887194485063714,0.1234908165984253,0.0
Apple,Charli xcx,20s,19RybK6XDbAVpcdxSbZL1o,2024,2024-06-07,gaming,0.9589095187603102,0.8098032822519292,0.9738876122832671,0.12549885596475194,0.01755802219979818
Hope,XXXTENTACION,10s,2ZRo7axmMPeSVUvDbGkJah,2018,2018-03-16,gaming,0.4578060890079957,0.5793935441799805,0.20409442239398373,0.6636534061402892,0.00033400605449041373
Happier,"Marshmello, Bastille",10s,7BqHUALzNBTanL6OvsqmC1,2018,2018-08-17,gaming,0.7935453869420465,0.6826431909575047,0.6699394192604973,0.19176415505353078,0.0
Sunflower - Spider-Man: Into the Spider-Verse,"Post Malone, Swae Lee",10s,0RiRZpuVRbi7oqRdSMwhQY,2019,2019-09-06,gaming,0.5229495348757965,0.7565482012824694,0.9352412784625027,0.5351388866953848,0.0
fukumean,Gunna,20s,4rXLjWdF2ZZpXCVTfWcshS,2023,2023-06-16,gaming,0.6231702208262594,0.856537332898598,0.19887194485063714,0.11947473786577203,0.0
redrum,21 Savage,20s,52eIcoLUM25zbQupAZYoFh,2024,2024-01-12,gaming,0.7344151822312732,0.615259210955331,0.22393983705870063,0.006000433274654072,0.0009919273461150352
WAIT FOR U (feat. Drake & Tems),"Future, Drake, Tems",20s,59nOXPmaKlBfGMDeOVGrIK,2022,2022-04-29,gaming,0.643214358016352,0.43919139223997394,0.32316691038228534,0.31525857608261865,0.0
Miles On It,"Marshmello, Kane Brown",20s,4pkb8SbRGeHAvdb87v9rpf,2024,2024-05-03,gaming,0.7624769742974029,0.6250407564395175,0.7890119072487989,0.005387981267924449,0.0
Moonlight,XXXTENTACION,10s,0JP9xo3adEtGSdUEISiszL,2018,2018-03-16,gaming,0.537982637768366,0.9369633735463537,0.7117192396072697,0.5582313394081411,0.0040766902119071646
Godzilla (feat. Juice WRLD),"Eminem, Juice WRLD",20s,7FIWs0pqAYbP91WWM0vlTQ,2020,2020-01-17,gaming,0.7464416645453288,0.8141506358004565,0.8349697096302485,0.14557924962801824,0.0
Addicted,"Zerb, The Chainsmokers, Ink",20s,5ZUIPLoTLJZrPQh2kFZEUM,2024,2024-03-29,gaming,0.7424328371073102,0.7739376154765787,0.16753707959055775,0.024594877806838684,0.0001644803229061554
on one tonight,Gunna,20s,6EUcP55GlbmsmCzfL2vxtZ,2024,2024-05-10,gaming,0.7284019410742455,0.9000108683838713,0.9425527470231879,0.3825278948545608,1.1705348133198788e-06
Thank You (Not So Bad),"Dimitri Vegas & Like Mike, Tiësto, Dido, W&W, Dimitri Vegas, Like Mike",20s,09CnYHiZ5jGT1wr1TXJ9Zt,2023,2023-12-01,gaming,0.9518940707437777,0.667427453537659,0.5571339043242114,0.022988446313777375,0.08304742684157417
360,Charli xcx,20s,4w2GLmK2wnioVnb5CPQeex,2024,2024-06-07,gaming,0.6211658071072501,0.8674057167699163,0.8005013578441613,0.6485931108928394,0.2462159434914228
Houdini,Eminem,20s,2HYFX63wP3otVIvopRS99Z,2024,2024-05-31,gaming,0.8887550385949862,0.9532659493533312,0.8976394401504074,0.029313770317706267,1.8970736629667003e-06
The Box,Roddy Ricch,10s,0nbXyq5TXYPCO7pr3N8S4I,2019,2019-12-06,gaming,0.5870907738840927,0.9097924138680579,0.6396490495090872,0.10441444261832229,0.0
Lovin On Me,Jack Harlow,20s,4xhsWYTOGcal8zt0J161CU,2023,2023-11-10,gaming,0.5590289818179632,0.960873818063254,0.6020472111969919,0.002606846745562065,2.209889001009082e-06
XO Tour Llif3,Lil Uzi Vert,10s,7GX5flRQZVHRAGd6B4TmDO,2017,2017-08-25,gaming,0.7514526988428519,0.7315509183784371,0.38792563191978274,0.0026470075328885977,0.0
Where Are You Now,"Lost Frequencies, Calum Scott",20s,3mfER4ORePHvN35cbZ3dkV,2023,2023-11-10,gaming,0.6331922894213057,0.7641560699923922,0.2636306663881345,0.5120464339826285,0.00020686175580222
2055,Sleepy Hallow,20s,4XvcHTUfIlWfyJTRG0aqlo,2021,2021-06-02,gaming,0.5129274662807503,0.836974241930225,0.6354710674744098,0.49397407968568885,0.0
Mood (feat. iann dior),"24kGoldn, iann dior",20s,4jPy3l0RUwlUI9T5XHBW2m,2021,2021-03-26,gaming,0.7173776656196945,0.6978589283773503,0.7336536452893253,0.1746958204397544,0.0
SLAY!,Eternxlkz,20s,67smGwuPEtA6GAfeweAVNO,2024,2024-03-15,gaming,0.7745034566114585,0.6761221606347138,0.4955086693127219,0.0866432942263316,0.7406659939455096
You & Me - Rivo Remix,"Disclosure, Eliza Doolittle, Rivo",20s,0xoYZ45fgTfyQYREZPN7Sa,2023,2023-12-22,gaming,0.7985564212395696,0.6989457667644821,0.006266973052015875,0.5853398708535505,0.49949545913218973
Sprinter,"Dave, Central Cee",20s,2FDTHlrBguDzQkp7PVj16Q,2023,2023-06-01,gaming,0.6823004255370326,0.9337028583849583,0.7064967620639231,0.26405357224128956,0.0
Somedays,"Sonny Fodera, Jazzy, D.O.D",20s,3wo3d0I5H8KjkwGvnz8WbB,2024,2024-07-26,gaming,0.7544593194213658,0.6652537767633954,0.5362439941508252,0.019072769549440444,1.301715438950555e-05
Back On 74,Jungle,20s,19kHhX6f6EfLU7rcO3RqjO,2023,2023-08-11,gaming,0.7624769742974029,0.6098250190196718,0.171715061625235,0.2078284699841438,0.00014833501513622602
DEVIL IS A LIE,Tommy Richman,20s,6jlG8gBPNAgBgoivw2Ig09,2024,2024-06-14,gaming,0.4527950547104725,0.9184871209651125,0.6093586797576771,0.1746958204397544,0.0
Whatever She Wants,Bryson Tiller,20s,57wp7VFnV8X0pSVnYArGeJ,2024,2024-02-13,gaming,0.5129274662807503,0.8087164438647974,0.42343847921453937,0.1285109150142419,0.0
euphoria,Kendrick Lamar,20s,77DRzu7ERs0TX3roZcre7Q,2024,2024-04-30,gaming,0.6442165648758567,0.8391479187044886,0.11740129517443074,0.046181300994849975,0.0
Push Up - Main Edit,Creeds,20s,3AjSfp5FDvwtMU9XBsbS8j,2023,2023-03-31,gaming,0.8316292476032222,0.7695902619280514,0.1644035930645498,0.20983650935047046,0.8435923309788093
Strangers,Kenya Grace,20s,5mjYQaktjmjcMKcUIcqz4s,2023,2023-09-01,gaming,0.5239517417353011,0.6185197261167265,0.4035930645498224,0.7038141934668217,0.0027648839556004036
BACKBONE,"Chase & Status, Stormzy",20s,3HrHhTWonBqF4mDasi8xvC,2024,2024-08-08,gaming,0.9358587609917037,0.7804586457993696,0.6344265719657406,0.28614200527088246,3.8950554994954594e-05
FUNKED UP - SLOWED,"xxanteria, isq",20s,4VL5XwfATZuAVTW471Wpro,2024,2024-01-19,gaming,0.9288433129751714,0.7565482012824694,0.7023187800292459,0.002887972256847794,0.9334006054490415
Montagem Mysterious Game,LXNGVX,20s,7vOmSP2647oNUGGEhWd1cr,2023,2023-12-01,gaming,0.6412099442973428,0.5196174328877297,0.20096093586797578,0.14658326931118154,0.8859737638748739
TUCA DONKA,"CURSEDEVIL, DJ FKU, Skorde",20s,7bxyNLXYaEYaZTxAuQTHlD,2023,2023-07-28,gaming,0.9649227599173379,0.823932181284643,0.4934196782953833,0.06857093992939192,0.7739656912209889
Paint The Town Red,Doja Cat,20s,56y1jOTK0XSvJzVv9vHQBK,2023,2023-09-20,gaming,0.557024568098954,0.8750135854798392,0.7273866722373094,0.256021414775983,3.8849646821392536e-06
MONTAGEM - PR FUNK,"S3BZS, Mc Gw, Mc Menor Do Alvorada",20s,6njJR3OIp3oA0Kc4aC9Tzf,2023,2023-05-01,gaming,0.8045696623965973,0.889142484512553,0.7994568623354921,0.7369468430112113,0.056508577194752774
Doja,Central Cee,20s,3LtpKP5abr2qqjunvjlX5i,2022,2022-07-21,gaming,0.5740620847105325,0.9260949896750353,0.9843325673699603,0.38152387517139746,0.0
Somebody (2024),"Gotye, FISHER, Chris Lake, Kimbra, Sante Sansone",20s,0agQ9vIV7NP4dntGKLcCXO,2024,2024-02-09,gaming,0.6301856688427918,0.8576241712857298,0.5811573010236056,0.016060710499950497,0.18163471241170534
Whatever,"Kygo, Ava Max",20s,0LMwmV37RCmBO2so0szAFs,2024,2024-01-19,gaming,0.7785122840494769,0.5663514835343985,0.5842907875496135,0.10441444261832229,0.0
ONE CALL,Rich Amiri,20s,69phA1R4gmQsBFRQ3INW8C,2023,2023-11-17,gaming,0.5399870514873752,0.6424301706336268,0.23334029663672445,0.006191197014455103,2.6942482341069626e-05
IDGAF (feat. Yeat),"Drake, Yeat",20s,2YSzYUF3jWqb9YP9VXmpjE,2023,2023-10-06,gaming,0.6732805638014909,0.667427453537659,0.11531230415709214,0.04678371280474797,0.00028657921291624623
Deep Down (feat. Never Dull),"Alok, Ella Eyre, Kenny Dope, Never Dull",20s,7MIhUdNJtaOnDmC5nBC1fb,2022,2022-06-17,gaming,0.8196027652891666,0.6826431909575047,0.8945059536243994,0.011241416020766582,0.0
Agora Hills,Doja Cat,20s,5PyDJG7SQRgWXefgexqIge,2023,2023-09-20,gaming,0.6883136666940604,0.7565482012824694,0.3670357217463965,0.18373199758822426,0.00017860746720484359
CUTE DEPRESSED,Dyan Dxddy,20s,06PqeO7IInus2yvzsZwZhf,2024,2024-02-02,gaming,0.9208256580991343,0.8380610803173568,0.8548151242949655,0.5050182962004853,0.7547931382441978
BRODYAGA FUNK,Eternxlkz,20s,2V3hsJU3bTOATih0Fm4aDp,2023,2023-11-17,gaming,0.7394262165287964,0.5804803825671123,0.5863797785669521,0.27007769034026946,0.9767911200807265
LOVELY BASTARDS,"ZWE1HVNDXR, yatashigang",20s,0EqczV3o6fwksegAavIHpX,2023,2023-08-25,gaming,0.8115851104131298,0.602217150309749,0.6856068518905369,0.8353407719612161,0.9071644803229062
Boyz In Paris (with VINAI),"Marnik, Naeleck, VINAI",20s,17NHXI2CJp7KgdcwcDnRx4,2023,2023-07-28,gaming,0.9689315873553564,0.6185197261167265,0.38583664090244413,0.03995637895923742,4.7124117053481326e-05
Watch This - ARIZONATEARS Pluggnb Remix,"Lil Uzi Vert, sped up nightcore, ARIZONATEARS",20s,0FA4wrjDJvJTTU8AepZTup,2023,2023-02-05,gaming,0.8987771071900325,0.6815563525703728,0.3398788385209943,0.010337798305919597,0.10393541876892028
10:35,"Tiësto, Tate McRae",20s,36gcliMRX1vCpgnrZE3dFZ,2023,2023-04-21,gaming,0.794547593801551,0.6924247364416911,0.6981407979945686,0.06857093992939192,3.8143289606458123e-06
TOO COOL TO BE CARELESS,PAWSA,20s,6KqM3xmPIDonsTjCSGrrr5,2024,2024-07-05,gaming,0.7825211114874955,0.8108901206390611,0.8234802590348861,0.0020044349356640755,0.30474268415741673
Automotivo Bibi Fogosa,"Bibi Babydoll, Dj Brunin XM, KZA Produções",20s,2JIzOc3HHo4MhiyZzhpBUV,2023,2023-11-10,gaming,0.8496689710743056,0.719595696119987,0.7775224566534364,0.2610415131917996,2.129162462159435e-06
Bones,Imagine Dragons,20s,0HqZX76SFLDz2aW8aiqi7G,2022,2022-03-11,gaming,0.7434350439668149,0.7761112922508423,0.5654898683935659,0.02067920104250175,0.0
First Person Shooter (feat. J. Cole),"Drake, J. Cole",20s,7aqfrAY2p9BUSiupwk3svU,2023,2023-10-06,gaming,0.6562430471899122,0.4522334528855559,0.22498433256736994,0.030719397874134906,0.0
Atmosphere,"FISHER, Kita Alexander",20s,63HwAAXuSV2tzIUPoHOwZa,2023,2023-08-11,gaming,0.8967726934710232,0.7641560699923922,0.759766033006058,0.006251438195444901,0.1432896064581231
9mm,"Memphis Cult, Groove Dealers, SPLYXER",20s,3K5KXm1uZjiyQk0J7op1xf,2023,2023-02-23,gaming,0.9168168306611159,0.7369851103140963,0.28660956757885936,0.003229338949123321,2.60343087790111e-05
edamame,"bbno$, Rich Brian",20s,1golLrmqyxDWedF7YUHCOD,2021,2021-10-08,gaming,0.8516733847933149,0.8217585045103792,0.6939628159598913,0.023289652218726368,0.0001442986881937437
Breathe,Yeat,20s,5NAOhPAZ57eFAXr3qatS6i,2024,2024-02-16,gaming,0.5470024995039077,0.7619823932181286,0.08711092542302068,0.028510554571175614,0.9323915237134208
GOOD LOYAL THOTS,Odetari,20s,06tNJ27nVxbDwhiQMChWyr,2023,2023-03-15,gaming,0.8616954533883612,0.5717856754700577,0.6030917067056611,0.05682390963638112,0.00014328960645812312
Let's Go,Key Glock,20s,5GCU2LJWPzoP8Q6nexs61z,2023,2023-06-23,gaming,0.6372011168593242,0.6467775241821542,0.24796323375809484,0.0025867663518987986,0.0
GODS,"League of Legends, NewJeans",20s,210JJAa9nJOgNa0YNrsT5g,2023,2023-10-04,gaming,0.7664858017354214,0.5750461906314531,0.48297472320869017,0.006873930399006157,3.259334006054491e-05
Stronger,Young Jonn,20s,4KZMoDuxwSYP63bhbnMqe3,2024,2024-04-12,afrobeats,0.8206049721486713,0.7250298880556462,0.6333820764570712,0.4789137844382391,9.737638748738648e-05
Are you there?,Ayo Maff,20s,10y7iW3rc8bzGbhAC3mNPA,2024,2024-08-15,afrobeats,0.529964982892329,0.7858928377350288,0.4286609567578859,0.5110424142994652,1.432896064581231e-06
OZEBA,Rema,20s,7ySC0IjVS1PMEdsZOvsUK2,2024,2024-07-10,afrobeats,0.8426535230577732,0.7554613628953375,0.8443701692082723,0.13654307247954842,0.0
Constantly,"Hyce, BoyPee, Brown Joel",20s,3MldGIMtPcupNBI4Dnxolr,2024,2024-08-28,afrobeats,0.7063533901651436,0.3424627757852407,0.7190307081679549,0.17268778107342778,0.0
JUJU (feat. Shallipopi),"Smur Lee, ODUMODUBLVCK, Shallipopi",20s,6XBIOtdSL47qn201KKNCA0,2024,2024-08-22,afrobeats,0.7203842861982084,0.9108792522551897,0.5393774806768331,0.1164626788162821,0.0005358224016145308
alone - Remix,"FOLA, Bnxn",20s,2GSK9VfsKWpVOV6ZzKiMA4,2024,2024-10-04,afrobeats,0.5209451211567873,0.5641778067601347,0.41299352412784623,0.5562233000418144,3.4106962663975782e-06
Dealer,"Ayo Maff, Fireboy DML",20s,5Wxkvvb6pLky16pwq4gBI3,2024,2024-04-16,afrobeats,0.6522342197518937,0.4685360286925334,0.5613118863588886,0.7168664493479449,7.658930373360242e-06
アイドル,YOASOBI,20s,7ovUcF5uHTBRzUpB6ZOmvt,2023,2023-04-12,j-pop,0.9368609678512084,0.5598304532116074,0.8422811781909337,0.11244660008362882,1.0797174571140262e-06
KICK BACK,Kenshi Yonezu,20s,3khEEPRyBeOUabbmOPJzAG,2022,2022-10-12,j-pop,0.942874209008236,0.5630909683730029,0.2740756214748276,0.0020747163134855074,3.3905146316851664e-06
ライラック,Mrs. GREEN APPLE,20s,78W4mTLIh4qoLu92W4IQhO,2024,2024-04-11,j-pop,0.7955498006610556,0.5130964025649386,0.7785669521621057,0.017667141993011802,0.0
青のすみか,Tatsuya Kitani,20s,12usPU2WnqgCHAW1EK2dfd,2023,2023-07-07,j-pop,0.8997793140495371,0.4565808064340832,0.6365155629830792,0.013450259323725877,0.0
Bling-Bang-Bang-Born,Creepy Nuts,20s,0kdqcbwei4MDWFEX5f33yG,2024,2024-01-07,j-pop,0.8236115927271852,0.863058363221389,0.7482765824106956,0.0844344509233723,0.009939455095862764
カーテンコール,Yuuri,20s,1nysdCpKAh6yif4JkmoiNy,2024,2024-07-19,j-pop,0.9067947620660695,0.5283121399847843,0.7367871318153332,0.10341042293515898,0.0
晴る,ヨルシカ,20s,5eY7692tmgHB9dbmq6wa2M,2024,2024-01-05,j-pop,0.5720576709915233,0.6913378980545593,0.7273866722373094,0.03212502543056355,3.6125126135216953e-06
Nobody - from Kaiju No. 8,OneRepublic,20s,47N81NMkB488fuOwOC3Oip,2024,2024-04-12,j-pop,0.8125873172726343,0.6891642212802956,0.9550866931272195,0.39658417041884725,0.0
Abyss - from Kaiju No. 8,YUNGBLUD,20s,2kLWSmKHhfUBepkIA9oNe5,2024,2024-01-19,j-pop,0.8095806966941205,0.5620041299858711,0.1487361604345101,0.006171116620791836,0.0
絆ノ奇跡,"MAN WITH A MISSION, milet",20s,2VBLFxCUyFp5BfmsZpxcis,2023,2023-04-10,j-pop,0.9528962776032824,0.40984675578741436,0.41612701065385416,0.0046148861118886966,0.0
タイムパラドックス,Vaundy,20s,3jNwPOqdPvQIr5dRT0hzgY,2024,2024-01-07,j-pop,0.5149318799997594,0.836974241930225,0.759766033006058,0.4407610364780331,1.4631685166498487e-06
Master Of Puppets,Metallica,80s,2MuWTIM3b0YEAskbeeFE1i,1986,1986-03-03,metal,0.83764248876025,0.5261384632105206,0.5540004177982035,0.0006459963043441091,0.43491422805247226
The Trooper - 2015 Remaster,Iron Maiden,80s,4OROzZUy6gOWN4UGQVaZMF,1983,1983-01-01,metal,0.9098013826445834,0.24573415933050752,0.6678504282431587,0.03192422149393089,0.00917255297679112
Walk,Pantera,90s,7fcfNW0XxTWlwVlftzfDOR,1992,1992-02-21,metal,0.705351183305639,0.40332572546462336,0.7033632755379151,0.00015201862022775766,0.0022300706357214935
Chop Suey!,System Of A Down,00s,2DlHlPMa4M17kufBvI2lEN,2001,2001-09-04,metal,0.9358587609917037,0.38919682643190956,0.268853143931481,0.0002755130412568455,0.001513622603430878
Blind,Korn,90s,1pr9TZGOXeJUggIal1Wq3R,1994,1994-10-11,metal,0.8927638660330047,0.24356048255624385,0.20513891790265304,0.006803649021184724,0.003834510595358224
One,Metallica,80s,5IX4TbIR5mMHGE4wiWwKW0,1988,1988-08-25,metal,0.6963313215700973,0.4109335941745462,0.40045957802381443,0.0011108574176487244,0.08647830474268416
Mother,Danzig,80s,7txxAtOMwLLnQTpKeBL6bp,1988,1988-01-01,metal,0.7644813880164122,0.33268123030105423,0.3263003969082933,0.007285578469103117,0.00046115035317860747
Cowboys from Hell,Pantera,90s,2SgbR6ttzoNlCRGQOKjrop,1990,1990-07-20,metal,0.9098013826445834,0.3870231496576459,0.425527470231878,0.004383961584761133,0.0348133198789102
Duality,Slipknot,00s,61mWefnWQOLf90gepjOCb3,2004,2004-01-01,metal,0.9839646902479259,0.32072600804260404,0.171715061625235,0.00023434823424714954,0.00029667003027245204
Enter Sandman,Metallica,90s,5sICkBXVmaCQk5aISGR3x1,1991,1991-08-12,metal,0.829624833884213,0.5630909683730029,0.5999582201796533,0.0021349574944753064,0.011503531786074673
Hail to the King,Avenged Sevenfold,10s,5anCkDvJ17aznvK5TED5uo,2013,2013-08-23,metal,0.9178190375206204,0.5663514835343985,0.682473365364529,0.00029458941523694855,0.02613521695257316
Freak On a Leash,Korn,90s,6W21LNLz9Sw7sUSNWMSHRu,1998,1998-08-18,metal,0.8997793140495371,0.3196391696554722,0.5174430749947775,1.878520827198564e-05,0.10595358224016145
Dragula,Rob Zombie,90s,6Nm8h73ycDG2saCnZV8poF,1998,1998-01-01,metal,0.9649227599173379,0.5772198674057167,0.5811573010236056,8.424729161423384e-05,0.00010595358224016146
Nightmare,Avenged Sevenfold,10s,4UEo1b0wWrtHMC8bVqPiH8,2010,2010-07-23,metal,0.9508918638842732,0.5380936854689707,0.21245038646333822,0.00031567382858337816,0.00010070635721493441
My Own Summer (Shove It),Deftones,90s,1158ckiB5S4cpsdYHDB9IF,1997,1997-10-27,metal,0.7825211114874955,0.4174546244973372,0.35763526216837266,9.749031123515797e-06,0.20686175580221997
Schism,TOOL,00s,55mJleti2WfWEFNFcBduhc,2001,2001-05-15,metal,0.7153732519006852,0.5522225845016846,0.16858157509922705,0.0012012191891334228,0.42078708375378404
"Nuthin' But A ""G"" Thang","Dr. Dre, Snoop Dogg",90s,5Tbpp3OLLClPJF8t1DmrFD,1992,1992-12-15,hip-hop,0.8226093858676806,0.6630800999891316,0.6835178608731983,0.0018237113926946786,0.0
Could You Be Loved,Bob Marley & The Wailers,80s,5O4erNlJ74PIF6kGol1ZrC,1980,1980-06-10,reggae,0.7213864930577131,0.9315291816106945,0.7639440150407354,0.36144348150813116,0.00016145307769929366
Welcome To Jamrock,Damian Marley,00s,22AbXxQbMdVqEz7xJjhccG,2005,2005-01-01,reggae,0.66225628834694,0.8445821106401478,0.7555880509713808,0.020880004979134413,0.0
Murder She Wrote,Chaka Demus & Pliers,90s,1HGyhNaRUFEDBiVLbvtbL6,1993,1993-01-01,reggae,0.7344151822312732,0.895663514835344,0.9571756841445581,0.1616435645586313,0.00026236125126135213
Buffalo Soldier,Bob Marley & The Wailers,80s,7BfW1eoDh27W69nxsmRicb,1983,1983-05-23,reggae,0.46381933016502347,0.9456580806434084,0.7576770419887194,0.14357121026169162,5.348133198789102e-06
Still D.R.E.,"Dr. Dre, Snoop Dogg",90s,503OTo2dSqe7qk76rgsbep,1999,1999-11-16,hip-hop,0.7765078703304678,0.8228453428975111,0.5195320660121161,0.160639544875468,0.00031281533804238145
Hypnotize - 2014 Remaster,The Notorious B.I.G.,90s,7KwZNVEaqikRSBSpyhXK2j,1997,1997-03-04,hip-hop,0.6983357352891065,0.9152266058037171,0.6688949237518279,0.14557924962801824,0.0
Doo Wop (That Thing),Ms. Lauryn Hill,90s,0uEp9E98JB5awlA084uaIg,1998,1998-08-25,hip-hop,0.5059120182642178,0.5174437561134659,0.4861082097346981,0.03945436911765576,0.0
Do For Love,2Pac,90s,4AE7Lj39VnSZNOmGH2iZaq,1997,1997-01-01,hip-hop,0.6311878757022964,0.8858819693511575,0.7179862126592855,0.0580287332561771,0.004833501513622603
"Shook Ones, Pt. II",Mobb Deep,90s,33ZXjLCpiINn8eQIDYEPTD,1995,1995-04-25,hip-hop,0.7875321457850186,0.765242908379524,0.4955086693127219,0.014655082943521856,0.011503531786074673
I Got 5 On It,"Luniz, Michael Marshall",90s,4IYKjN1DrYzxKXt0umJqsG,1995,1995-07-04,hip-hop,0.7073555970246482,0.5706988370829258,0.5738458324629204,0.20983650935047046,0.0
Still Not a Player (feat. Joe) - Radio Version,"Big Pun, Joe",90s,3GKL13lkM5nRc4zC1lIOrR,1998,1998-04-28,hip-hop,0.6211658071072501,0.9141397674165852,0.8746605389596824,0.20080033220200064,0.001574167507568113
Juicy - 2005 Remaster,The Notorious B.I.G.,90s,5ByAIlEEnxYdvpnezg7HTX,1994,1994-09-13,hip-hop,0.8196027652891666,0.9021845451581351,0.7858784207227909,0.4718856466560959,0.0
C.R.E.A.M. (Cash Rules Everything Around Me),Wu-Tang Clan,90s,119c93MHjrDLJTApCVGpvx,1993,1993-11-09,hip-hop,0.5149318799997594,0.49244647320943374,0.55922289534155,0.5572273197249777,0.009667003027245206
Insane in the Brain,Cypress Hill,90s,1oTHteQbmJw15rPxPVXUTv,1993,1993-07-20,hip-hop,0.6121459453717085,0.9108792522551897,0.7722999791100899,0.029213368349389934,0.18768920282542886
ATLiens,Outkast,90s,2vfvGlqCB7oertO5VLE0sz,1996,1996-08-27,hip-hop,0.7354173890907779,0.9337028583849583,0.6041362022143305,0.029715378190971593,8.082744702320887e-06
N.Y. State of Mind,Nas,90s,0trHOzAhNpGCsGBEu7dOJo,1994,1994-04-19,hip-hop,0.9118057963635927,0.6587327464406043,0.8955504491330688,0.039554771085972086,0.0
Check Yo Self - Remix,"Ice Cube, Das EFX",90s,3NGT0Td7H4Is1qrlDQJxma,1994,1994-11-22,hip-hop,0.7364195959502825,0.9510922725790676,0.7712554836014206,0.031121005747400236,8.678102926337033e-06
Dear Mama,2Pac,90s,6tDxrq4FxEL2q15y37tXT9,1995,1995-03-14,hip-hop,0.5409892583468798,0.7761112922508423,0.305410486734907,0.37248769802292764,0.0
Survival of the Fittest,Mobb Deep,90s,7N1Vjtzr1lmmCW9iasQ8YO,1995,1995-04-25,hip-hop,0.7043489764461344,0.8195848277361156,0.22080635053269268,0.12549885596475194,1.2714429868819374e-06
Mo Money Mo Problems (feat. Puff Daddy & Mase) - 2014 Remaster,"The Notorious B.I.G., Mase, Diddy",90s,4INDiWSKvqSKDEu7mh8HFz,1997,1997-03-04,hip-hop,0.8857484180164723,0.8543636561243343,0.9133068727804471,0.012847847513827887,2.119071644803229e-06
Can I Kick It?,A Tribe Called Quest,90s,3Ti0GdlrotgwsAVBBugv0I,1990,1990-04-17,hip-hop,0.6672673226444631,0.8576241712857298,0.746187591393357,0.17369180075659107,0.0007053481331987891
Keep Ya Head Up,2Pac,90s,0XRbYXQUymj9SJkrr8YK5B,1993,1993-02-16,hip-hop,0.7334129753717686,0.5859145745027714,0.5905577606016295,0.14457522994485492,0.0
Everybody Wants To Rule The World,Tears For Fears,80s,4RvWPyQ5RL0ao9LPZeSouE,1985,1985-02-25,rock,0.7965520075205603,0.6369959786979676,0.5278880300814707,0.348391225627008,0.003925327951564077
Don't Stop Believin',Journey,00s,77NNZQSqzLNqh2A9JhLRkg,2001,2001-10-16,rock,0.8035674555370927,0.4696228670796652,0.4620848130353039,0.2510013163601664,0.0
Dancing In the Dark,Bruce Springsteen,80s,7FwBtcecmlpc1sLySPXeGE,1984,1984-06-04,rock,0.9438764158677407,0.5087490490164113,0.4861082097346981,0.011542621925715577,0.0
You Give Love A Bad Name,Bon Jovi,80s,0rmGAIH9LNJewFw7nKzZnc,1986,1986-08-16,rock,0.9609139324793194,0.523964786436257,0.8172132859828704,0.06656290056306528,2.1997981836528756e-06
Summer Of '69,Bryan Adams,80s,0GONea6G2XdnHWjNZd6zt3,1984,1984-11-05,rock,0.8356380750412408,0.4891859580480382,0.7775224566534364,0.018369955771226125,0.0
Under Pressure - Remastered 2011,"Queen, David Bowie",80s,2fuCquhmrzHpu5xcA1ci9x,1982,1982-05-03,rock,0.713368838181676,0.6652537767633954,0.45163985794861083,0.43072083964639996,0.0
Start Me Up - Remastered 2009,The Rolling Stones,80s,7HKez549fwJQDzx3zLjHKC,1981,1981-08-24,rock,0.9338543472726946,0.621780241278122,0.983288071861291,0.0430688399770437,0.1382441977800202
Jump - 2015 Remaster,Van Halen,80s,7N3PAbqfTjSEU1edb2tY8j,1984,1984-01-04,rock,0.8366402819007454,0.5576567764373438,0.7994568623354921,0.17168376139026448,0.00038042381432896067
The Final Countdown,Europe,80s,3MrRksHupTVEQ7YbA0FsZK,1986,1986-01-01,rock,0.8446579367767825,0.5109227257906749,0.1654480885732191,0.06304883167199368,0.0008345105953582241
Hells Bells,AC/DC,80s,69QHm3pustz01CJRwdo20z,1980,1980-07-25,rock,0.8747241425619213,0.35876535159221823,0.28556507207019005,0.005337780283766284,0.0055499495459132185
Every Little Thing She Does Is Magic,The Police,80s,44aTAUBF0g6sMkMNE8I5kd,1981,1981-10-02,rock,0.7694924223139353,0.5424410390174982,0.41717150616252346,0.12148277723209866,0.06316851664984864
I Won't Back Down,Tom Petty,80s,7gSQv1OHpkIoAdUiRLdmI6,1989,1989-01-01,rock,0.47885243305759284,0.7685034235409195,0.9770210988092751,0.05150260531561555,2.512613521695257e-06
Wanted Dead Or Alive,Bon Jovi,80s,0oerlffJSzhRVvtDfLcp3N,1986,1986-08-16,rock,0.8045696623965973,0.21095533094228888,0.23856277418007102,0.1295149346974052,0.014732593340060544
Run To You,Bryan Adams,80s,2RWFncSWZEhSRRifqiDNVV,1984,1984-11-05,rock,0.8125873172726343,0.5457015541788937,0.632337580948402,0.00516709693762852,3.6932391523713425e-05
Rock the Casbah - Remastered,The Clash,80s,56KqaFSGTb7ifpt16t5Y1N,1982,1982-01-01,rock,0.8737219357024167,0.8021954135420064,0.8736160434510132,0.29216612336986236,0.0
Hungry Like the Wolf - 2009 Remaster,Duran Duran,80s,39lSeqnyjZJejRuaREfyLL,1982,1982-05-10,rock,0.813589524132139,0.6869905445060319,0.6845623563818677,0.04347044785030902,1.1705348133198788e-06
How Soon Is Now? - 2011 Remaster,The Smiths,80s,1YrnDTqvcnUKxAIeXyaEmU,1984,1984-01-01,rock,0.9318499335536853,0.36854689707640476,0.7263421767286401,0.0008538283787589155,0.12209889001009082
Shout,Tears For Fears,80s,2gQaQUhDCNGfBVXTvxAmXQ,1985,1985-02-25,rock,0.9438764158677407,0.4913596348223019,0.48924169626070607,0.1746958204397544,1.8869828456104945e-05
Separate Ways (Worlds Apart) [2023 Remaster],Journey,80s,1pTw2cNrp9L3esxLAvWnN2,1983,1983-02-01,rock,0.961916139338824,0.4457124225627649,0.35554627115103404,0.14156317089536496,1.8264379414732594e-06
Glory Days,Bruce Springsteen,80s,2Y90nL1ohB4sgYELDs7uNx,1984,1984-06-04,rock,0.961916139338824,0.5598304532116074,0.9905995404219762,0.04588009508990098,0.0
Edge of Seventeen - 2016 Remaster,Stevie Nicks,80s,7L3b6iaVhDVjfo52Hbvh9Z,1981,1981-07-27,rock,0.805571869256102,0.5783067057928486,0.6563609776477962,0.3283108319637418,6.0343087790111e-06
Beds Are Burning - Remastered,Midnight Oil,80s,1CtAzw53AIXKjAemxy4b1j,1987,1987-10-02,rock,0.4277398832228568,0.7543745245082056,0.27720910800083554,0.00789803047583274,0.0006559031281533804
Don't Stand So Close To Me,The Police,80s,5veJDT0MLsLbhYsx42GXUD,1980,1980-10-03,rock,0.5069142251237224,0.80436909031627,0.5101316064340923,0.04547848721663565,0.0010797174571140263
Hurts So Good,John Mellencamp,80s,67eX1ovaHyVPUinMHeUtIM,1982,1982-01-01,rock,0.7384240096692918,0.7891533528964244,0.983288071861291,0.04216522226219672,0.00010797174571140262
Hysteria,Def Leppard,80s,2PFIZFcGry0po3ZfRZkzKc,1987,1987-08-03,rock,0.8476645573552963,0.6522117161178134,0.6574054731564655,0.03192422149393089,0.014530776992936428
Call Me,Blondie,00s,7HKxTNVlkHsfMLhigmhC0I,2004,2004-01-01,rock,0.8346358681817362,0.537006847081839,0.7764779611447671,0.0006449922846609457,0.00248234106962664
Fight For Your Right,Beastie Boys,80s,5NLuC70kZQv8q34QyQa1DP,1986,1986-11-15,rock,0.8596910396693519,0.4826649277252472,0.40672655107583033,0.007596824570883745,0.0023612512613521695
Every Rose Has Its Thorn - 2003 Remaster,Poison,80s,43GS3mtezoIFiuIZCLLiDY,1988,1988-03-21,rock,0.6331922894213057,0.5130964025649386,0.27616461249216623,0.160639544875468,1.1503531786074672e-05
SPIDER,"GIMS, DYSTINCT",20s,2fFTn0f94EopgZyfSGQuyK,2024,2024-05-10,hip-hop,0.6923224941320788,0.8304532116074339,0.7075412575725925,0.07770751904617809,1.7457114026236125e-06
Bolide Noir,"Central Cee, JRK 19",20s,14DLZ9FaTofhnXBiV38axE,2024,2024-08-22,hip-hop,0.7815189046279909,0.7228562112813824,0.7211196991852935,0.2951781824193523,0.0
MAMI WATA,"Gazo, Tiakola",20s,6yqwxY8qifBBhyryjZutxk,2023,2023-12-01,hip-hop,0.6943269078510881,0.6989457667644821,0.5665343639022352,0.13955513152903837,0.0
ABCD,NAYEON,20s,0V2passWyAXnON67kfAj7y,2024,2024-06-14,k-pop,0.9278411061156667,0.6772089990218455,0.8673490703989973,0.040558790769135405,0.0
Rockstar,LISA,20s,6vvPecFTmWxDfEJ6cYT1wa,2024,2024-06-27,k-pop,0.6291834619832872,0.6619932616019999,0.562356381867558,0.1295149346974052,0.0
Supernova,aespa,20s,2VdSktBqFfkW7y6q5Ik4Z4,2024,2024-05-27,k-pop,0.7484460782643381,0.745679817411151,0.34823480259034884,0.00732573925642965,1.7053481331987891e-06
Armageddon,aespa,20s,5eWcGfUCrVFMoYskyfkEPE,2024,2024-05-27,k-pop,0.7875321457850186,0.6913378980545593,0.45477334447461876,0.06706491040464695,1.4228052472250254e-06
Small girl (feat. D.O.),"Lee Young Ji, D.O.",20s,1AtFSBJibfaqfiOByQCwZ5,2024,2024-06-21,k-pop,0.5981150493386437,0.7728507770894468,0.883016503029037,0.5321268276458948,0.0
SPOT!,"ZICO, JENNIE",20s,1SS0WlKhJewviwEDZ6dWj0,2024,2024-04-26,k-pop,0.7835233183470001,0.8869688077382893,0.9153958637977857,0.15160336772699815,0.0
How Sweet,NewJeans,20s,38tXZcL1gZRfbqfOG0VMTH,2024,2024-05-24,k-pop,0.8967726934710232,0.8087164438647974,0.759766033006058,0.08192440171546403,5.721493440968719e-06
SHEESH,BABYMONSTER,20s,1njlnn8ZKHI77Pe9szIONR,2024,2024-04-01,k-pop,0.7294041479337501,0.7771981306379742,0.4505953624399415,0.11345061976679215,0.0
LIKE THAT,BABYMONSTER,20s,7GDgpad2BQVuDUzaxHFakc,2024,2024-04-01,k-pop,0.5009009839666947,0.882621454189762,0.762899519532066,0.32128269418159855,3.5216952573158426e-06
Smoothie,NCT DREAM,20s,5qrFeNSIrwIc0B6Elp16Dl,2024,2024-03-25,k-pop,0.7755056634709631,0.8065427670905337,0.3691247127637351,0.008741407009689926,0.0
Drama,aespa,20s,5XWlyfo0kZ8LF7VSyfS4Ew,2023,2023-11-10,k-pop,0.8737219357024167,0.6359091403108358,0.3639022352203885,0.16465562360812125,0.0
Running Wild,Jin,20s,50zAEIE4B1QqhPjRMK2Xmh,2024,2024-11-19,pop,0.7123666313221714,0.4652755135311379,0.30018800919156047,0.00017209901389102396,0.0
Sailor Song,Gigi Perez,20s,2262bWmqomIaJXwCRHr13j,2024,2024-07-26,pop,0.41370898718979193,0.47288338224106075,0.2542302068101107,0.6847378194867189,6.781029263370332e-05
Taste,Sabrina Carpenter,20s,5G2f63n7IPVPPjfNIGih7Q,2024,2024-08-23,pop,0.9087991757850787,0.6685142919247908,0.7221641946939628,0.10140238356883235,0.0
Espresso,Sabrina Carpenter,20s,2HRqTpkrJO5ggZyyK6NPWz,2024,2024-08-23,pop,0.7775100771899723,0.6956852516030866,0.7085857530812617,0.13152297406373184,5.408678102926337e-06
All I Want for Christmas Is You,Mariah Carey,90s,0bYg9bo50gSsH3LtXe2SQn,1994,1994-10-28,pop,0.6281812551237825,0.30116291707423104,0.3346563609776477,0.16465562360812125,0.0
Last Christmas - Single Version,Wham!,20s,06qMRF18gwbOYYbnP2du6i,2023,2023-07-07,pop,0.5991172561981483,0.732637756765569,0.9456862335491958,0.21284856839996041,3.7436932391523715e-06
Beautiful Things,Benson Boone,20s,3xkHsmpQCBMytMJNiDf3Ii,2024,2024-04-05,pop,0.4718369850410604,0.44897293772416036,0.19782744934196783,0.15160336772699815,0.0
The Emptiness Machine,Linkin Park,20s,1EDPVGbyPKJPeGqATwXZvN,2024,2024-11-15,pop,0.8737219357024167,0.4424519074013694,0.8109463129308545,0.01565910262668517,0.0
Please Please Please,Sabrina Carpenter,20s,2tHwzyyOLoWSFqYNjeVMzj,2024,2024-08-23,pop,0.5870907738840927,0.6696011303119227,0.6177146438270316,0.25802945414230966,0.0
The Night We Met,Lord Huron,10s,3hRV0jL3vUpRrcy398teAU,2015,2015-04-06,pop,0.3696118853715883,0.4228888164329964,0.07332358470858574,0.9718874488714271,0.2744702320887992
Sweater Weather,The Neighbourhood,10s,2QjOHCTQ1Jl3zawyYOpxh6,2013,2013-04-22,pop,0.8085784898346159,0.6011303119226171,0.3847921453937748,0.04969536988592158,0.01786074672048436
I Wanna Be Yours,Arctic Monkeys,10s,5XeFesFbtLpXzIVDNQP22n,2013,2013-09-09,pop,0.41771781462781044,0.44027823062710575,0.46939628159598906,0.13654307247954842,0.022199798183652874
See You Again (feat. Kali Uchis),"Tyler, The Creator, Kali Uchis",10s,7KA4W4McWYRpgf0fWsJZWB,2017,2017-07-21,pop,0.5600311886774678,0.5424410390174982,0.6166701483183622,0.37248769802292764,7.558022199798184e-06
Yellow,Coldplay,00s,3AJwUDP919kvQ9QcozQPxg,2000,2000-07-10,pop,0.66225628834694,0.40223888707749156,0.2667641529141424,0.002396002612097769,0.0001220988900100908
That's What I Like,Bruno Mars,10s,0KKkJNfGyhkQ5aFogxQAPU,2016,2016-11-17,pop,0.5610333955369724,0.863058363221389,0.8673490703989973,0.01304865145046055,0.0
Locked out of Heaven,Bruno Mars,10s,3w3y8KPTfNeOKPiqUTakBh,2012,2012-12-07,pop,0.6993379421486112,0.7250298880556462,0.8746605389596824,0.049193360044339926,0.0
Bed Chem,Sabrina Carpenter,20s,1UHS8Rf6h5Ar3CDWRd3wjF,2024,2024-08-23,pop,0.7284019410742455,0.73915878708836,0.6751618968038439,0.06806893008781026,0.0
Like Him (feat. Lola Young),"Tyler, The Creator, Lola Young",20s,6jbYpRPTEFl1HFKHk1IC0m,2024,2024-10-28,pop,0.5560223612394493,0.36202586675361376,0.16858157509922705,0.28815004463720906,0.0002552976791120081
Night Changes,One Direction,10s,5O2P9iiztwhomNh8xkR9lJ,2014,2014-11-17,pop,0.5209451211567873,0.6663406151505272,0.35554627115103404,0.8624493034066257,0.0
Rockin' Around The Christmas Tree,Brenda Lee,60s,2EjXfH91m7f8HiJN1yQg97,1964,1964-10-19,pop,0.4708347781815558,0.5859145745027714,0.8871944850637142,0.6194765400811033,0.0
"One Of The Girls (with JENNIE, Lily Rose Depp)","The Weeknd, JENNIE, Lily-Rose Depp",20s,7CyPwkp0oE8Ro9Dd5CUDjW,2023,2023-06-23,pop,0.6412099442973428,0.22291055320073905,0.16753707959055775,0.03945436911765576,2.330978809283552e-06
Just the Way You Are,Bruno Mars,10s,7BqBn9nzAq8spo5e7cZ0dJ,2010,2010-05-11,pop,0.8426535230577732,0.6261275948266494,0.41194902861917687,0.013450259323725877,0.0
A Bar Song (Tipsy),Shaboozey,20s,5fZJQrFKWQLb7FpJXZ1g7K,2024,2024-05-31,pop,0.7073555970246482,0.7206825345071188,0.5947357426363067,0.07228581275709618,0.0
NIGHTS LIKE THIS,The Kid LAROI,20s,1XBYiRV30ykHw5f4wm6qEn,2023,2023-11-10,pop,0.7584681468593844,0.4598413215954787,0.09442239398370586,0.013751465228674872,0.0016145307769929364
Iris,The Goo Goo Dolls,90s,6Qyc6fS4DsZjB2mRW9DsQs,1998,1998-01-01,pop,0.7163754587601899,0.27833931094446257,0.4881972007520367,0.0012514201732915886,8.042381432896065e-06
In the End,Linkin Park,00s,60a0Rd6pjrkxjPbaKzXjfq,2000,2000-01-01,pop,0.8657042808263796,0.5402673622432345,0.38688113641111344,0.00961490413404201,0.0
Too Sweet,Hozier,20s,19XpFsce28aByvCC4g89tJ,2024,2024-08-19,pop,0.6442165648758567,0.7402456254754918,0.9717986212659285,0.0411612025790334,0.0023107971745711404
Juno,Sabrina Carpenter,20s,21B4gaTWnTkuSh77iWEXdS,2024,2024-08-23,pop,0.7263975273552362,0.6239539180523856,0.6375600584917486,0.04628170296316631,0.0
Riptide,Vance Joy,10s,2uXlHCUbq9OMUwx3hrk06o,2014,2014-08-05,pop,0.7324107685122639,0.46092815998261055,0.47461875913933566,0.4377489774285432,0.0
Heavy Is the Crown,Linkin Park,20s,2HBBM75Xv3o2Mqdyh1NcM0,2024,2024-11-15,pop,0.929845519834676,0.5565699380502119,0.4787967411740129,0.009353859016419549,0.0
Santa Tell Me,Ariana Grande,10s,0lizgQ7Qw35od7CYaoMBZb,2014,2014-11-24,pop,0.6221680139667548,0.5065753722421475,0.5874242740756215,0.04909295807602359,0.0
Jingle Bell Rock,Bobby Helms,50s,7vQbuQcyTflfCIOu3Uzzya,1957,1957-12-02,pop,0.42473326264434286,0.7554613628953375,0.8109463129308545,0.6455810518433495,0.0
we can't be friends (wait for your love),Ariana Grande,20s,51ZQ1vr10ffzbwIjDCwqm4,2024,2024-03-08,pop,0.6472231854543705,0.6369959786979676,0.27720910800083554,0.061743606083881374,3.067608476286579e-05
LA INOCENTE,"Mora, Feid",20s,5jt25aFjW2kNoBqaEVaz5W,2022,2022-04-01,latin,0.7905387663635325,0.758721878056733,0.45372884896594945,0.3082304383004754,0.0
PERRO NEGRO,"Bad Bunny, Feid",20s,7iQXYTyuG13aoeHxGG28Nh,2023,2023-10-13,latin,0.7795144909089816,0.9260949896750353,0.3294338834343012,0.08905294146592356,2.1796165489404643e-05
BUBALU,"Feid, Rema",20s,36FTXlmbiV2diZdZukzLDm,2023,2023-09-22,latin,0.7875321457850186,0.7848059993478971,0.7618550240233968,0.11545865913311877,5.933400605449041e-06
HACIENDO QUE ME AMAS,Bad Bunny,20s,26QApq0cuO9brJigr0C0W4,2020,2020-11-27,latin,0.41170457347078265,0.5706988370829258,0.3994150825151451,0.8724895002382589,4.5105953582240165e-05
Tan Bonita,Piso 21,20s,6mm3K0yWp6uzfOMuipM9Zh,2021,2021-03-18,latin,0.805571869256102,0.8271926964460384,0.8506371422602883,0.1756998401229177,0.0021695257315842583
Tiroteo - Remix,"Marc Seguí, Rauw Alejandro, Pol Granch",20s,4OwhwvKESFtuu06dTgct7i,2021,2021-04-01,latin,0.5229495348757965,0.7511140093468102,0.5968247336536453,0.2831299462213925,0.0
Cómo Te Atreves,Morat,10s,7M6CFruBrM5x7u0lTMtm6r,2016,2016-06-17,latin,0.8897572454544908,0.6065645038582763,0.7743889701274285,0.0707797832323512,0.0
Tacones Rojos,Sebastian Yatra,20s,0Be7sopyKMv8Y8npsUkax2,2021,2021-10-22,latin,0.8576866259503426,0.7489403325725464,0.9373302694798413,0.08272761746199468,0.0
Fuera del mercado,Danny Ocean,20s,1UdzJEpgJxtuXAlCOvD4S0,2022,2022-02-17,latin,0.6742827706609955,0.42832300836865556,0.2469187382494255,0.32128269418159855,0.0
Ojitos Lindos,"Bad Bunny, Bomba Estéreo",20s,3k3NWokhRRkEPhCzPmV8TW,2022,2022-05-06,latin,0.6873114598345558,0.6391696554722314,0.24900772926676415,0.08031797022240272,1.3521695257315843e-06
Otro Atardecer,"Bad Bunny, The Marías",20s,0E0DRHf5PfMeor0ZCwB3oT,2022,2022-05-06,latin,0.5961106356196344,0.7804586457993696,0.5393774806768331,0.5923680086356937,0.0014026236125126135
Yo No Soy Celoso,Bad Bunny,20s,5kVZxyMY1gfdCLiChsfjn1,2022,2022-05-06,latin,0.589095187603102,0.8837082925768939,0.9404637560058492,0.2761018084392493,0.0
Neverita,Bad Bunny,20s,31i56LZnwE6uSu3exoHjtB,2022,2022-05-06,latin,0.49889657024768547,0.8880556461254212,0.41612701065385416,0.07088018520066754,0.0
Un Coco,Bad Bunny,20s,6VrQTLzzuyGIYjUDe4kAZk,2022,2022-05-06,latin,0.6913202872725741,0.8478426258015433,0.746187591393357,0.2078284699841438,8.405650857719475e-06
Andrea,"Bad Bunny, Buscabulla",20s,44XjoNvtwevktFKjvVe1vH,2022,2022-05-06,latin,0.6171569796692317,0.8021954135420064,0.44015040735324834,0.7650593941397841,0.0002956609485368315
PROVENZA,KAROL G,20s,7dSZ6zGTQx66c2GF91xCrb,2022,2022-04-22,latin,0.5169362937187687,0.8815346158026302,0.5226655525381242,0.6586333077244726,0.008304742684157417
Inolvidable,"Ovy On The Drums, Beéle",20s,0OTtnwUO8natNWSwdZvXVF,2020,2020-01-15,latin,0.5439958789253937,0.8489294641886751,0.7420096093586798,0.6807217407540656,0.0
DESPECHÁ,ROSALÍA,20s,5ildQOEKmJuWGl2vRkFdYc,2022,2022-07-28,latin,0.6241724276857641,0.93478969677209,0.7785669521621057,0.18473601727138755,1.644803229061554e-05
"Quevedo: Bzrp Music Sessions, Vol. 52","Bizarrap, Quevedo",20s,2tTmW7RDtMQtBk7m2rYeSw,2022,2022-07-06,latin,0.7835233183470001,0.6109118574068036,0.5435554627115105,0.012546641608878894,0.033299697275479316
telepatía,Kali Uchis,20s,6tDDoYIxWvMLTdKpjFkc1B,2020,2020-12-04,latin,0.5249539485948058,0.6456906857950223,0.5466889492375183,0.11244660008362882,0.0
AMOR DE CINE,HUMBE,20s,0v9UztY5A12cJUsWD7PZzS,2021,2021-11-11,latin,0.5870907738840927,0.2902945332029127,0.27720910800083554,0.5331308473290581,0.0
Gato de Noche,"Ñengo Flow, Bad Bunny",20s,54ELExv56KCAB4UP9cOCzC,2022,2022-12-22,latin,0.6632584952064446,0.9054450603195305,0.6030917067056611,0.16967572202393785,1.2512613521695258e-06
un x100to,"Grupo Frontera, Bad Bunny",20s,6pD0ufEQq0xdHSsRbg9LBK,2023,2023-04-17,latin,0.7253953204957315,0.5543962612759482,0.5560894088155421,0.22891288333057347,0.0
Si No Estás,iñigo quintero,20s,2HafqoJbgXdtjwCOvNEF14,2022,2022-09-23,latin,0.421726642065829,0.5196174328877297,0.5163985794861082,0.8303206735453996,0.0
CLASSY 101,"Feid, Young Miko",20s,1hZsWUnLbqRw09jLAMQSsb,2023,2023-12-01,latin,0.6662651157849585,0.8684925551570482,0.6574054731564655,0.12650287564791524,0.0
Martin & Gina,Polo G,20s,1VLtjHwRWOVJiE5Py7JxoQ,2020,2020-05-15,arabic,0.5349760171898521,0.8402347570916204,0.09024441194902862,0.3463831862606814,0.0
Chosen 1,Polo G,10s,40QrLHWdsxyXLAdjJG4Rxs,2019,2019-06-07,arabic,0.5770687052890464,0.7728507770894468,0.34927929809901814,0.13855111184587504,0.0
Lemonade (feat. NAV),"Internet Money, Gunna, Don Toliver, NAV",20s,1p0rEzrK7YtdRZVtiyV7RN,2020,2020-08-28,arabic,0.6592496677684261,0.8054559287034019,0.45163985794861083,0.2510013163601664,0.0
Drip Too Hard (Lil Baby & Gunna),"Lil Baby, Gunna",10s,78QR3Wp35dqAhFEc2qAGjE,2018,2018-10-05,arabic,0.6632584952064446,0.9108792522551897,0.3764361813244203,0.08553887257485196,0.0
Roll in Peace (feat. XXXTENTACION),"Kodak Black, XXXTENTACION",10s,40oKW22ZNNkEdZLJTScaQI,2017,2017-08-18,arabic,0.5249539485948058,0.7478534941854147,0.34823480259034884,0.030719397874134906,0.0
No Heart,"21 Savage, Metro Boomin",10s,4gmmRb6bZJffOOiww1JGTO,2016,2016-07-15,arabic,0.4447773998344355,0.9206607977393763,0.6772508878211825,0.13654307247954842,6.498486377396568e-05
Pop Out (feat. Lil Tjay),"Polo G, Lil Tjay",10s,6uFn47ACjqYkc0jADwEdj1,2019,2019-06-07,arabic,0.6402077374378381,0.7750244538637105,0.24169626070607894,0.15059934804383482,0.0
Bank Account,21 Savage,10s,5eqK0tbzUPo2SoeZsov04s,2017,2017-07-06,arabic,0.3475633344624864,0.8967503532224759,0.3618132442030499,0.015056690816787182,7.063572149344097e-06
Low Down,Lil Baby,20s,5m0yZ33oOy0yYBtdTXuxQe,2020,2020-05-01,arabic,0.6201636002477455,0.9815237474187588,0.12993524127846248,0.03553869235331883,0.0
10 Freaky Girls (with 21 Savage),"Metro Boomin, 21 Savage",10s,0AluA5RNsa4Cx6XRhf2hWZ,2018,2018-11-06,arabic,0.35357657561951417,0.8021954135420064,0.0454355546271151,0.5923680086356937,0.0
Freestyle,Lil Baby,10s,5BbdKBZO0TH0GhfxUfyhL9,2017,2017-12-01,arabic,0.5169362937187687,0.889142484512553,0.23542928765406307,0.21586062744945037,0.0
Walk Em Down (feat. Roddy Ricch),"NLE Choppa, Roddy Ricch",20s,1Z0cZI0UzNbP9L8MzzGxqf,2020,2020-08-07,arabic,0.7454394576858242,0.8782741006412347,0.642782536035095,0.26907367065710613,0.0
F.N,Lil Tjay,10s,0RLLvYBopDwooCyvnTwgYu,2019,2019-10-11,arabic,0.5159340868592641,0.5522225845016846,0.3043659912262377,0.35541936340915126,0.0
Baby (Lil Baby feat. DaBaby),"Quality Control, Lil Baby, DaBaby",10s,5MPPttjfGap2C6j6eKcO6J,2019,2019-08-16,arabic,0.46381933016502347,0.9902184545158135,0.44955086693127216,0.09608107924806678,0.0
back to the moon,Gunna,20s,3OGCNLxpBmTYRxPZg2yDE5,2023,2023-06-16,arabic,0.6632584952064446,0.7695902619280514,0.23960726968874033,0.10341042293515898,0.0
Stand By Me (feat. Morgan Wallen),"Lil Durk, Morgan Wallen",20s,1fXnu2HzxbDtoyvFPWG3Bw,2023,2023-05-26,arabic,0.7023445627271251,0.7076404738615368,0.5581783998328806,0.010538602242552262,0.0
Lean Wit Me,Juice WRLD,10s,3oDkdAySo1VQQG0ptV7uwa,2018,2018-12-10,arabic,0.6522342197518937,0.6587327464406043,0.21662836849801542,0.041562810452298725,0.0
Robbery,Juice WRLD,10s,6iaSML1PIYq936g62BDtBq,2019,2019-03-08,arabic,0.6933247009915834,0.6130855341810673,0.5602673908502193,0.32931485164690505,0.0
1400 / 999 Freestyle (feat. Juice WRLD),"Trippie Redd, Juice WRLD",10s,0axBgt9y0GvMCLuRl2xBKG,2018,2018-11-09,arabic,0.5730598778510279,0.8304532116074339,0.562356381867558,0.007928151066327641,0.0
Wishing Well,Juice WRLD,20s,2U5WueTLIK5WJLD7mvDODv,2020,2020-07-10,arabic,0.6141503590907177,0.6424301706336268,0.053060371840401084,0.0033699017047661853,0.0
All Girls Are The Same,Juice WRLD,10s,4VXIryQMWpIdGgYR4TrjT1,2018,2018-12-10,arabic,0.529964982892329,0.6652537767633954,0.18111552120325883,0.07720550920459643,0.0003380423814328961
Black & White,Juice WRLD,10s,1fCeXjoRExPP2qwSBh2aST,2018,2018-12-10,arabic,0.7374218028097871,0.7793718074122379,0.21245038646333822,0.08051877415903537,0.0
Lonely At The Top,Asake,20s,5ZtK8XAVnoaGdBXZWCEVCY,2023,2023-06-15,arabic,0.802565248677588,0.7815454841865015,0.9237518278671403,0.6947780163183519,0.00015640766902119072
Goodbyes (feat. Young Thug),"Post Malone, Young Thug",10s,0t3ZvGKlmYmVsDzBJAXK8C,2019,2019-09-06,arabic,0.6542386334709029,0.5304858167590479,0.13933570085648633,0.4578293710918095,0.0
Trance (with Travis Scott & Young Thug),"Metro Boomin, Travis Scott, Young Thug",20s,5wG3HvLhF6Y5KTGlK0IW3J,2022,2022-12-02,arabic,0.5530157406609354,0.7674165851537876,0.48297472320869017,0.1756998401229177,0.0
Active,"Asake, Travis Scott",20s,1qxKva4IzWde7m2jLpZvDU,2024,2024-08-08,arabic,0.6412099442973428,0.8804477774154983,0.5278880300814707,0.011040612084133919,0.0012008072653884965
Life Goes On,"Lil Baby, Gunna, Lil Uzi Vert",10s,2bSk87AVkCIIC3Bcligq1z,2018,2018-05-18,arabic,0.5419914652063845,0.7141615041843278,0.3733026947984123,0.002104836903980407,0.0
Easy On Me,Adele,20s,0gplL1WMoJ6iYaPgMCL0gX,2021,2021-10-14,pop,0.36660526479307437,0.5924356048255625,0.10486734907039899,0.5803197724377339,0.0
Wrecking Ball,Miley Cyrus,10s,2vwlzO0Qp8kfEtzTsCXfyE,2013,2013-10-04,pop,0.42272884892533363,0.5120095641778067,0.3336118654689784,0.408632406616807,0.0
All of Me,John Legend,10s,3U4isOIWM3VvDubwSI3y7a,2013,2013-08-30,pop,0.26438016512360224,0.3946310183675687,0.31481094631293083,0.9257025434459146,0.0
Just Give Me a Reason (feat. Nate Ruess),"P!nk, Nate Ruess",10s,1mKXFLRA179hdOWQBwUk9e,2012,2012-09-18,pop,0.5480047063634123,0.7815454841865015,0.4307499477752245,0.3453791665775181,0.0003087790110998991
Counting Stars,OneRepublic,10s,6sy3LkhNFjJWlaeSMNwQ62,2014,2014-01-01,pop,0.7073555970246482,0.6565590696663407,0.4641738040526425,0.0656592828482183,0.0
Unstoppable,Sia,10s,1yvMUkIOTeUNtNWlWRgANS,2016,2016-10-21,pop,0.7805166977684862,0.4446255841756331,0.24065176519740963,0.11244660008362882,0.00037638748738647834
Stick Season,Noah Kahan,20s,0mflMxspEfB0VbI1kyLiAv,2022,2022-10-14,pop,0.5009009839666947,0.6576459080534726,0.8057238353875079,0.8022081224168268,0.0
When I Was Your Man,Bruno Mars,10s,0nJW01T7XtvILxQgC5J7Wh,2012,2012-12-07,pop,0.2804154748756763,0.6011303119226171,0.3733026947984123,0.9357427402775479,0.0
Story of My Life,One Direction,10s,4nVBt6MZDDP6tRVdQTgxJg,2013,2013-11-25,pop,0.6642607020659492,0.5880882512770351,0.2678086484228117,0.22590082428108352,0.0
Another Love,Tom Odell,10s,3JvKfv6T31zO0ini8iNItO,2013,2013-06-24,pop,0.537982637768366,0.4196283012716009,0.10591184457906831,0.6977900753678419,1.6649848637739657e-05
lovely (with Khalid),"Billie Eilish, Khalid",10s,0u2P5u6lvoDfwTYjAADbn4,2018,2018-04-19,pop,0.2964507846277503,0.3174654928812085,0.09442239398370586,0.9377507796438744,0.0
Nonsense,Sabrina Carpenter,20s,6dgUya35uo964z7GZXM07g,2022,2022-07-15,pop,0.6983357352891065,0.7402456254754918,0.7336536452893253,0.02690412307811431,0.0
Shape of You,Ed Sheeran,10s,7qiZfU4dY1lWllzX7mPBI3,2017,2017-03-03,pop,0.6532364266113984,0.8326268883816976,0.9415082515145186,0.5833318314872239,0.0
Something in the Orange,Zach Bryan,20s,3WMj8moIAXJhHsyLaqIIHI,2022,2022-04-22,pop,0.19222127123926888,0.33702858384958156,0.12366826822644661,0.5572273197249777,8.425832492431886e-06
Say You Won't Let Go,James Arthur,10s,5uCax9HTNlzGybIStD3vDh,2016,2016-10-28,pop,0.5580267749584585,0.32507336159113137,0.4850637142260288,0.6977900753678419,0.0
Perfect,Ed Sheeran,10s,0tgVpDi06FyKpA1z0VMD4v,2017,2017-03-03,pop,0.448786227272454,0.5870014128899033,0.1445581783998329,0.16365160392495795,0.0
The Scientist,Coldplay,00s,75JFxkI2RXiU7L9VXzMkle,2002,2002-08-27,pop,0.4427729861154262,0.5413542006303663,0.19156047628995196,0.7339347839617213,1.4732593340060546e-05
Skyfall,Adele,10s,6VObnIkLVruX4UVyxWhlqm,2012,2012-10-04,pop,0.5530157406609354,0.3120313009455494,0.05149362857739711,0.41867260344844015,0.0
Thunder,Imagine Dragons,10s,1zB4vmk8tFRmM9UULNzbLB,2017,2017-06-23,pop,0.8236115927271852,0.5924356048255625,0.2698976394401504,0.0067434078401949265,0.13521695257315844
Lover,Taylor Swift,10s,1dGr1c8CrMLDpV6mPbImSI,2019,2019-08-23,pop,0.5439958789253937,0.3261601999782632,0.442239398370587,0.49397407968568885,1.594349142280525e-05
Circles,Post Malone,10s,21jGcNKet2qwijlDFuPiPb,2019,2019-09-06,pop,0.7644813880164122,0.6913378980545593,0.5445999582201797,0.18975611568720416,0.0024419778002018164
Heather,Conan Gray,20s,4xqrdfXkTW4T0RauPLv3WA,2020,2020-03-20,pop,0.4257354695038475,0.3239865232039995,0.2510967202841028,0.5863438905367139,0.0
Ghost,Justin Bieber,20s,6I3mqTwhRpn34SLVafSH7G,2021,2021-03-19,pop,0.7424328371073102,0.589175089664167,0.4297054522665552,0.18574003695455088,2.936427850655903e-05
Maps,Maroon 5,10s,4gbVRS8gloEluzf0GzDOFc,2014,2014-09-02,pop,0.7143710450411807,0.7424193022497555,0.8871944850637142,0.02057879907418542,0.0
Photograph,Ed Sheeran,10s,1HNkqx9Ahdgi1Ixy2xkKkL,2014,2014-06-21,pop,0.3796339539666346,0.6033039886968808,0.17902653018592019,0.6094363432494702,0.00046821392532795156
Stitches,Shawn Mendes,10s,5jsw9uXEGuKyJzs0boZ1bT,2015,2015-04-14,pop,0.7554615262808705,0.7532876861210738,0.7576770419887194,0.015157092785103514,0.0
Fix You,Coldplay,00s,7LVHVU3tWfcxj5aiPFEW4Q,2005,2005-06-07,pop,0.41771781462781044,0.1631344419084882,0.09860037601838312,0.16465562360812125,0.001977800201816347
Fast Car,Luke Combs,20s,1Lo0QY9cvc8sUB2vnIOxDT,2023,2023-03-24,pop,0.6041282904956714,0.7098141506358004,0.6688949237518279,0.1867440566377142,0.0
Before You Go,Lewis Capaldi,10s,2gMXnyrvIjhVBUZwvLZDMP,2019,2019-11-22,pop,0.5750642915700371,0.43484403869144655,0.16022561102987254,0.6104403629326334,0.0
Anti-Hero,Taylor Swift,20s,0V3wPSX9ygBnCm8psDIegu,2022,2022-10-21,pop,0.6492275991733798,0.6239539180523856,0.48088573219135156,0.12148277723209866,2.6437941473259332e-06
Complicated,Avril Lavigne,00s,5xEM5hIgJ1jjgcEBfpkt2F,2002,2002-06-04,pop,0.7775100771899723,0.5717856754700577,0.41508251514518485,0.05742632144627911,7.81029263370333e-06
Paradise,Coldplay,10s,6nek1Nin9q48AVZcWs9e9D,2011,2011-10-24,pop,0.5860885670245881,0.4239756548201282,0.19051598078128265,0.05110099744235023,8.829465186680121e-05
Memories,Maroon 5,20s,4cktbXiXOapiLBMprHFErI,2021,2021-06-11,pop,0.32751919727239387,0.778284969025106,0.5905577606016295,0.844376949109686,0.0
Thinking out Loud,Ed Sheeran,10s,34gCuhDGsG4bRPIf9bb02f,2014,2014-06-21,pop,0.4457796066939401,0.7848059993478971,0.5863797785669521,0.47590172538874914,0.0
Drops of Jupiter (Tell Me),Train,00s,2hKdd3qO7cWr2Jo0Bcs0MA,2001,2001-03-27,pop,0.6392055305783335,0.4587544832083469,0.4881972007520367,0.15361140709332477,0.0
Dance The Night - From Barbie The Album,Dua Lipa,20s,1vYXt7VSjH9JIM5oRRo7vA,2023,2023-05-25,pop,0.8466623504957917,0.6652537767633954,0.7785669521621057,0.02077960301081808,0.0
I Ain't Worried,OneRepublic,20s,4h9wh7iOZ0GGn8QVp4RAOB,2022,2022-05-13,pop,0.7985564212395696,0.7011194435387458,0.8307917275955713,0.08292842139862734,0.0007517658930373361
Try,P!nk,10s,1jF7IL57ayN4Ity3jQqGu0,2012,2012-09-18,pop,0.6291834619832872,0.6685142919247908,0.5456444537288491,0.0014421839130926188,0.0
This Love,Maroon 5,00s,6ECp64rv50XVz93WvxXMGF,2002,2002-01-01,pop,0.8636998671073705,0.7098141506358004,0.8140797994568624,0.05270742893541153,0.0
7 Years,Lukas Graham,10s,5kqIPrATaCc2LqxVWzQGbk,2016,2016-04-01,pop,0.4738413987600697,0.7674165851537876,0.32421140589095465,0.28815004463720906,0.0
Heartbreak Anniversary,Giveon,20s,3FAJ6O0NOHQV8Mc5Ri6ENp,2020,2020-03-27,pop,0.4658237438840327,0.4239756548201282,0.5362439941508252,0.526102709546915,1.029263370332997e-06
Cold Heart - PNAU Remix,"Elton John, Dua Lipa, PNAU",20s,6zSpb8dQRaw0M1dK8PBwQz,2021,2021-08-13,pop,0.7995586280990742,0.8011085751548745,0.9529977021098809,0.03413306479689019,4.2280524722502524e-05
Like I'm Gonna Lose You (feat. John Legend),"Meghan Trainor, John Legend",10s,2YlZnw2ikdb837oKMKjBkW,2015,2015-01-09,pop,0.5309671897518335,0.6206934028909902,0.4046375600584917,0.4016042688346638,0.0
Until I Found You (with Em Beihold) - Em Beihold Version,"Stephen Sanchez, Em Beihold",20s,1Y3LN4zO1Edc2EluIoSPJN,2022,2022-04-22,pop,0.5510113269419261,0.5348331703075753,0.3263003969082933,0.7801196893872339,0.0
She Will Be Loved - Radio Mix,Maroon 5,00s,4llK75pXNWZz6KAho2Gp16,2002,2002-01-01,pop,0.6642607020659492,0.6435170090207587,0.45477334447461876,0.22891288333057347,0.0
This Town,Niall Horan,10s,0qvzXomUDJVaUboy2wMfiS,2017,2017-10-20,pop,0.4016825048757364,0.6717748070861863,0.1727595571339043,0.7148584099816183,0.0
Lil Boo Thang,Paul Russell,20s,0cVyQfDyRnMJ0V3rjjdlU3,2023,2023-08-18,pop,0.7003401490081158,0.8597978480599935,0.9247963233758095,0.15260738741016144,0.0
STAY (with Justin Bieber),"The Kid LAROI, Justin Bieber",20s,5HCyWlXZPP0y6Gqq8TgA20,2021,2021-07-09,pop,0.7654835948759168,0.5783067057928486,0.46835178608731975,0.038450349434492444,0.0
Stuck with U (with Justin Bieber),"Ariana Grande, Justin Bieber",20s,4HBZA5flZLE435QTztThqH,2020,2020-05-08,pop,0.45079064099146327,0.5848277361156397,0.5299770210988093,0.2238927849147569,0.0
Marry You,Bruno Mars,10s,6SKwQghsR8AISlxhcwyA9R,2010,2010-05-11,pop,0.8216071790081759,0.6109118574068036,0.4411949028619177,0.33333093037955835,0.0
Dancing On My Own,Calum Scott,10s,2BOqDYLOJBiMOXShCV1neZ,2018,2018-03-09,pop,0.17418154776818554,0.6761221606347138,0.2103613954459996,0.8403608703770328,3.380423814328961e-05
Without Me,Halsey,20s,6FZDfxM3a3UCqtzo5pxSLZ,2020,2020-01-17,pop,0.4888745016526391,0.7532876861210738,0.5257990390641321,0.29417416273618896,9.283551967709385e-06
Leave Before You Love Me (with Jonas Brothers),"Marshmello, Jonas Brothers",20s,4qu63nuBpdn0qHUHuObEj1,2021,2021-05-21,pop,0.7394262165287964,0.719595696119987,0.6344265719657406,0.0022654800532865373,4.450050454086781e-06
Best Day Of My Life,American Authors,10s,5Hroj5K7vLpIG4FNCRIjbP,2014,2014-01-01,pop,0.9037881414875556,0.667427453537659,0.52893252559014,0.059333958844289415,0.00022906155398587285
Sugar,Maroon 5,10s,2iuZJX9X9P0GKaE93xcPjk,2014,2014-09-02,pop,0.7895365595040279,0.7489403325725464,0.8924169626070608,0.059333958844289415,0.0
The Middle,"Zedd, Maren Morris, Grey",10s,09IStsImFySgyp0pIQdqAc,2018,2018-01-23,pop,0.6582474609089215,0.7543745245082056,0.425527470231878,0.17168376139026448,0.0
Lose You To Love Me,Selena Gomez,20s,4l0Mvzj72xxOpRrp6h8nHi,2020,2020-01-10,pop,0.3425523001649633,0.4967938267579611,0.07280133695425109,0.5522072213091612,0.0
Nothing Breaks Like a Heart (feat. Miley Cyrus),"Mark Ronson, Miley Cyrus",10s,02dRkCEc8Q5ch4TTcnLxOn,2019,2019-06-21,pop,0.7955498006610556,0.589175089664167,0.22393983705870063,0.009906069842159372,1.3723511604439959e-06
Last Night,Morgan Wallen,20s,59uQI0PADDKeE6UZDTJEe8,2023,2023-01-31,pop,0.6742827706609955,0.4707097054667971,0.4787967411740129,0.4146565247157869,0.0
Royals,Lorde,10s,2dLLR6qlu5UJ5gk0dKz0h3,2013,2013-09-27,pop,0.42673767636335214,0.6685142919247908,0.32107791936494673,0.12047875754893535,0.0
Bleeding Love,Leona Lewis,00s,7wZUrN8oemZfsEd1CGkbXE,2007,2007-01-01,pop,0.6572452540494168,0.6293881099880448,0.20409442239398373,0.18875209600404083,0.0
A Thousand Miles,Vanessa Carlton,00s,4w1lzcaoZ1IC2K5TwjalRP,2002,2002-04-30,pop,0.8266182133056991,0.5446147157917619,0.24900772926676415,0.3242947532310885,0.0
Love Story (Taylor’s Version),Taylor Swift,20s,6YvqWjhGD8mB5QXcbcUKtx,2021,2021-04-09,pop,0.7935453869420465,0.6174328877295946,0.40254856904115305,0.1305189543805685,4.0060544904137234e-06
Señorita,"Shawn Mendes, Camila Cabello",10s,0TK2YIli7K1leLovkQiNik,2019,2019-06-21,pop,0.5409892583468798,0.7608955548309967,0.752454564445373,0.037145123846380135,0.0
Wide Awake,Katy Perry,10s,5JLv62qFIS1DR3zGEcApRt,2012,2012-03-12,pop,0.6843048392560418,0.49570698837082927,0.5665343639022352,0.0751974698382698,2.6639757820383455e-06
I'm Yours,Jason Mraz,00s,1EzrEOXmMH3G43AXT1y7pA,2008,2008-05-12,pop,0.4447773998344355,0.7000326051516139,0.7127637351159389,0.561243398457631,0.0
Wherever You Will Go,The Calling,00s,5QpaGzWp0hwB5faV8dkbAz,2001,2001-01-01,pop,0.7203842861982084,0.5424410390174982,0.35659076665970335,0.036843917941431145,0.0
Somebody That I Used To Know,"Gotye, Kimbra",10s,4wCmqSrbyCgxEXROQE6vtV,2011,2011-01-01,pop,0.49588994966917155,0.8750135854798392,0.7211196991852935,0.593372028318857,0.00013420787083753786
Girl on Fire,Alicia Keys,10s,4esOae7i4rqTbAu9o5Pxco,2012,2012-11-18,pop,0.7073555970246482,0.4598413215954787,0.11949028619176937,0.1355390527963851,0.0010696266397578205
You Know I'm No Good,Amy Winehouse,00s,0DMRKqrpd0QO4RWiEdMib0,2006,2006-01-01,pop,0.49588994966917155,0.6902510596674274,0.8036348443701693,0.013751465228674872,0.0035418768920282544
Be Alright,Dean Lewis,10s,3EPXxR3ImUwfayaurPi3cm,2018,2018-06-29,pop,0.5870907738840927,0.537006847081839,0.4317944432838939,0.6997981147341685,0.0
Someone To You,BANNERS,10s,2f0pn9DkEJwAzXApnFh5cr,2019,2019-10-04,pop,0.9047903483470603,0.5011411803064885,0.6500940045957803,0.005187177331291787,0.0
Arcade,Duncan Laurence,10s,1Xi84slp6FryDSCbzq4UCD,2019,2019-03-07,pop,0.3315280247104124,0.43484403869144655,0.2521412157927721,0.8202804767137664,0.0010494450050454085
Fight Song,Rachel Platten,10s,37f4ITSlgPX81ad2EvmVQr,2016,2016-01-01,pop,0.7153732519006852,0.5489620693402891,0.3137664508042615,0.055117076175003485,0.0
Teenage Dream,Katy Perry,10s,5jzKL4BDMClWqRguW5qZvh,2010,2010-01-01,pop,0.7995586280990742,0.7174220193457232,0.5863797785669521,0.01626151443658316,2.3612512613521695e-06
What About Us,P!nk,10s,0Qh38w01QRXK6KHIv0e3hb,2017,2017-10-13,pop,0.589095187603102,0.4696228670796652,0.17067056611656567,0.028209348666226618,2.0282542885973762e-06
Demons,Imagine Dragons,10s,3LlAyCYU26dvFZBDUIMb7a,2012,2012-09-04,pop,0.7113644244626668,0.47940441256385175,0.40672655107583033,0.19076013537036746,0.0002522704339051463
If You Love Her,Forest Blakk,20s,727Z2S2mtNH46CbP9EWPwY,2020,2020-09-30,pop,0.4457796066939401,0.24682099771763935,0.2594526843534573,0.3564233830923146,0.0
Issues,Julia Michaels,10s,7vu0JkJh0ldukEYbTVcqd0,2017,2017-07-28,pop,0.4157134009088012,0.7272035648299098,0.4443283893879256,0.40260828851782715,0.0
You Say,Lauren Daigle,10s,6Up545NUflOiXo8cEraH49,2018,2018-09-07,pop,0.6331922894213057,0.47288338224106075,0.05232922498433256,0.6847378194867189,0.0
If the World Was Ending (feat. Julia Michaels),"JP Saxe, Julia Michaels",10s,2kJwzbxV2ppxnQoYw4GLBZ,2019,2019-10-17,pop,0.4738413987600697,0.44027823062710575,0.5999582201796533,0.8694774411887689,0.0
Halo,Beyoncé,00s,4JehYebiI9JE8sR8MisGVb,2008,2008-11-17,pop,0.7213864930577131,0.4880991196609064,0.4620848130353039,0.2730897493897594,0.0
We Are Young (feat. Janelle Monáe),"fun., Janelle Monáe",10s,7a86XRg84qjasly9f6bPSD,2012,2012-02-21,pop,0.6392055305783335,0.34681012933376804,0.7367871318153332,0.02007678923260376,7.729566094853684e-05
No One,Alicia Keys,00s,6IwKcFdiRQZOWeYNhUiWIv,2007,2007-11-09,pop,0.5500091200824215,0.6359091403108358,0.1435136828911636,0.020980406947450743,8.93037336024218e-06
Back To Black,Amy Winehouse,00s,30FURVTCpbKyykjSEQzGkH,2006,2006-10-27,pop,0.7263975273552362,0.4685360286925334,0.3189889283476081,0.1234908165984253,2.7043390514631688e-05
"10,000 Hours (with Justin Bieber)","Dan + Shay, Justin Bieber",10s,2wrJq5XKLnmhRXHIAf9xBa,2019,2019-10-04,pop,0.6311878757022964,0.6467775241821542,0.41821600167119277,0.15361140709332477,0.0
Rise Up,Andra Day,10s,0tV8pOpiNsKqUys0ilUcXz,2015,2015-08-28,pop,0.31649492181784294,0.36854689707640476,0.15082515145184872,0.8082322405158067,0.0
Part Of Me,Katy Perry,10s,6yARPLK0PV4heEyh7pVMGz,2012,2012-01-01,pop,0.9238322786776483,0.6598195848277362,0.7608105285147274,0.00034579441907827763,0.0
jar of hearts,Christina Perri,10s,0HZhYMZOcUzZKSFwPOti6m,2011,2011-05-10,pop,0.348565541321991,0.31529181610694484,0.06162523501148945,0.7289146855459047,0.0
Chandelier,Sia,10s,2s1sdSqGcKxpPr5lCl7jAV,2015,2015-05-04,pop,0.7885343526445233,0.36963373546353656,0.5665343639022352,0.019775583327654764,6.125126135216952e-05
Control,Zoe Wees,20s,50Td3qilgs8BLtv8mHyT1t,2020,2020-03-13,pop,0.4658237438840327,0.5880882512770351,0.04031752663463547,0.6455810518433495,1.4934409687184662e-06
Starboy,"The Weeknd, Daft Punk",10s,7MXVkk9YMctZqd1Srtv4MB,2016,2016-11-25,pop,0.5880929807435974,0.67394848386045,0.47670775015667427,0.14156317089536496,6.407669021190717e-06
Without Me,Eminem,00s,7lQ8MOhq6IN2w8EYcFNSUk,2002,2002-05-26,pop,0.6702739432229771,0.9228344745136399,0.6605389596824734,0.0028678918631845273,0.0
Take on Me,a-ha,80s,2WfaOiMkCvy7F5fcp2zZ8L,1985,1985-06-01,pop,0.9037881414875556,0.5587436148244755,0.8840609985377063,0.01806874986627713,0.0012613521695257316
Hips Don't Lie (feat. Wyclef Jean),"Shakira, Wyclef Jean",00s,3ZFTkvIE7kyPt6Nu3PEa7V,2005,2005-11-28,pop,0.8256160064461945,0.7815454841865015,0.7608105285147274,0.28513798558771913,0.0
Yeah! (feat. Lil Jon & Ludacris),"USHER, Lil Jon, Ludacris",00s,5rb9QrpfcKFHM1EUbSIurX,2004,2004-03-23,pop,0.7925431800825418,0.9076187370937941,0.5780238144975977,0.018369955771226125,0.0
Shut Up and Dance,WALK THE MOON,10s,4kbj5MwxO1bq9wjT5g9HaA,2014,2014-12-02,pop,0.8677086945453889,0.5641778067601347,0.615625652809693,0.007034573548312288,0.0
Livin' On A Prayer,Bon Jovi,80s,37ZJ0p5Jm13JPevGcx4SkF,1986,1986-08-16,pop,0.8887550385949862,0.5141832409520705,0.7984123668268227,0.07810912691944341,0.00020787083753784057
Wake Me Up,Avicii,10s,0nrRP2bk19rLc0orkWPQk2,2013,2013-01-01,pop,0.7845255252065048,0.5141832409520705,0.6406935450177564,0.0038116703653580442,0.0012108980827447023
Toxic,Britney Spears,00s,6I9VzXrHxO9rA9A5euc8Ak,2003,2003-11-13,pop,0.8396469024792593,0.7771981306379742,0.9341967829538333,0.024996485680104007,0.025227043390514632
Sweet Dreams (Are Made of This) - 2005 Remaster,"Eurythmics, Annie Lennox, Dave Stewart",80s,1TfqLAPs4K3s2rJMoCokcS,1983,1983-01-04,pop,0.7123666313221714,0.6880773828931638,0.883016503029037,0.22590082428108352,0.0
TiK ToK,Kesha,10s,0HPD5WQqrq7wPWR7P7Dw1i,2010,2010-01-01,pop,0.8386446956197546,0.7565482012824694,0.7148527261332777,0.09949474617082205,0.0
Sorry,Justin Bieber,10s,09CtPGIpYB4BrO8qb1RGsF,2015,2015-11-13,pop,0.7614747674378982,0.647864362569286,0.3962815959891372,0.08001676431745372,0.0
Dancing Queen,ABBA,70s,0GjEhVFGZW8afUYGChu3Rr,1976,1976-01-01,pop,0.8717175219834075,0.5261384632105206,0.7566325464800502,0.3594354421418045,0.0009475277497477295
The Way I Are,"Timbaland, Keri Hilson, D.O.E.",00s,2bLqfJjuC5syrsgDsZfGmn,2007,2007-01-01,pop,0.8085784898346159,0.7282904032170416,0.7681219970754126,0.1817239582218976,0.756811301715439
DJ Got Us Fallin' In Love (feat. Pitbull),"USHER, Pitbull",10s,4356Typ82hUiFAynbLYbPn,2010,2010-03-30,pop,0.8626976602478658,0.6565590696663407,0.6521829956131189,0.03393226086025752,0.0
...Baby One More Time,Britney Spears,90s,3MjUtNVVq3C8Fn0MP3zhXa,1999,1999-01-12,pop,0.7003401490081158,0.7608955548309967,0.9164403593064551,0.20280837156832726,0.00013218970736629667
Ms. Jackson,Outkast,00s,0I3q5fE6wg7LIfHGngUTnV,2000,2000-10-31,pop,0.8075762829751112,0.8521899793500707,0.6093586797576771,0.14357121026169162,0.0
Poker Face,Lady Gaga,00s,1QV6tiMFM6fSOKOGLMHYYg,2008,2008-01-01,pop,0.8075762829751112,0.8608846864471253,0.7775224566534364,0.11947473786577203,1.7356205852674068e-06
Time of Our Lives,"Pitbull, Ne-Yo",10s,2bJvI42r8EF3wxjOuDav4r,2014,2014-11-21,pop,0.8035674555370927,0.719595696119987,0.7252976812199707,0.09246660838867884,0.0
I Wanna Dance with Somebody (Who Loves Me),Whitney Houston,80s,2tUBqZG2AbRi7Q0BIrVrEj,1987,1987-06-02,pop,0.8256160064461945,0.706553635474405,0.8746605389596824,0.2078284699841438,0.0003097880928355197
Gimme More,Britney Spears,00s,6ic8OlLUNEATToEFU3xmaH,2007,2007-10-25,pop,0.845660143636287,0.7924138680578199,0.3680802172550658,0.2510013163601664,0.0006841574167507569
24K Magic,Bruno Mars,10s,6b8Be6ljOzmkOmFslEb23P,2016,2016-11-17,pop,0.8045696623965973,0.8250190196717748,0.629204094422394,0.03413306479689019,0.0
Girls Just Want to Have Fun,Cyndi Lauper,80s,4y1LsJpmMti1PfRQV9AWWe,1983,1983-10-14,pop,0.8005608349585789,0.7076404738615368,0.7263421767286401,0.22088072586526694,0.0006074672048435924
Stereo Hearts (feat. Adam Levine),"Gym Class Heroes, Adam Levine",10s,0qOnSQQF0yzuPWsXrQ9paz,2011,2011-11-11,pop,0.7965520075205603,0.6380828170850995,0.8005013578441613,0.03202462346224722,0.0
Call Me Maybe,Carly Rae Jepsen,10s,20I6sIOMTCkB6w7ryavxtO,2012,2012-01-01,pop,0.581077532727065,0.7858928377350288,0.6584499686651348,0.011442219957399245,2.3007063572149345e-06
No Lie,"Sean Paul, Dua Lipa",10s,48QmG1dfvMuYLxMPt7KSRA,2018,2018-06-29,pop,0.883744004297463,0.7424193022497555,0.45268435345728014,0.04678371280474797,0.0
SexyBack (feat. Timbaland),"Justin Timberlake, Timbaland",00s,0O45fw2L5vsWpdsOdXwNAR,2006,2006-09-12,pop,0.5840841533055788,0.986957939354418,0.9759766033006058,0.05863114506607509,0.0
I Gotta Feeling,Black Eyed Peas,00s,4kLLWz7srcuLKA7Et40PQR,2009,2009-01-01,pop,0.767488008594926,0.7445929790240191,0.6062251932316691,0.08764731390949493,0.0
What Do You Mean?,Justin Bieber,10s,4B0JvthVoAAuygILe3n4Bs,2015,2015-11-13,pop,0.5680488435535047,0.8543636561243343,0.7973678713181533,0.5923680086356937,0.0014328960645812311
Don't Stop The Music,Rihanna,00s,0ByMNEPAPpOR5H69DVrTNy,2008,2008-06-02,pop,0.6702739432229771,0.8424084338658842,0.5404219761855025,0.03423346676520651,7.245206861755802e-05
Wannabe,Spice Girls,90s,1Je1IMUlBXcx1Fz0WE7oPT,1996,1996-01-01,pop,0.8657042808263796,0.7706771003151832,0.899728431167746,0.10140238356883235,0.0
"Moves Like Jagger - Studio Recording From ""The Voice"" Performance","Maroon 5, Christina Aguilera",10s,7pYfyrMNPn3wtoCyqcTVoI,2010,2010-01-01,pop,0.7624769742974029,0.7206825345071188,0.6208481303530395,0.011944229798980905,0.0
Oops!...I Did It Again,Britney Spears,00s,6naxalmIoLFWR0siv8dnQQ,2000,2000-05-16,pop,0.8356380750412408,0.752200847733942,0.9028619176937539,0.3012023005183322,1.786074672048436e-05
Tainted Love,Soft Cell,80s,0cGG2EouYCEEC3xfa0tDFV,1981,1981-01-01,pop,0.5019031908261993,0.47940441256385175,0.6198036348443702,0.4638534891907894,0.0
Just Dance,"Lady Gaga, Colby O'Donis",00s,1dzQoRqT5ucxXVaAhTcT0J,2008,2008-01-01,pop,0.7404284233883011,0.8293663732203022,0.7472320869020264,0.026502515204848982,4.318869828456105e-05
Candy Shop,"50 Cent, Olivia",00s,5D2mYZuzcgjpchVY1pmTPh,2005,2005-03-03,pop,0.5750642915700371,0.602217150309749,0.7576770419887194,0.025398093553369333,3.158425832492432e-05
Gimme! Gimme! Gimme! (A Man After Midnight),ABBA,70s,3vkQ5DAB1qQMYO4Mr9zJN6,1979,1979-01-01,pop,0.49188112223115305,0.7500271709596783,0.52893252559014,0.02007678923260376,0.009071644803229062
Don't You Worry Child - Radio Edit,"Swedish House Mafia, John Martin",10s,2V65y3PX4DkRhy1djlxd9p,2012,2012-09-14,pop,0.8416513161982686,0.6011303119226171,0.4265719657405473,0.11244660008362882,0.0
Rock Your Body,Justin Timberlake,00s,1AWQoqb9bSvzTjaLralEkT,2002,2002-11-04,pop,0.7153732519006852,0.9054450603195305,0.8224357635262168,0.20180435188516396,0.00023612512613521694
Disturbia,Rihanna,00s,2VOomzT6VavJOGBeySqaMc,2008,2008-06-02,pop,0.8155939378511482,0.7043799587001413,0.7179862126592855,0.08644249028969894,0.0
Believe,Cher,90s,2goLsvvODILDzeeiT4dAoR,1998,1998-01-01,pop,0.918821244380125,0.6446038474078905,0.44850637142260286,0.008229356971276636,0.0
Don't Go Breaking My Heart,"Elton John, Kiki Dee",70s,7HW5WIw7ZgZORCzUxv5gW5,1975,1975-10-24,pop,0.845660143636287,0.7282904032170416,0.7806559431794444,0.1495953283606715,2.8960645812310797e-06
Can't Get You out of My Head,Kylie Minogue,00s,3E7ZwUMJFqpsDOJzEkBrQ7,2001,2001-10-01,pop,0.5640400161154863,0.7685034235409195,0.9759766033006058,0.02640211323653265,0.6892028254288598
Temperature,Sean Paul,00s,0k2GOhqsrxDTAbFFSdNJjT,2005,2005-09-26,pop,0.6011216699171575,0.9695685251603087,0.8276582410695633,0.10642248198464893,0.0
Latch,"Disclosure, Sam Smith",10s,51ODNNDZm21HU7wI7cccRr,2013,2013-06-03,pop,0.7273997342147408,0.4826649277252472,0.5216210570294547,0.015960308531634167,8.052472250252271e-05
9 to 5,Dolly Parton,80s,4w3tQBXhn5345eUXDGBWZG,1980,1980-01-01,pop,0.7845255252065048,0.5380936854689707,0.8182577814915395,0.4176685837652768,1.5539858728557013e-06
Shake It Off,Taylor Swift,10s,0cqRj7pUJDkTCEsJkx8snD,2014,2014-01-01,pop,0.8015630418180835,0.6391696554722314,0.9529977021098809,0.06495646907000398,0.0
Pon de Replay,Rihanna,00s,4TsmezEQVSZNNPv5RJ65Ov,2005,2005-08-29,pop,0.6412099442973428,0.7826323225736334,0.4902861917693754,0.00015201862022775766,0.0007729566094853683
Lady - Hear Me Tonight,Modjo,00s,49X0LAl6faAusYq02PRAY6,2001,2001-01-01,pop,0.8095806966941205,0.7185088577328551,0.8767495299770212,0.007958271656822538,0.02956609485368315
All That She Wants,Ace of Base,90s,6kWJvPfC4DgUpRsXKNa9z9,1993,1993-12-24,pop,0.6261768414047733,0.8032822519291382,0.8652600793816586,0.005488383236240782,8.052472250252271e-05
Levels - Radio Edit,Avicii,10s,5UqCQaDshqbIk3pkhy4Pjg,2011,2011-10-28,pop,0.8907594523139954,0.5706988370829258,0.45372884896594945,0.046382104931482634,0.8355196770938446
Billie Jean,Michael Jackson,00s,5ChkMS8OtdzJeqyybCc9R5,2008,2008-02-08,pop,0.6552408403304075,0.9358765351592219,0.8537706287862962,0.023691260091991698,0.015438950554994954
Feel This Moment (feat. Christina Aguilera),"Pitbull, Christina Aguilera",10s,0Hf4aIJpsN4Os2f0y0VqWl,2012,2012-01-01,pop,0.759470353718889,0.667427453537659,0.5351994986421559,0.03915316321270677,0.0
Crazy In Love (feat. Jay-Z),"Beyoncé, JAY-Z",00s,5IVuqXILoxVWvWEPm82Jxr,2003,2003-06-24,pop,0.7714968360329445,0.6380828170850995,0.6803843743471903,0.0024964045804141003,0.0
Can't Hold Us (feat. Ray Dalton),"Macklemore, Ryan Lewis, Macklemore & Ryan Lewis, Ray Dalton",10s,3bidbhpOYeV4knp8AIu8Xn,2012,2012-10-09,pop,0.9238322786776483,0.6326486251494403,0.8537706287862962,0.029213368349389934,0.0
Starships,Nicki Minaj,10s,2EBCVPNAG46nbgs6jXPGvv,2012,2012-01-01,pop,0.7173776656196945,0.7478534941854147,0.7534990599540422,0.1355390527963851,0.0
No Diggity,"Blackstreet, Dr. Dre, Queen Pen",90s,6MdqqkQ8sSC0WB4i8PyRuQ,1996,1996-09-09,pop,0.6472231854543705,0.8782741006412347,0.6688949237518279,0.30421435956782217,0.0
Walking On Sunshine,Katrina & The Waves,80s,05wIrZSwuaVWhcv5FfqeH0,1985,1985-01-01,pop,0.8717175219834075,0.5848277361156397,0.9550866931272195,0.011944229798980905,0.16750756811301717
International Love (feat. Chris Brown),"Pitbull, Chris Brown",10s,62zFEHfAYl5kdHYOivj4BC,2011,2011-06-17,pop,0.856684419090838,0.6641669383762635,0.645916022561103,0.012446239640562561,0.0
Mamma Mia,ABBA,70s,2TxCwUlqaOH3TIyJqGgR91,1975,1975-01-01,pop,0.7494482851238427,0.7500271709596783,0.8328807186129099,0.2961822021025156,0.0004470232088799193
Don't You Want Me,The Human League,80s,3L7RtEcu1Hw3OXrpnthngx,1981,1981-01-01,pop,0.7394262165287964,0.7304640799913052,0.9697096302485899,0.18473601727138755,0.0
"CAN'T STOP THE FEELING! (from DreamWorks Animation's ""TROLLS"")",Justin Timberlake,10s,6JV2JOEocMgcZxYSZelKcc,2016,2016-05-06,pop,0.8316292476032222,0.6598195848277362,0.7023187800292459,0.01234583767224623,0.0
Boogie Wonderland,"Earth, Wind & Fire, The Emotions",70s,6ztstiyZL6FXzh4aG46ZPD,1979,1979-06-01,pop,0.7574659399998798,0.8076296054776656,0.9749321077919365,0.08463525486000498,0.007719475277497477
Con Calma,"Daddy Yankee, Snow",10s,5w9c2J52mkdntKOmRLeM2m,2019,2019-01-24,pop,0.8616954533883612,0.7369851103140963,0.6542719866304575,0.1104385607173022,1.9576185671039354e-06
Glad You Came,The Wanted,10s,5yDL13y5giogKs2fSNf7sj,2011,2011-01-01,pop,0.8526755916528195,0.7206825345071188,0.4411949028619177,0.03202462346224722,0.0
Lean On (feat. MØ & DJ Snake),"Major Lazer, MØ, DJ Snake",10s,2YWjW3wwQIBLNhxWKBQd16,2015,2015-11-27,pop,0.8105829035536252,0.7217693728942506,0.25527470231878,0.0034703036730825165,0.00124117053481332
Good Feeling,Flo Rida,10s,2LEF1A8DOZ9wRYikWgVlZ8,2012,2012-06-22,pop,0.8917616591735,0.7032931203130094,0.6835178608731983,0.05903275293934042,0.002885973763874874
Good Time,"Owl City, Carly Rae Jepsen",10s,1kPpge9JDLpcj15qgrPbYX,2012,2012-08-17,pop,0.8737219357024167,0.5446147157917619,0.6814288698558597,0.023992465996940694,7.043390514631685e-06
Replay,Iyaz,00s,4E5P1XyAFtrjpiIxkydly4,2009,2009-08-18,pop,0.7524549057023566,0.7032931203130094,0.1727595571339043,0.17369180075659107,0.0
Break Free,"Ariana Grande, Zedd",10s,12KUFSHFgT0XCoiSlvdQi4,2014,2014-08-22,pop,0.7033467695866297,0.6815563525703728,0.271986630457489,0.006392000951087765,4.5005045408678106e-05
"Freed From Desire - prod. Molella, Phil Jay","Gala, Molella, Phil Jay",90s,3u5N55tHf7hXATSQrjBh2q,1997,1997-11-17,pop,0.8626976602478658,0.7011194435387458,0.6333820764570712,0.5893559495862037,0.062058526740666
Flashdance...What a Feeling - Radio Edit,Irene Cara,80s,3cbV252akVZInSvJk7jAYX,1983,1983-11-02,pop,0.6562430471899122,0.5576567764373438,0.3785251723417589,0.005809669534853042,3.440968718466196e-06
Ride Wit Me,"Nelly, City Spud",00s,3Gf5nttwcX9aaSQXRWidEZ,2000,2000-06-27,pop,0.7013423558676204,0.8597978480599935,0.7252976812199707,0.060940390337350714,1.6750756811301716e-06
Mambo No. 5 (a Little Bit of...),Lou Bega,90s,6x4tKaOzfNJpEJHySoiJcs,1999,1999-07-19,pop,0.8085784898346159,0.6119986957939355,0.9007729266764153,0.10341042293515898,0.0
Let's Groove,"Earth, Wind & Fire",80s,3koCCeSaVUyrRo3N2gHrd8,1981,1981-11-14,pop,0.6492275991733798,0.8804477774154983,0.9091288907457699,0.12148277723209866,2.1897073662966698e-05
"Whenever, Wherever",Shakira,00s,2lnzGkdtDj5mtlcOW2yRtG,2001,2001-11-13,pop,0.8336336613222315,0.7989348983806108,0.8788385209943598,0.2379490604790433,1.1503531786074672e-05
Destination Calabria - Radio Edit,"Alex Gaudino, Crystal Waters",00s,5TmFTHZp7HjBXjjsFvCY6h,2007,2007-02-19,pop,0.9559028981817963,0.6174328877295946,0.2949655316482139,0.0015024250940824176,0.0008213925327951565
Everybody (Backstreet's Back) - Radio Edit,Backstreet Boys,90s,1di1BEgJYzPvXUuinsYJGP,1997,1997-08-12,pop,0.8546800053718288,0.7304640799913052,0.6010027156883225,0.03533788841668617,0.0
Like a Prayer,Madonna,00s,1z3ugFmUKoCzGsI6jdY4Ci,2009,2009-09-18,pop,0.8436557299172778,0.615259210955331,0.24065176519740963,0.26505759192445283,2.1392532795156407e-05
Hot N Cold,Katy Perry,00s,0iGckQFyv6svOfAbAY9aWJ,2008,2008-06-17,pop,0.8436557299172778,0.7032931203130094,0.8683935659076666,7.4006290845968e-05,0.0
Bye Bye Bye,*NSYNC,00s,4r8lRYnoOGdEi6YyI5OC1o,2000,2000-03-21,pop,0.929845519834676,0.6033039886968808,0.8871944850637142,0.04096039864240074,0.0010494450050454085
Hot In Herre,Nelly,00s,04KTF78FFg8sOHC1BADqbY,2002,2002-06-25,pop,0.7424328371073102,0.9750027170959679,0.9206183413411323,0.20481641093465386,0.0
Take A Chance On Me,ABBA,70s,5BckPAYcKEJuYs1eV1BHHe,1977,1977-01-01,pop,0.6762871843800048,0.6793826757961092,0.9341967829538333,0.16365160392495795,0.0
Barbie Girl,Aqua,90s,5ZrDlcxIDZyjOzHdYW1ydr,1997,1997-01-01,pop,0.8807373837189492,0.8184979893489839,0.9738876122832671,0.017064730183113812,0.2260343087790111
Give It To Me,"Timbaland, Justin Timberlake, Nelly Furtado",00s,0wbDgMuAoy7O7pL3a69uZx,2007,2007-04-02,pop,0.7123666313221714,0.9956526464514727,0.8203467725088782,0.16867170234077453,0.0005570131180625631
Just Can't Get Enough,Depeche Mode,80s,0qi4b1l0eT3jpzeNHeFXDT,1981,1981-11-02,pop,0.7735012497519538,0.7685034235409195,0.9289743054104868,0.40461632788415375,0.05893037336024218
Stayin' Alive,Bee Gees,70s,4UDmDIqJIbrW0hMBQMFOsM,1977,1977-12-13,pop,0.5359782240493567,0.7043799587001413,0.6386045540004178,0.11345061976679215,0.0062058526740666
Return of the Mack,Mark Morrison,90s,3jDdpx9PMlfMBS5tOBHFm9,1996,1996-04-22,pop,0.8346358681817362,0.7130746657971959,0.6083141842490077,0.0063317597700979665,0.0
Don't Stop 'Til You Get Enough,Michael Jackson,70s,46eu3SBuFCXWsPT39Yg3tJ,1979,1979-08-10,pop,0.8226093858676806,0.8902293228996848,0.9582201796532275,0.12650287564791524,0.04651866801210899
"December, 1963 (Oh What a Night!)",Frankie Valli & The Four Seasons,70s,1hQFF33xi8ruavZNyovtUN,1975,1975-01-01,pop,0.49588994966917155,0.7369851103140963,0.9791100898266137,0.05903275293934042,9.202825428859738e-06
Don't Worry (with Ray Dalton) - Radio Edit,"Madcon, Ray Dalton",10s,63CSozvYUEudPp12679UVF,2015,2015-04-10,pop,0.7003401490081158,0.817411150961852,0.7346981407979946,0.07288822456699418,1.3925327951564077e-06
Livin' la Vida Loca,Ricky Martin,90s,0Ph6L4l8dYUuXFmb71Ajnd,1999,1999-01-01,pop,0.9559028981817963,0.3978915335289642,0.9435972425318572,0.004153037057633571,0.0
Blurred Lines,"Robin Thicke, T.I., Pharrell Williams",10s,0n4bITAu0Y0nigrz3MFJMb,2013,2013-01-01,pop,0.600119463057653,0.863058363221389,0.8495926467516189,0.003349821311102919,8.002018163471241e-06
4 Minutes (feat. Justin Timberlake & Timbaland),"Madonna, Justin Timberlake, Timbaland",00s,1oHClQEgDmmbcEx12Kc5nZ,2009,2009-09-18,pop,0.9328521404131899,0.7543745245082056,0.7702109880927512,0.009976351219980804,0.007023208879919273
Call on Me - Radio Mix,Eric Prydz,00s,1xNcBAoUw8Hz6LqK2jt4Ff,2004,2004-09-10,pop,0.8386446956197546,0.5848277361156397,0.4359724253185711,0.0042835596164448025,0.001160443995963673
Best of My Love,The Emotions,70s,2M2WJ7gBlcKNxdhyfPp9zY,1977,1977-06-10,pop,0.7143710450411807,0.7880665145092925,0.9822435763526217,0.44879319394333966,0.14127144298688196
Get Up (Rattle) [feat. Far East Movement] - Vocal Edit,"Bingo Players, Far East Movement",10s,3wLPRjw2XQpmowqXUXb3UF,2012,2012-12-08,pop,0.9869713108264399,0.8065427670905337,0.7211196991852935,0.02057879907418542,6.922300706357215e-06
Kiss,Prince,80s,62LJFaYihsdVrrkgUOJC05,1986,1986-03-31,pop,0.2713956131401346,0.9119660906423215,0.7440986003760184,0.013550661292042208,0.0013925327951564077
Where Them Girls At (feat. Nicki Minaj & Flo Rida),"David Guetta, Flo Rida, Nicki Minaj",10s,7ks6AZmFcm3Y6PGGxGSmlB,2012,2012-12-07,pop,0.8777307631404352,0.6598195848277362,0.5456444537288491,0.05521747814331982,0.0
I Kissed A Girl,Katy Perry,00s,14iN3o8ptQ8cFVZTEmyQRV,2008,2008-06-17,pop,0.7614747674378982,0.6989457667644821,0.69605180697723,0.0022654800532865373,0.0
Miami,Will Smith,90s,6e8Ou0wiqAzIpWb2eSxll8,1997,1997-10-03,pop,0.5349760171898521,0.889142484512553,0.8986839356590767,0.034032662828573854,1.6851664984863773e-05
Coco Jamboo,Mr. President,90s,5fRvePkRGdpn2nKacG7I6d,1996,1996-05-17,pop,0.8396469024792593,0.8402347570916204,0.9770210988092751,0.07941435250755574,0.0
Born to Be Alive - The Original,Patrick Hernandez,70s,3XIEWK1V9n25PS9Vb6axj5,1978,1978-01-01,pop,0.8697131082643982,0.7011194435387458,0.8130353039481931,0.083731637145158,0.0
Music Sounds Better With You - Radio Edit,"Stardust, Benjamin Diamond, Alan Braxe, Thomas Bangalter",90s,1mv4lh1rW1K6xhxhJmEezy,1998,1998-07-20,pop,0.6632584952064446,0.7282904032170416,0.34405682055567155,0.0012815407637864881,0.20988900100908173
Gangnam Style (강남스타일),PSY,10s,03UrZgTINDqvnUMbbIMhql,2012,2012-01-01,pop,0.9388653815702177,0.7261167264427779,0.7514100689367036,0.004183157648128471,0.0
All Around The World (La La La),"R3HAB, A Touch Of Class",10s,02itaCXOdC54J0ISjqqFAp,2019,2019-04-05,pop,0.8606932465288565,0.732637756765569,0.5122205974514309,0.4809218238045657,0.06508577194752775
The Sign,Ace of Base,90s,0hrBpAOgrt8RXigk83LLNE,1993,1993-12-24,pop,0.7875321457850186,0.8141506358004565,0.9080843952371005,0.009313698229093016,0.07073662966700302
Don't Cha,"The Pussycat Dolls, Busta Rhymes",00s,0BxfFnk0YzONqvmrkO0QrB,2005,2005-01-01,pop,0.6311878757022964,0.8869688077382893,0.5414664716941718,0.005478343039409148,2.4924318869828457e-06
U Can't Touch This,MC Hammer,90s,1B75hgRqe7A4fwee3g3Wmu,1990,1990-02-20,pop,0.5179385005782734,0.8782741006412347,0.869438061416336,0.004504443946740731,0.00034611503531786075
Love Really Hurts Without You,Billy Ocean,70s,4GhtDORJiSRYxj6M1bv0vX,1976,1976-01-05,pop,0.9087991757850787,0.49896750353222474,0.9728431167745979,0.002215279069128372,1.160443995963673e-05
Cotton Eye Joe,Rednex,90s,06hsdMbBxWGqBO0TV0Zrkf,1994,1994-08-12,pop,0.937863174710713,0.7282904032170416,0.5936912471276373,0.012948249482144219,0.0009001009081735621
Born This Way,Lady Gaga,10s,30XU4suKzCeoCK9YFzdufg,2011,2011-05-23,pop,0.829624833884213,0.5739593522443213,0.4840192187173595,0.0032795399332814865,0.0
Rockabye (feat. Sean Paul & Anne-Marie),"Clean Bandit, Sean Paul, Anne-Marie",10s,5knuzwU65gJK7IF5yJsuaW,2016,2016-10-21,pop,0.7644813880164122,0.7185088577328551,0.7440986003760184,0.4076283869336437,0.0
Tarzan Boy,Baltimora,80s,273uCXd7NPrInaiNqtkOrA,1985,1985-01-01,pop,0.5740620847105325,0.6793826757961092,0.7169417171506163,0.3192746548152719,0.028254288597376387
The Rhythm of the Night,Corona,90s,0ofMkI3jzmGCElAOgOLeo3,1994,1994-01-01,pop,0.8065740761156066,0.6859037061189001,0.8036348443701693,0.00022932813583133297,0.7457114026236125
Never Forget You,"Zara Larsson, MNEK",10s,6hmhG1b4LEyNuashVvuIAo,2017,2017-03-17,pop,0.7334129753717686,0.5696119986957939,0.25840818884478794,0.003159057571301889,9.656912209889001e-06
Ice Ice Baby,Vanilla Ice,00s,3XVozq1aeqsJwpXrEZrDJ9,2008,2008-11-04,pop,0.7935453869420465,1.0,0.5780238144975977,0.0025064447772457335,7.780020181634713e-06
Beanie,Chezile,20s,5e0b9LgOfi3aJSKXFcOWRe,2023,2023-11-28,pop,0.557024568098954,0.5130964025649386,0.13202423229580112,0.408632406616807,0.009233097880928355
the perfect pair,beabadoobee,20s,41P6Tnd8KIHqON0QIydx6a,2022,2022-07-15,pop,0.6642607020659492,0.6250407564395175,0.5957802381449759,0.4347369183790532,0.12512613521695257
Nothing's New,Rio Romeo,20s,0EF1EE8zusg3Y869e56JFd,2022,2022-09-23,pop,0.394667056859204,0.3935441799804369,0.38583664090244413,0.8664653821392789,4.783047426841574e-06
Bags,Clairo,10s,6UFivO2zqqPFPoQYsEMuCc,2019,2019-08-02,pop,0.5470024995039077,0.7424193022497555,0.8757050344683518,0.17268778107342778,0.3834510595358224
Tip Toe,HYBS,20s,0MJ5wKsPEeihONNfugHGy7,2023,2023-06-20,pop,0.4868700879336299,0.6826431909575047,0.7963233758094841,0.5893559495862037,0.12714429868819374
For the First Time,Mac DeMarco,10s,2R4AlwtrrkMaRKojcTIzmL,2017,2017-05-05,pop,0.529964982892329,0.5348331703075753,0.5132650929601003,0.29718622178567894,0.009384460141271441
Better,sign crushes motorist,20s,0Z94dtWElamDwU4NrcGoUR,2022,2022-08-05,pop,0.08668888893343142,0.6924247364416911,0.3336118654689784,0.9919678425346935,0.9303733602421796
4EVER,Clairo,10s,5mIOsPuQdXchVY0jB5NO9Q,2018,2018-04-27,pop,0.5860885670245881,0.7511140093468102,0.5790683100062669,0.049193360044339926,0.005570131180625631
In A Good Way,Faye Webster,20s,2VYnlKxB8jpbCeLUjQsebc,2021,2021-06-25,pop,0.28642871603270403,0.5739593522443213,0.28452057656152074,0.18574003695455088,0.029061553985872856
i wanna be your girlfriend,girl in red,10s,5PjdC2gMATetx5xdnwGUu7,2018,2018-03-02,pop,0.38264057454514844,0.523964786436257,0.32734489241696263,0.021582818757348732,0.0008435923309788094
Like a Stone,Audioslave,00s,3YuaBvuZqcwN3CEAyyoaei,2002,2002-11-17,rock,0.5690510504130094,0.6033039886968808,0.5080426154167537,0.007998432444149071,0.0
Do I Wanna Know?,Arctic Monkeys,10s,5FVd6KXrgO9B3JPmC8OPst,2013,2013-09-09,rock,0.5329716034708428,0.5315726551461798,0.39210361395446,0.1867440566377142,0.0002653884964682139
Ride,Twenty One Pilots,10s,2Z8WuEywRWYTKe1NybPQEW,2015,2015-05-15,rock,0.7143710450411807,0.6369959786979676,0.5602673908502193,0.008379959923751132,0.0
Otherside,Red Hot Chili Peppers,90s,64BbK9SFKH2jk86U3dGj2P,1999,1999-06-08,rock,0.7965520075205603,0.43375720030431475,0.5049091288907458,0.003169097768133522,0.00020383451059535822
What I've Done,Linkin Park,00s,18lR4BzEs7e3qzc0KVkTpU,2007,2007-05-14,rock,0.9368609678512084,0.6174328877295946,0.268853143931481,0.00923337665443995,0.0
Decode,Paramore,00s,1ZLtE9tSJdaUiIJ9YoKHQe,2008,2008-11-04,rock,0.8717175219834075,0.2402999673948484,0.2657196574054731,0.0006851530719874783,0.006135216952573159
Breaking the Habit,Linkin Park,00s,3dxiWIBVJRlqh9xk144rf4,2003,2003-09-16,rock,0.8667064876858843,0.5663514835343985,0.5822017965322749,0.1054184623014856,0.0
Maps,Yeah Yeah Yeahs,00s,0hDQV9X1Da5JrwhK8gu86p,2003,2003-04-29,rock,0.942874209008236,0.4815780893381154,0.09860037601838312,0.000343786379711951,0.3218970736629667
BURN IT DOWN,Linkin Park,10s,7oVEtyuv9NBmnytsCIsY5I,2012,2012-06-19,rock,0.9739426216528796,0.5717856754700577,0.5801128055149363,0.014353877038572861,0.0
New Divide,Linkin Park,00s,6Wx88Mv6b9ofjKMKkdwOJd,2009,2009-06-12,rock,0.8095806966941205,0.4717965438539289,0.3659912262377272,0.00023234019488082292,0.0
21 Guns,Green Day,00s,64yrDBpcdwEdNY9loyEGbX,2009,2009-05-15,rock,0.7434350439668149,0.22725790674926638,0.4035930645498224,0.052004615157197204,0.0
Everybody's Changing,Keane,00s,0yac0FPhLRH9i9lOng3f81,2004,2004-05-10,rock,0.8406491093387639,0.49788066514509294,0.4035930645498224,0.001402023125766086,0.0003683148335015136
Leave Out All The Rest,Linkin Park,00s,0sp00HSXkQyqTa6QqM0O8V,2007,2007-05-14,rock,0.6382033237188288,0.4946201499836974,0.15709212450386462,0.2138525880831237,2.2906155398587286e-06
I Don't Love You,My Chemical Romance,00s,4RAOI1etsgbh5NP3T5R8rN,2006,2006-10-23,rock,0.7975542143800649,0.25008151287903485,0.3137664508042615,0.0084000403174144,2.6337033299697278e-05
Scar Tissue,Red Hot Chili Peppers,90s,1G391cbiT3v3Cywg8T7DM1,1999,1999-06-08,rock,0.7183798724791992,0.5826540593413759,0.5404219761855025,0.07820952888775975,0.0027648839556004036
Where Is My Mind?,Pixies,80s,0KzAbK6nItSqNh8q70tb0K,1988,1997-10-06,rock,0.4427729861154262,0.4935333115965656,0.2228953415500313,0.007335779453261282,0.0008456104944500505
CASTLE OF GLASS,Linkin Park,10s,1r1fPuhj9H4VdXr7OK6FL5,2012,2012-06-19,rock,0.9128080032230973,0.6043908270840126,0.6845623563818677,0.06887214583434091,0.0018970736629667002
Can't Stop,Red Hot Chili Peppers,00s,3ZOEytgrvLwQaqXreDs2Jx,2002,2002-07-09,rock,0.9398675884297222,0.6076513422454082,0.883016503029037,0.017968347897960795,0.0
Black,Pearl Jam,90s,5Xak5fmy089t0FYmh3VJiY,1991,1991-08-27,rock,0.6853070461155465,0.32724703836539504,0.17798203467725088,0.3242947532310885,0.0
THE LONELIEST,Måneskin,20s,1Ame8XTX6QHY0l0ahqUhgv,2022,2022-10-07,rock,0.5961106356196344,0.5000543419193566,0.21662836849801542,0.0015124652909140508,0.0
Ain't No Rest for the Wicked,Cage The Elephant,00s,3Pzh926pXggbMe2ZpXyMV7,2009,2009-03-24,rock,0.8506711779338102,0.6272144332137811,0.9268853143931481,0.04397245769189068,0.0
Snow (Hey Oh),Red Hot Chili Peppers,00s,2aibwv5hGXSgw7Yru8IYTO,2006,2006-05-09,rock,0.9017837277685463,0.4000652103032279,0.5947357426363067,0.1164626788162821,1.765893037336024e-05
Supermassive Black Hole,Muse,00s,3lPr8ghNDBLc2uZovNyLs9,2006,2006-06-19,rock,0.9228300718181436,0.6619932616019999,0.7858784207227909,0.049394163980972586,0.005216952573158426
My Demons,STARSET,10s,3Xfg7AegXaDLoD5GOUMf2e,2014,2014-01-01,rock,0.6532364266113984,0.23377893707205738,0.07353248381031961,0.0077072667360317095,6.478304742684158e-05
Use Somebody,Kings of Leon,00s,5VGlqQANWDKJFl0MBG3sg2,2008,2008-09-23,rock,0.7163754587601899,0.23595261384632107,0.1497806559431794,0.0055385842203989465,0.00042078708375378407
Dani California,Red Hot Chili Peppers,00s,10Nmj3JCNoMeBQ87uw5j8k,2006,2006-05-09,rock,0.9148124169421066,0.5402673622432345,0.7315646542719866,0.01937397545438944,8.668012108980828e-06
"Sex, Drugs, Etc.",Beach Weather,10s,7DbdUf8aHSYoliSjO6LZv6,2016,2016-11-04,rock,0.8406491093387639,0.5576567764373438,0.45477334447461876,0.01304865145046055,0.009848637739656912
In My Place,Coldplay,00s,2nvC4i2aMo4CzRjRflysah,2002,2002-08-27,rock,0.589095187603102,0.39680469514183236,0.17067056611656567,0.05551868404826882,4.994954591321897e-06
Paralyzer,Finger Eleven,00s,28IEbk5a7twNTbUEvWslUb,2007,2007-01-01,rock,0.9408697952892269,0.6359091403108358,0.8683935659076666,0.15762748582597805,0.0
Last Night on Earth,Green Day,00s,5TpPSTItCwtZ8Sltr3vdzm,2009,2009-05-15,rock,0.4868700879336299,0.5402673622432345,0.2228953415500313,0.037245525814696465,1.4631685166498487e-06
In the Shadows,The Rasmus,00s,1fr92Vupmcs2vgLMFVQ7rd,2003,2003-03-24,rock,0.7975542143800649,0.5880882512770351,0.752454564445373,0.00010583371480224513,5.247225025227043e-05
Take Me Out,Franz Ferdinand,00s,20I8RduZC2PWMWTDCZuuAN,2004,2004-02-16,rock,0.6642607020659492,0.2370394522334529,0.5195320660121161,0.0004070396197512399,0.0005146316851664985
Far Behind,Candlebox,90s,3mhOmh4tRKsMfnRmgZfeBm,1993,1993-07-16,rock,0.6462209785948659,0.5359200086947071,0.5832462920409442,0.0018739123768528444,1.3925327951564077e-06
Just Like Heaven,The Cure,80s,4NnWuGQujzWUEg0uZokO5M,1987,1987-01-01,rock,0.9418720021487315,0.4109335941745462,0.4704407771046584,0.0526070269670952,0.0005782038345105954
By the Way,Red Hot Chili Peppers,00s,1f2V8U1BiWaC9aJWmpOARe,2002,2002-07-09,rock,0.9719382079338703,0.4261493315943919,0.17589304365991226,0.026502515204848982,0.003582240161453078
Two Faced,Linkin Park,20s,6i5qhmmF9UNUBRyrPSGn4m,2024,2024-11-15,rock,0.9468830364462546,0.4902727964351701,0.3064549822435763,0.0006570405208589055,4.843592330978809e-06
Starburster,Fontaines D.C.,20s,09ttHg3ZNVgDlYBZa1ZBw0,2024,2024-08-23,rock,0.8636998671073705,0.4913596348223019,0.3461458115730102,0.06586008678485097,1.8768920282542887e-06
Beaches,beabadoobee,20s,1a19jsjG2DvbN1fVJonKUU,2024,2024-08-09,rock,0.813589524132139,0.38919682643190956,0.40672655107583033,0.015458298690052509,2.129162462159435e-05
Fear of the Dark - 2015 Remaster,Iron Maiden,90s,6p8eFfPw3nQkf37aT3AkmK,1992,1992-01-01,metal,0.8677086945453889,0.2707314422345397,0.20618341341132235,0.0007383661151951341,0.0014228052472250253
Seek & Destroy - Remastered,Metallica,80s,28WmNsclKsrVmdv3tDmoYU,1983,1983-07-24,metal,0.9659249667768426,0.4196283012716009,0.4370169208272404,0.037145123846380135,0.013319878910191726
Dirty Little Secret,The All-American Rejects,00s,5lDriBxJd22IhOH9zTcFrV,2005,2005-01-01,punk,0.9559028981817963,0.4413650690142376,0.44746187591393355,0.000343786379711951,5.428859737638749e-06
The Middle,Jimmy Eat World,00s,6GG73Jik4jUlQCkKg9JuGO,2001,2001-07-17,punk,0.8506711779338102,0.634822301923704,0.9122623772717777,0.037245525814696465,0.0
Gives You Hell,The All-American Rejects,00s,6ihL9TjfRjadfEePzXXyVF,2008,2008-01-01,punk,0.6923224941320788,0.7163351809585915,0.5456444537288491,0.015960308531634167,0.0
1985,Bowling For Soup,00s,5oQcOu1omDykbIPSdSQQNJ,2004,2004-01-01,punk,0.8887550385949862,0.5946092815998261,0.9122623772717777,0.00023936833266296613,0.0
Stacy's Mom,Fountains Of Wayne,00s,27L8sESb3KR79asDUBu8nW,2003,2003-01-01,punk,0.7514526988428519,0.7771981306379742,0.9373302694798413,0.0020747163134855074,1.7961654894046415e-05
Misery Business,Paramore,00s,6SpLc7EXZIPpy0sVko0aoU,2007,2007-06-11,punk,0.9077969689255742,0.49788066514509294,0.7326091497806559,0.002727329107541663,9.34409687184662e-06
Call Me When You're Sober,Evanescence,00s,663Karu2rvKLdnY0eo1n3M,2006,2006-01-01,punk,0.8847462111569676,0.4250624932072601,0.3116774597869229,0.0019341535578426435,0.0
Sk8er Boi,Avril Lavigne,00s,00Mb3DuaIH1kjrwOku9CGU,2002,2002-06-04,punk,0.9017837277685463,0.4652755135311379,0.47461875913933566,6.456850582423284e-05,0.0
I'm with You,Avril Lavigne,00s,1jlG3KJ3gdYmhfuySFfpO1,2002,2002-06-04,punk,0.40669353917325957,0.4326703619171829,0.1863379987466054,0.08031797022240272,0.0
My Happy Ending,Avril Lavigne,00s,6sqNctd7MlJoKDOxPVCAvU,2004,2004-01-01,punk,0.937863174710713,0.38593631127051403,0.7420096093586798,0.0013618623384395534,0.0
The Anthem,Good Charlotte,00s,0BRHnOFm6sjxN1i9LJrUDu,2002,2002-10-04,punk,0.9408697952892269,0.47288338224106075,0.9018174221850846,0.006683166659205127,0.0
Ain't It Fun,Paramore,10s,1j8z4TTjJ1YOdoFEDwJTQa,2013,2013-04-05,punk,0.8947682797520139,0.5989566351483535,0.6720284102778359,0.1546154267764881,4.450050454086781e-05
Still into You,Paramore,10s,1yjY7rpaAQvKwpdUliHx0d,2013,2013-04-05,punk,0.9248344855371529,0.5902619280512987,0.7681219970754126,0.00983578846433794,0.0
I Write Sins Not Tragedies,Panic! At The Disco,00s,4bPQs0PHn4xbipzdPfn6du,2005,2005-09-27,punk,0.8316292476032222,0.5543962612759482,0.6051806977229998,0.08102078400061703,0.0
All The Small Things,blink-182,90s,2m1hi0nfMR9vdGC8UcrnwU,1999,1999-06-01,punk,0.8987771071900325,0.4076730790131507,0.6845623563818677,0.010337798305919597,0.0
Wake Me up When September Ends,Green Day,00s,3ZffCQKLFLUvYM59XKLbVm,2004,2004-09-21,punk,0.8155939378511482,0.5293989783719161,0.12157927720910798,0.023088848282093708,0.0
Bring Me To Life,Evanescence,00s,0COqiPhxzoWICwFCS4eZcp,2003,2003-03-04,punk,0.9448786227272453,0.2957287251385719,0.27825360350950484,0.007235377484944951,2.0787083753784057e-06
What the Hell,Avril Lavigne,10s,2z4U9d5OAA4YLNXoCgioxo,2011,2011-03-08,punk,0.9278411061156667,0.5641778067601347,0.8851054940463756,0.004735368473868295,0.012815338042381432
I Miss You,blink-182,00s,1oTo3ijRbaDAtrjJrGAPSw,2003,2003-01-01,punk,0.7825211114874955,0.647864362569286,0.5790683100062669,0.0010305358429956591,5.378405650857719e-06
Boulevard of Broken Dreams,Green Day,10s,5GorCbAP4aL0EJ16frG2hd,2017,2017-11-17,punk,0.6833026323965372,0.4750570590153244,0.4641738040526425,0.0055385842203989465,2.966700302724521e-05
American Idiot,Green Day,00s,6nTiIhLmQ3FWhvrGafw2zj,2004,2004-09-21,punk,0.9899779314049537,0.3489838061080317,0.7722999791100899,2.2901688972955235e-05,7.9313824419778e-05
Beverly Hills,Weezer,00s,1yKu2MhpwzDXXH2tzG6xoa,2005,2005-05-10,punk,0.8246137995866898,0.6891642212802956,0.7430541048673491,0.09357103004015849,0.0
The Only Exception,Paramore,00s,7JIuqL4ZqkpfGKQhYlrirs,2009,2009-09-28,punk,0.5640400161154863,0.42723616998152375,0.1873824942552747,0.14457522994485492,0.0
I Think I'm OKAY (with YUNGBLUD & Travis Barker),"mgk, YUNGBLUD, Travis Barker",10s,2gTdDMpNxIRFSiu7HutMCg,2019,2019-07-05,punk,0.7454394576858242,0.6185197261167265,0.25840818884478794,0.02579970142663466,0.0
My Own Worst Enemy,Lit,90s,33iv3wnGMrrDugd7GBso1z,1999,1999-02-22,punk,0.9478852433057592,0.47288338224106075,0.7430541048673491,0.0012915809606181211,0.0
Ocean Avenue,Yellowcard,00s,23oxJmDc1V9uLUSmN2LIvx,2003,2003-01-01,punk,0.9057925552065649,0.464188675144006,0.7900564027574682,3.0833444469945435e-05,2.8557013118062563e-05
Face Down,The Red Jumpsuit Apparatus,00s,4wzjNqjKAKDU82e8uMhzmr,2006,2006-01-01,punk,0.9338543472726946,0.5283121399847843,0.45372884896594945,0.0006640686586410487,0.0
Miss Murder,AFI,00s,0Ti2dlF2xLjXblvdU5fCxM,2006,2006-06-06,punk,0.8747241425619213,0.2707314422345397,0.6856068518905369,0.00021727989963337319,0.0007356205852674067
Thnks fr th Mmrs,Fall Out Boy,00s,3Zwu2K0Qa5sT6teCCHPShP,2007,2007-01-01,punk,0.8937660728925093,0.4359308770785784,0.5853352830582829,0.0051168959534703545,0.0
Teenagers,My Chemical Romance,00s,7j31rVgGX9Q2blT92VBEA0,2006,2006-10-23,punk,0.8586888328098473,0.43919139223997394,0.86317108836432,0.05079979153740123,0.0
Fat Lip,Sum 41,00s,4KacUpvbA3Mfo05gttTjhN,2001,2001-01-01,punk,0.9158146238016112,0.3739810890120639,0.6229371213703782,0.0005777229658890036,0.0
What's My Age Again?,blink-182,90s,4LJhJ6DQS7NwE7UKtvcM52,1999,1999-06-01,punk,0.9528962776032824,0.3609390283664819,0.4579068310006267,0.012044631767297235,0.00045005045408678105
Feel Good Inc.,Gorillaz,00s,0d28khcov6AiegSCpG5TuT,2005,2005-05-23,punk,0.7063533901651436,0.8250190196717748,0.7754334656360978,0.008390000120582764,0.002351160443995964
I'm Not Okay (I Promise),My Chemical Romance,00s,7lRlq939cDG4SzWOF4VAnd,2004,2004-06-08,punk,0.9418720021487315,0.16422128029562003,0.23542928765406307,0.006040594061980605,0.0
Hard Times,Paramore,10s,0w5Bdu51Ka25Pf3hojsKHh,2017,2017-05-12,punk,0.8196027652891666,0.6913378980545593,0.9258408188844789,0.0064924029194040975,4.9142280524722505e-06
Helena,My Chemical Romance,00s,5dTHtzHFPyi8TlTtzoz1J9,2004,2004-06-08,punk,0.961916139338824,0.3228996848168677,0.05859619803634844,0.014253475070256531,0.0
Famous Last Words,My Chemical Romance,00s,2d6m2F4I7wCuAKtSsdhh83,2006,2006-10-23,punk,0.8847462111569676,0.4435387457885013,0.29183204512220595,0.0003186858876328681,0.00015338042381432898
Na Na Na (Na Na Na Na Na Na Na Na Na),My Chemical Romance,10s,5BB0Jzw60KyfSTyjJqtely,2010,2010-11-05,punk,0.9879735176859444,0.3826757961091185,0.6469605180697724,0.00026145676569255913,0.001493440968718466
The Ghost of You,My Chemical Romance,00s,1yKAqZoi8xWGLCf5vajroL,2004,2004-06-08,punk,0.8877528317354816,0.1555265731985654,0.16962607060789636,0.028711358507808277,0.0
First Date,blink-182,00s,1fJFuvU2ldmeAm5nFIHcPP,2001,2001-01-01,punk,0.929845519834676,0.5652646451472666,0.8903279715897222,0.0007142696427992146,0.0
"Sugar, We're Goin Down",Fall Out Boy,00s,2TfSHkHiFO4gRztVIkggkE,2005,2005-05-03,punk,0.8436557299172778,0.47288338224106075,0.5686233549195738,0.005809669534853042,0.0
"Dance, Dance",Fall Out Boy,00s,0a7BloCiNzLDD9qSQHh5m7,2005,2005-05-03,punk,0.9629183461983287,0.6109118574068036,0.4380614163359097,0.005247418512281585,0.0
The Rock Show,blink-182,00s,2ydUT1pFhuLDnouelIv4WH,2001,2001-01-01,punk,0.9609139324793194,0.38050211933485484,0.8360142051389179,0.00032169794668235807,0.0
Holiday / Boulevard of Broken Dreams,Green Day,00s,0MsrWnxQZxPAcov7c74sSo,2004,2004-09-21,punk,0.8286226270247083,0.25116835126616666,0.43910591184457903,0.0006580445405420688,2.5731584258324924e-06
Adam's Song,blink-182,90s,6xpDh0dXrkVp0Po1qrHUd8,1999,1999-06-01,punk,0.7765078703304678,0.5011411803064885,0.3691247127637351,0.03413306479689019,0.0
King For A Day,"Pierce The Veil, Kellin Quinn",10s,1IT0WQk5J8NsaeII8ktdlZ,2012,2012-07-17,punk,0.9669271736363472,0.3739810890120639,0.4192604971798621,3.464871926596603e-05,0.00027850655903128153
Bulls In The Bronx,Pierce The Veil,10s,23UoI3jlFiWdo5jadUYo69,2012,2012-07-17,punk,0.9268388992561621,0.44897293772416036,0.32212241487361604,0.00039197932450379014,0.000532795156407669
Sacrifice,Elton John,80s,0e3yhVeNaTfKIWQRw9U9sY,1989,1989-08-29,blues,0.42272884892533363,0.7576350396696012,0.4777522456653436,0.016562720341532156,0.001846619576185671
I Will Always Love You,Whitney Houston,90s,4eHbdreAnSOrDDsFfc4Fpm,1992,1992-11-17,blues,0.2142698221483707,0.2968155635257037,0.08397743889701274,0.8483930278423393,5.67103935418769e-06
Against All Odds (Take a Look at Me Now) - 2016 Remaster,Phil Collins,10s,63CHa6rmamv9OsehkRD8oz,2016,2016-10-14,blues,0.49889657024768547,0.5674383219215302,0.08502193440568205,0.198792292835674,0.0
End Of The Road,Boyz II Men,90s,3l3xTXsUXeWlkPqzMs7mPD,1991,1991-04-30,blues,0.42874209008236136,0.6326486251494403,0.5226655525381242,0.06686410646801429,0.0
The Power of Love,Céline Dion,90s,5kK1Iru9ogP3Iy1zsANU1n,1993,1993-11-09,blues,0.5199429142972826,0.5293989783719161,0.22707332358470855,0.36144348150813116,0.00046417759838546924
"It Must Have Been Love - From the Film ""Pretty Woman""",Roxette,90s,6kvoHl80mfCVTv7XnZkjQn,1990,1990-05-20,blues,0.6532364266113984,0.5011411803064885,0.7232086902026321,0.34035906816170153,6.195761856710394e-05
You Are Not Alone,Michael Jackson,90s,3AoeaZs8dFemFJr3JdzOL0,1995,1995-06-16,blues,0.40268471173524106,0.6435170090207587,0.23856277418007102,0.6415649731106963,7.800201816347123e-05
Stuck On You,Lionel Richie,80s,6HPLeKiNm92RbykX2BDTUB,1983,1983-01-01,blues,0.31749712867734753,0.4891859580480382,0.22707332358470855,0.6234926188137565,5.3279515640766904e-05
Killing Me Softly With His Song,Roberta Flack,70s,3gsCAGsWr6pUm1Vy7CPPob,1973,1973-01-01,blues,0.38163836768564385,0.4533202912726877,0.3137664508042615,0.729918705229068,0.0
Saving All My Love for You,Whitney Houston,80s,1lx8ddGT5wCD6W2xmLeRKG,1985,1985-02-14,blues,0.26438016512360224,0.6272144332137811,0.2448297472320869,0.5953800676851837,4.25832492431887e-05
Only Time,Enya,00s,6FLwmdmW77N1Pxb1aWsZmO,2000,2000-11-11,blues,0.24934706223103273,0.39028366481904136,0.19156047628995196,0.844376949109686,0.6670030272452069
Apologize,OneRepublic,00s,3UhXPxLDFKCj1ZO6mmtV0a,2007,2007-11-20,blues,0.7414306302478056,0.5804803825671123,0.492375182786714,0.3654595602407844,2.1594349142280524e-05
I'm Alive,Céline Dion,00s,2FTZeRHQ4gRPViPMpWL9uX,2002,2002-03-22,blues,0.6412099442973428,0.6869905445060319,0.4411949028619177,0.024795681743471343,5.2875882946518665e-06
Kiss from a Rose,Seal,90s,3YKptz29AsOlm7WAVnztBh,1994,1994-05-31,blues,0.5339738103303474,0.5706988370829258,0.2030499268853144,0.6867458588530455,0.0
Mad,Ne-Yo,00s,6Hn9Uc1mMNfqChXU3txNke,2008,2008-01-01,blues,0.6512320128923891,0.7261167264427779,0.6668059327344893,0.6646574258234526,0.0
It's All Coming Back to Me Now,Céline Dion,90s,5EQzuYfTZt7B2LqlvTF49l,1996,1996-03-11,blues,0.4387641586774077,0.35333115965655904,0.268853143931481,0.7560232169913143,0.0
"Because You Loved Me (Theme from ""Up Close and Personal"")",Céline Dion,90s,28UMiBhn383n9S7GL4tsxD,1996,1996-03-11,blues,0.46782815760304197,0.6043908270840126,0.15395863797785667,0.31525857608261865,0.0
Sexual Healing,Marvin Gaye,80s,3VZmChrnVW8JK6ano4gSED,1982,1982-10-01,blues,0.6031260836361668,0.8108901206390611,0.746187591393357,0.11947473786577203,0.0001231079717457114
All My Life,K-Ci & JoJo,90s,5GorFaKkP2mLREQvhSblIg,1997,1997-01-01,blues,0.5129274662807503,0.6250407564395175,0.17067056611656567,0.11445463944995546,3.945509586276488e-06
You're Beautiful,James Blunt,00s,0vg4WnUWvze6pBOJDTq99k,2005,2005-08-08,blues,0.4798546399170975,0.6696011303119227,0.4432838938792563,0.6355408550117163,1.7759838546922302e-05
Say My Name,Destiny's Child,90s,7H6ev70Weq6DdpZyyTmUXk,1999,1999-07-27,blues,0.6792938049585187,0.7109009890229323,0.7357426363066639,0.2740937690729227,0.0
Baby,"Justin Bieber, Ludacris",10s,6epn3r7S14KUqlReYr77hA,2010,2010-01-01,blues,0.8606932465288565,0.7272035648299098,0.5278880300814707,0.04025758486418641,0.0
Drunk in Love (feat. Jay-Z),"Beyoncé, JAY-Z",10s,6jG2YzhxptolDzLHTGLt7S,2014,2014-11-24,blues,0.6221680139667548,0.5696119986957939,0.38583664090244413,0.009755466889684873,0.0010696266397578205
Down,"Jay Sean, Lil Wayne",00s,6cmm1LMvZdB5zsCwX5BjqE,2009,2009-01-01,blues,0.6812982186775279,0.7261167264427779,0.729475663254648,0.010136994369286934,0.0
Love The Way You Lie,"Eminem, Rihanna",10s,15JINEqzVMv3SvJTAXAKED,2010,2010-06-18,blues,0.9268388992561621,0.7500271709596783,0.6386045540004178,0.24196513921169657,0.0
Hate That I Love You,"Rihanna, Ne-Yo",00s,7iu0WYLdo4yksKf3seaxzI,2008,2008-06-02,blues,0.7314085616527594,0.628301271600913,0.7326091497806559,0.32329073354792515,0.0
No Love,"Eminem, Lil Wayne",10s,7bHT9osSq1rwT2yaImzqCi,2010,2010-06-18,blues,0.9338543472726946,0.5033148570807521,0.3137664508042615,0.11947473786577203,0.0
Mirror,"Lil Wayne, Bruno Mars",10s,5hUYsaOyMY32yjRXeuQwGj,2011,2011-08-29,blues,0.6231702208262594,0.2924682099771764,0.38792563191978274,0.8614452837234624,0.0
Baby Can I Hold You,Tracy Chapman,80s,2DjWsDGgL1xNbhnr7f6t5F,1988,1988-04-05,blues,0.42272884892533363,0.6880773828931638,0.4579068310006267,0.08142239187388237,0.0
So Into You,Tamia,90s,3c6afiysmB7OnxQzzSqRfD,1998,1998-01-01,blues,0.4798546399170975,0.6489512009564179,0.7085857530812617,0.06676370449969796,0.0027447023208879923
Stan,"Eminem, Dido",00s,3UmaczJpikHgJFyBTAJVoz,2000,2000-05-23,blues,0.7694924223139353,0.7837191609607652,0.4986421558387299,0.037245525814696465,2.3612512613521695e-06
We Belong Together,Mariah Carey,00s,4EI8VuxUuIHKfafU72emqz,2005,2005-01-01,blues,0.47684801933858356,0.8489294641886751,0.7702109880927512,0.026502515204848982,0.0
Nothing's Gonna Change My Love for You,George Benson,80s,0vB4Vd6PtkJSEnWsmqATnZ,1985,1985-01-15,blues,0.6151525659502224,0.537006847081839,0.3294338834343012,0.7670674335061107,0.0
When I See U,Fantasia,00s,4iuNZTcvT9diFySSzVsnVS,2006,2006-12-09,blues,0.597112842479139,0.5543962612759482,0.7566325464800502,0.45381329235915624,7.991927346115035e-05
Another Day in Paradise - 2016 Remaster,Phil Collins,80s,1NCuYqMc8hKMb4cpNTcJbD,1989,1989-11-20,blues,0.5660444298344955,0.7837191609607652,0.35032379360768745,0.7389548823775378,0.0027144298688193745
Stand By Me,Ben E. King,60s,3SdTKo2uVsxFblQjpScoHy,1962,1962-08-20,blues,0.3064728532227966,0.6424301706336268,0.6010027156883225,0.5722876149724274,7.134207870837538e-06
Beautiful Girls,Sean Kingston,00s,1hGy2eLcmC8eKx7qr1tOqx,2007,2007-07-23,blues,0.66225628834694,0.7641560699923922,0.7722999791100899,0.15059934804383482,0.0
Sweet Home Alabama,Lynyrd Skynyrd,70s,7e89621JPkKaeDSTQ3avtg,1974,1974-04-15,rock,0.6071349110741854,0.5837408977285078,0.8945059536243994,0.1817239582218976,0.00032996972754793135
Free Bird,Lynyrd Skynyrd,70s,5EWPGh7jbTNO2wakv8LjUI,1973,1973-01-01,rock,0.8356380750412408,0.20660797739376152,0.32107791936494673,0.07449465606005548,9.778002018163471e-05
Simple Man,Lynyrd Skynyrd,70s,1ju7EsSGvRybSNEsRvc7qY,1973,1973-01-01,rock,0.7534571125618612,0.3946310183675687,0.39105911844579067,0.03674351597311481,0.00012008072653884966
S P E Y S I D E,Bon Iver,20s,6khKJVbTxzfhbGfHMtyOM8,2024,2024-09-20,folk,0.24734264851202348,0.4435387457885013,0.23856277418007102,0.9096382285153016,0.01584258324924319
Silver Lining,Mt. Joy,10s,13xVnZKZDEGbmXkzBFpJDD,2018,2018-03-02,folk,0.6392055305783335,0.464188675144006,0.15500313348652597,0.0009210976975308577,0.0
To Build A Home,"The Cinematic Orchestra, Patrick Watson",00s,54KFQB6N4pn926IUUYZGzK,2007,2007-05-07,folk,0.12206679107394483,0.22291055320073905,0.045853352830582825,0.888553815168872,0.3521695257315842
My Home,Myles Smith,20s,4ZEw5uS9RY6M6lEjsu7w8Q,2023,2023-10-13,folk,0.48586788107412526,0.7543745245082056,0.5404219761855025,0.3463831862606814,0.0010494450050454085
Stubborn Love,The Lumineers,10s,4wG82w1L31yQhgGiWt6gIb,2012,2012-04-03,folk,0.5620356023964771,0.5859145745027714,0.2103613954459996,0.6134524219821234,0.04207870837537841
Thinking 'Bout Love,Wild Rivers,20s,42UaitnwvuKqNcD5Oa2HlD,2020,2020-05-01,folk,0.32451257669387995,0.732637756765569,0.3743471903070817,0.4809218238045657,0.0
i am not who i was,Chance Peña,20s,70eyG7pqKozUvKPKXLXmpI,2024,2024-09-13,folk,0.22028306330539849,0.6989457667644821,0.17484854815124293,0.7008021344173319,0.0
THINGS BEHIND THINGS BEHIND THINGS,Bon Iver,20s,2kyL1eP0mluFHYlAwKySzj,2024,2024-10-18,folk,0.46782815760304197,0.38484947288338217,0.3628577397117192,0.7349388036448846,0.011200807265388498
Orange Juice,Noah Kahan,20s,07UFnnK3uPIuKv5Rs9TmXl,2022,2022-10-14,folk,0.37863174710712993,0.6554722312792088,0.18529350323793609,0.47690574507191247,6.902119071644803e-06
Evergreen,Richy Mitch & The Coal Miners,10s,6me7F0aaZjwDo6RJ5MrfBD,2017,2017-05-17,folk,0.21627423586737995,0.5391805238561026,0.4955086693127219,0.5592353590913044,0.004197780020181634
anything,Adrianne Lenker,20s,4PwWESSlTwzvw9B7bmtTLS,2020,2020-10-23,folk,0.2914397503302272,0.3576785132050864,0.5017756423647378,0.7771076303377439,1.9475277497477297e-05
Work Song,Hozier,10s,5TgEJ62DOzBpGxZ7WRsrqb,2014,2014-09-19,folk,0.3635986442145605,0.5130964025649386,0.23960726968874033,0.752007138258661,0.0
Je te laisserai des mots,Patrick Watson,10s,44A0o4jA8F2ZF03Zacwlwx,2010,2010-09-10,folk,0.1872102369417457,0.2652972502988805,0.19051598078128265,0.9929718622178568,0.5035317860746721
Scared To Start,Michael Marcagi,20s,3Pbp7cUCx4d3OAkZSCoNvn,2024,2024-01-12,folk,0.5520135338014308,0.5087490490164113,0.4317944432838939,0.38553995390405077,2.7749747729566094e-06
Big Black Car,Gregory Alan Isakov,00s,3Kj2EWpIBnvETsYq4cq0IH,2009,2009-01-01,folk,0.1862080300822411,0.5880882512770351,0.4579068310006267,0.9126502875647916,0.001029263370332997
Solo,Myles Smith,20s,4Skkx52Dh8yo4G1ijAEGs3,2023,2023-11-15,folk,0.43976636553691234,0.5728725138571894,0.35032379360768745,0.7178704690311082,0.0
Turn out fine,Henrik,20s,4gdDN4A202OO2u7UDhoMjM,2023,2023-10-27,folk,0.41771781462781044,0.6467775241821542,0.6469605180697724,0.44778917426017634,0.0
Good To Be,Mark Ambor,20s,2tnSBYJyGGYD0Gbn07tTHZ,2024,2024-08-16,folk,0.7324107685122639,0.6489512009564179,0.3618132442030499,0.5773077133882439,0.0011200807265388498
Homesick,Noah Kahan,20s,0jkzxxDG8z3Y5OmfNl1VM0,2022,2022-10-14,folk,0.6251746345452687,0.4848386044995109,0.40045957802381443,0.025398093553369333,1.0696266397578204e-05
The Mountain Is You,Chance Peña,20s,3UN5BBwxoHbwFGxWNvaEj7,2024,2024-09-13,folk,0.4527950547104725,0.38484947288338217,0.07562147482765823,0.5903599692693671,0.04167507568113017
Saturday Sun,Vance Joy,10s,2RiBogNRfulkNf7fVbPOrJ,2018,2018-02-23,folk,0.8657042808263796,0.628301271600913,0.7064967620639231,0.4859419222203823,0.0
Down by the Water,Ocie Elliott,10s,4Vutl1Y7OJOBwIqVISNmzL,2018,2018-10-19,folk,0.3315280247104124,0.6000434735354853,0.5529559222895343,0.9337347009112212,0.00027850655903128153
Walkin’ Back to Georgia,Jim Croce,70s,1y4fbtHSJLqpaQXduQw88e,1972,1972-04-01,folk,0.3124860943798244,0.6761221606347138,0.7931898892834761,0.8192764570306031,0.0006246215943491423
The Devil Wears a Suit and Tie,Colter Wall,10s,43UV5Uk0ntzH6MP8Rx1RKh,2015,2015-06-02,folk,0.31649492181784294,0.615259210955331,0.4411949028619177,0.7801196893872339,0.2401614530776993
Heart of Gold,Neil Young,70s,26QKxvjlCo2fSd3T4c8Zpb,1972,1972-02-01,folk,0.39967809115672714,0.5196174328877297,0.8381031961562565,0.20280837156832726,0.05509586276488396
Operator (That's Not the Way It Feels),Jim Croce,70s,4mQtXW0vrHC3oTkA1mQsb0,1972,1972-04-01,folk,0.5339738103303474,0.6826431909575047,0.8193022770002089,0.5752996740219174,6.488395560040364e-05
A Horse with No Name,"America, George Martin",70s,54eZmuggBFJbV7k248bTTt,1972,1972-01-01,folk,0.507916431983227,0.6456906857950223,0.8370587006475871,0.6897579179025355,0.014833501513622603
Sleeping on the Blacktop,Colter Wall,10s,6fhgO6p9DsTyHqPctyzDkV,2015,2015-06-02,folk,0.3094794738013105,0.5696119986957939,0.4631293085439732,0.8273086144959096,0.20887991927346114
White Brown Black,"Avvy Sra, Karan Aujla, Jaani",20s,3nKQrVVlwbAQSnFbgZWdN0,2022,2022-12-09,indian,0.7494482851238427,0.8793609390283665,0.8349697096302485,0.29116210368669904,3.9656912209889e-06
Brown Munde,"AP Dhillon, Gminxr, Gurinder Gill, Shinda Kahlon",20s,58f4twRnbZOOVUhMUpplJ4,2020,2020-09-18,indian,0.6121459453717085,0.8641452016085208,0.4046375600584917,0.2238927849147569,0.0
Can We Kiss Forever?,"Kina, Adriana Proenza",10s,58wyJLv6yH1La9NIZPl3ne,2018,2018-08-31,lofi,0.1280800322309726,0.5033148570807521,0.09860037601838312,0.8975899923173418,0.026236125126135216
Get You The Moon (feat. Snøw),"Kina, Snøw",10s,4ZLzoOkj0MPWrTLvooIuaa,2018,2018-10-08,lofi,0.2353161661979679,0.4772307357895881,0.06256528096929183,0.7228905674469248,0.0
Behind Every Decision,Yehezkel Raz,10s,2kbruQXVXFmxxm4l75zuwy,2019,2019-12-10,classical,0.0034255430457868228,0.19139223997391586,0.061520785460622514,0.9989959803168367,0.7971745711402624
Stumblin' In,CYRIL,20s,0h3Xy4V4apMraB5NuM8U7Z,2023,2023-11-10,electronic,0.518940707437778,0.8869688077382893,0.35554627115103404,0.064052851355157,0.010040363269424825
For Life (feat. Nile Rodgers),"Kygo, Zak Abel, Nile Rodgers",20s,4QfikoJtCEiOj7G5R9m3sP,2024,2024-04-19,electronic,0.7925431800825418,0.5565699380502119,0.5801128055149363,0.04959496791760525,0.0
Hold Me,Lavern,20s,4SnuG111QPmgwRmlwhJ4Mg,2023,2023-03-31,electronic,0.9438764158677407,0.7641560699923922,0.008773762272822224,0.5883519299030404,0.7709384460141272
Riptide,TWOPILOTS,20s,6yv0ZjBlZy2oRFq7jAis2C,2022,2022-04-21,electronic,0.83764248876025,0.7282904032170416,0.2698976394401504,0.15662346614281472,3.299697275479314e-05
Give It To Me - Full Vocal Mix,Matt Sassari,20s,5ZduaRci3iNUiDfJbBfAaf,2021,2021-10-22,electronic,0.8707153151239029,0.8858819693511575,0.7273866722373094,0.0011610584018068902,0.002401614530776993
I Only Smoke When I Drink,nimino,20s,39glDGcpBhLVMSsQhvtqHR,2024,2024-08-22,electronic,0.7304063547932548,0.8924029996739485,0.22602882807603925,0.33533896974588495,0.011402623612512612
It's Not Right But It's Okay,Mr. Belt & Wezol,20s,5OFVzqSeFxGpvDGyHvVeLj,2024,2024-02-23,electronic,0.8616954533883612,0.7565482012824694,0.6145811573010236,0.014454279006889193,7.537840565085772e-06
Never Going Home Tonight (feat. Madison Love),"David Guetta, Alesso, Madison Love",20s,7K1BLb6MpvKuGEPpHw35mO,2024,2024-09-06,electronic,0.8145917309916435,0.4935333115965656,0.3398788385209943,0.28112190685506594,0.0
Belly Dancer,"Imanbek, BYOR",20s,7fZBQnc0zXwVybgCIrQQil,2022,2022-02-18,electronic,0.7985564212395696,0.8543636561243343,0.40986003760183826,0.05843034112944243,5.62058526740666e-06
Ferrari,"James Hype, Miggy Dela Rosa",20s,4zN21mbAuaD0WqtmaTZZeP,2022,2022-04-01,electronic,0.6913202872725741,0.856537332898598,0.6918738249425527,0.012747445545511556,6.054490413723512e-05
Thunder,"Gabry Ponte, LUM!X, Prezioso",20s,2USlegnFJLrVLpoVfPimKB,2021,2021-05-07,electronic,0.8977749003305279,0.6641669383762635,0.39001462293712136,0.03433386873352285,3.239152371342079e-05
(It Goes Like) Nanana - Edit,Peggy Gou,20s,23RoR84KodL5HWvUTneQ1w,2023,2023-06-15,electronic,0.8777307631404352,0.6652537767633954,0.9759766033006058,0.12047875754893535,0.18970736629667004
Baianá,Bakermat,20s,780be5fB7823aHG06mwTat,2020,2020-10-09,electronic,0.7233909067767224,0.5739593522443213,0.45581783998328806,0.0007534264104425839,0.674066599394551
Supernova Love,"IVE, David Guetta",20s,5sTLGx6c7YRwnrWm6O091n,2024,2024-11-08,electronic,0.8877528317354816,0.647864362569286,0.7817004386881137,0.0662616946581163,0.0
Forever Young,"David Guetta, Alphaville, Ava Max",20s,3bg2qahpZmsg5wV2EMPXIk,2024,2024-10-18,electronic,0.6562430471899122,0.5424410390174982,0.3764361813244203,0.20883248966730714,0.0
Mwaki,"Zerb, Sofiya Nzau",20s,5KTZgG84bKFGm53lhLtTqc,2023,2023-10-27,electronic,0.6382033237188288,0.856537332898598,0.02224775433465636,0.20180435188516396,0.20282542885973764
Alibi (feat. Rudimental),"Ella Henderson, Rudimental",20s,5Jpz4nv8nA6FIYO5gEyQa2,2024,2024-01-12,electronic,0.794547593801551,0.5283121399847843,0.3983705870064758,0.19176415505353078,0.0028355196770938444
Gatluak - Bakermat Remix,"Kronan, Nyaruach, Bakermat",20s,0GT2hQQ6mdHeW0AZDl5NlJ,2021,2021-07-23,electronic,0.6482253923138752,0.5674383219215302,0.23751827867140168,0.07810912691944341,0.050655903128153386
21 Reasons (feat. Ella Henderson),"Nathan Dawe, Ella Henderson",20s,1RF02Cf80mTaeNXG2P2boR,2022,2022-04-29,electronic,0.786529938925514,0.6109118574068036,0.782744934196783,0.016562720341532156,5.973763874873865e-06
K.O.,"LAVINIA, Ely Oaks",20s,7r2cCbhAbGUE4Izor1ZnlZ,2024,2024-08-09,electronic,0.8426535230577732,0.7119878274100642,0.8725715479423438,0.06244641986209569,0.3693239152371342
Move Your Body,"Öwnboss, Sevek",20s,6GomT970rCOkKAyyrwJeZi,2021,2021-10-29,electronic,0.8226093858676806,0.8576241712857298,0.2291623146020472,0.01696432821479748,0.0004066599394550958
Around The World,"Niklas Dee, René Miller",20s,47KhhDku9RLDsWIJjYaXDs,2024,2024-08-02,electronic,0.856684419090838,0.5935224432126943,0.28452057656152074,0.4748977057055858,0.000715438950554995
Where Did You Go? (feat. MNEK),"Jax Jones, MNEK",20s,3sa06xVNmLLYIxdNNmVQN8,2022,2022-02-04,electronic,0.7835233183470001,0.765242908379524,0.4934196782953833,0.18272797790506093,7.144298688193743e-06
Good Love,"Hannah Laing, RoRo",20s,0ZVjgfaC2Ptrod9v6p9KFP,2023,2023-05-12,electronic,0.8226093858676806,0.7804586457993696,0.4276164612492166,0.1405591512122017,0.0042381432896064575
Never Walk Alone,"BLOND:ISH, Stevie Appleton",20s,4HB7ECLzrbgapiZyLlFbxz,2024,2024-08-02,electronic,0.5951084287601298,0.863058363221389,0.8360142051389179,0.05220541909382987,0.13521695257315844
adore u,"Fred again.., Obongjayar",20s,3YgtkOxZsTuaZdL8McA1FQ,2023,2023-08-11,electronic,0.8687109014048936,0.7478534941854147,0.6835178608731983,0.5843358511703872,0.0041675075681130175
Hold On Me,"Kygo, Sandro Cavazza",20s,4aPX3IT9cskOWmeZvOYc5s,2024,2024-11-15,electronic,0.6071349110741854,0.5522225845016846,0.2970545226655525,0.08041837219071905,0.0
Makeba - Ian Asher Remix,"Jain, Ian Asher",20s,67eYAnkdTu8BMcIx29z26L,2023,2023-01-13,electronic,0.9388653815702177,0.6435170090207587,0.6647169417171507,0.23694504079587997,0.09838546922300707
Tantalizing,"Tiësto, Soaky Siren",20s,799db91cR00On6N158VLHS,2024,2024-11-08,electronic,0.8897572454544908,0.6652537767633954,0.3994150825151451,0.0022052388722967387,0.010696266397578204
World Gone Wild (feat. Sam Martin),"Robin Schulz, CYRIL, Sam Martin",20s,4arNFfHtD5FPYcpUUiUOM1,2024,2024-10-11,electronic,0.7153732519006852,0.6250407564395175,0.3962815959891372,0.00885184917483789,0.0025227043390514633
Whistle (feat. Calum Scott),"Jax Jones, Calum Scott",20s,4q05KbxYZ5JdkmrletgPjF,2023,2023-02-10,electronic,0.8987771071900325,0.6848168677317683,0.5769793189889283,0.14557924962801824,4.641775983854693e-06
Born To Love Ya,"Gabry Ponte, Sean Paul, NATTI NATASHA",20s,5Nwh8kghoqebxmco5ZWbDt,2024,2024-10-04,electronic,0.864702073966875,0.6446038474078905,0.8099018174221851,0.09246660838867884,0.0
Love Is The Only Thing,Lost Frequencies,20s,4r6c2ClnuYLwNv4lEM7XlW,2024,2024-11-08,electronic,0.6893158735535649,0.5967829583740898,0.19260497179862127,0.05561908601658514,0.007426841574167508
2 Times,"Dimitri Vegas, Steve Aoki, Ann Lee, Sound Of Legend",20s,03xIKiQXopptD4Sv8ijvcG,2024,2024-10-04,electronic,0.9528962776032824,0.7750244538637105,0.38688113641111344,0.06365124348189168,0.0007447023208879919
Deep In Your Love,"Alok, Bebe Rexha",20s,0sftzYE0YgPHXrvJyUyGjB,2024,2024-01-12,electronic,0.8817395905784537,0.5750461906314531,0.5153540839774389,0.024394073870206017,6.952573158425832e-05
Happier (feat. Clementine Douglas),"The Blessed Madonna, Clementine Douglas",20s,1TcF5F10EN17vraisG1gQv,2024,2024-02-02,electronic,0.8326314544627269,0.7891533528964244,0.6720284102778359,0.0038116703653580442,0.010595358224016147
Honey Boy (feat. Nile Rodgers & Shenseea),"Purple Disco Machine, Benjamin Ingrosso, Nile Rodgers, Shenseea",20s,1NpIUD4KqHaMT91kw0YV40,2024,2024-05-03,electronic,0.8015630418180835,0.7228562112813824,0.9352412784625027,0.010337798305919597,9.46518668012109e-05
Alone,Marshmello,10s,3MEYFivt6bilQ9q9mFWZ4g,2016,2016-05-13,electronic,0.9549006913222916,0.621780241278122,0.40986003760183826,0.024193269933573354,0.01564076690211907
El Listón De Tu Pelo,Los Ángeles Azules,90s,5hrxAFrYbNTLjAYSrmbpgr,1999,1999-01-01,latin,0.4327509175203799,0.6913378980545593,0.7681219970754126,0.313250536716292,0.0
17 Años,Los Ángeles Azules,90s,1Y372uxsCkKqNclj2ercap,1999,1999-01-01,latin,0.483863467355116,0.7380719487012282,0.7775224566534364,0.46887358760660597,0.0
Piensa En Mí,Grupo Mojado,90s,1xKP7GVLY33i5jmx1bB1Kk,1996,1996-01-01,latin,0.5389848446278706,0.7185088577328551,0.8099018174221851,0.34939524531017135,0.0
Gata Only (Remix),"FloyyMenor, Ozuna, Anitta",20s,0JGTfiC4Z41GEEpMYLbWwO,2024,2024-06-07,latin,0.6823004255370326,0.7239430496685143,0.7649885105494046,0.3192746548152719,0.0
PELIGROSA,FloyyMenor,20s,42wdz3j7gstgUuhoFLCXqd,2024,2024-08-09,latin,0.5199429142972826,0.765242908379524,0.8088573219135159,0.22088072586526694,6.478304742684158e-06
ADIVINO,"Myke Towers, Bad Bunny",20s,0LZy30mVmxqUpdQmaXKXBd,2024,2024-04-25,latin,0.8556822122313333,0.7902401912835562,0.5143095884687696,0.16967572202393785,2.411705348133199e-05
REINA,"Mora, SAIKO",20s,0QRHOAeU8JRaVVn3UoZBih,2023,2023-08-28,latin,0.5790731190080557,0.7228562112813824,0.759766033006058,0.634536835328553,1.0696266397578203e-06
HIBIKI,"Bad Bunny, Mora",20s,4qSEvFGCpde73gqIuq3sho,2023,2023-10-13,latin,0.6462209785948659,0.8065427670905337,0.5205765615207855,0.6064242841999802,0.0
MONACO,Bad Bunny,20s,4MjDJD8cW7iVeWInc2Bdyj,2023,2023-10-13,latin,0.6221680139667548,0.791327029670688,0.10486734907039899,0.15059934804383482,0.00040565085771947527
FINA,"Bad Bunny, Young Miko",20s,3nNmRE0DxHC6ZaKkrpUumS,2023,2023-10-13,latin,0.7253953204957315,0.856537332898598,0.38270315437643615,0.0872457060362296,1.1200807265388496e-06
DILUVIO,Rauw Alejandro,20s,2kz1YOhJiNubjigR1gB1VX,2023,2023-07-07,latin,0.7965520075205603,0.8543636561243343,0.6803843743471903,0.34437514689435483,1.7961654894046415e-05
QLONA,"KAROL G, Peso Pluma",20s,5RqSsdzTNPX1uzkmlHCFvK,2023,2023-08-10,latin,0.7394262165287964,0.850016302575807,0.47461875913933566,0.5220866308142617,0.0
WHERE SHE GOES,Bad Bunny,20s,7ro0hRteUMfnOioTFI5TG1,2023,2023-05-18,latin,0.8015630418180835,0.6446038474078905,0.21349488197200753,0.14357121026169162,0.6347124117053481
Coco Chanel,"Eladio Carrion, Bad Bunny",20s,0PB0O24JqAuNdOAFVJljMS,2023,2023-03-17,latin,0.7073555970246482,0.8739267470927073,0.6856068518905369,0.14357121026169162,4.4702320887991925e-05
La Jumpa,"Arcángel, Bad Bunny",20s,5MxFWjuqQIsbNWbMdMdbli,2022,2022-11-30,latin,0.7043489764461344,0.7109009890229323,0.5707123459369124,0.2991942611520056,0.0
Me Porto Bonito,"Bad Bunny, Chencho Corleone",20s,6Sq7ltF9Qa7SNFBsV5Cogx,2022,2022-05-06,latin,0.713368838181676,0.9260949896750353,0.41299352412784623,0.0904585690223522,2.7043390514631688e-05
Efecto,Bad Bunny,20s,5Eax0qFko2dh7Rl2lYs3bx,2022,2022-05-06,latin,0.4758458124790789,0.8065427670905337,0.21349488197200753,0.14156317089536496,1.7457114026236125e-05
Tití Me Preguntó,Bad Bunny,20s,1IHWl5LamUGEuP4ozKQSXZ,2022,2022-05-06,latin,0.7163754587601899,0.6424301706336268,0.1644035930645498,0.0996955501074547,0.00029364278506559033
Tarot,"Bad Bunny, JHAYCO",20s,41oY4WCTj5kccfesTVFnvN,2022,2022-05-06,latin,0.6853070461155465,0.8000217367677427,0.40672655107583033,0.02258683844051205,0.0
La Corriente,"Bad Bunny, Tony Dize",20s,1797zYiX4cKosMH836X9Gt,2022,2022-05-06,latin,0.7875321457850186,0.6565590696663407,0.5738458324629204,0.2299169030137368,0.0
MEMORIAS,"Mora, JHAYCO",20s,2hLXUbsOU9cDb9RFva9FYr,2022,2022-04-01,latin,0.7083578038841528,0.7739376154765787,0.30018800919156047,0.39056005231986735,0.0
Pa' Que Retozen,Tego Calderón,00s,5YJ4BVvTFmVCxUyhKejHfR,2003,2003-07-01,latin,0.8576866259503426,0.8217585045103792,0.879883016503029,0.4016042688346638,8.41574167507568e-05
Volví,"Aventura, Bad Bunny",20s,2vmfvSoZBFAt9hhRoEByLi,2021,2021-08-03,latin,0.8616954533883612,0.7239430496685143,0.7952788803008147,0.4236927018642567,0.00028657921291624623
Volando - Remix,"Mora, Bad Bunny, Sech",20s,0G2zPzWqVjR68iNPmx2TBe,2021,2021-07-08,latin,0.6893158735535649,0.6522117161178134,0.629204094422394,0.2078284699841438,0.0
Yonaguni,Bad Bunny,20s,2JPLbjOn0wPCngEot2STUS,2021,2021-06-04,latin,0.6492275991733798,0.6359091403108358,0.4286609567578859,0.27710582812241263,0.0
TE MUDASTE,Bad Bunny,20s,5RubKOuDoPn5Kj5TLVxSxY,2020,2020-11-27,latin,0.6382033237188288,0.817411150961852,0.4610403175266346,0.23493700142955337,0.0005771947527749748
LA NOCHE DE ANOCHE,"Bad Bunny, ROSALÍA",20s,2XIc1pqjXV3Cr2BQUGNBck,2020,2020-11-27,latin,0.6191613933882408,0.8663188783827845,0.3774806768330896,0.030418191969185913,0.0
"Yo x Ti, Tu x Mi","ROSALÍA, Ozuna",10s,7BlBVFwvbWvcwNcUarQmjk,2019,2019-08-15,latin,0.7604725605783936,0.7837191609607652,0.5738458324629204,0.4638534891907894,0.0008758829465186679
DÁKITI,"Bad Bunny, JHAYCO",20s,4MzXwWMhyBbmu6hOcLVD49,2020,2020-11-27,latin,0.5740620847105325,0.7304640799913052,0.12053478170043867,0.40260828851782715,5.2674066599394555e-05
Hasta Que Dios Diga,"Anuel AA, Bad Bunny",20s,06s3QtMJVXw1AJX3UfvZG1,2020,2020-05-29,latin,0.7664858017354214,0.6869905445060319,0.8621265928556507,0.46586152855711604,3.3198789101917256e-06
Safaera,"Bad Bunny, Jowell & Randy, Ñengo Flow",20s,2DEZmgHKAvm41k4J3R2E9Y,2020,2020-02-29,latin,0.8306270407437176,0.5956961199869579,0.6845623563818677,0.010337798305919597,0.0
La Difícil,Bad Bunny,20s,6NfrH0ANGmgBXyxgV2PeXt,2020,2020-02-29,latin,0.8496689710743056,0.6804695141832411,0.7639440150407354,0.08644249028969894,7.204843592330979e-06
A Tu Merced,Bad Bunny,20s,4r9jkMEnArtWGH2rL2FZl0,2020,2020-02-29,latin,0.7925431800825418,0.8706662319313119,0.8955504491330688,0.16967572202393785,0.00010696266397578204
Si Veo a Tu Mamá,Bad Bunny,20s,41wtwzCZkXwpnakmwJ239F,2020,2020-02-29,latin,0.6041282904956714,0.9141397674165852,0.829747232086902,0.4036123082009905,4.853683148335015e-06
La Zona,Bad Bunny,20s,5kqNIqFjijuzvVLhuY9B8j,2020,2020-02-29,latin,0.802565248677588,0.7641560699923922,0.8151242949655317,0.20080033220200064,7.103935418768921e-05
Yo Perreo Sola,Bad Bunny,20s,0SqqAgdovOE24BzxIClpjw,2020,2020-02-29,latin,0.759470353718889,0.8706662319313119,0.442239398370587,0.021080808915767076,6.599394550958628e-05
Fantasias,"Rauw Alejandro, Farruko",10s,6mAN61JH0dzyZpWslS11jy,2019,2019-08-29,latin,0.7043489764461344,0.8913161612868167,0.7921453937748069,0.14357121026169162,0.0
Velitas,"Darell, Brytiago",10s,7q3NthaBqFI6s0WnAlnIvq,2019,2019-07-12,latin,0.597112842479139,0.8261058580589066,0.6187591393357009,0.22590082428108352,1.2008072653884965e-06
LA CANCIÓN,"J Balvin, Bad Bunny",10s,0fea68AdmYNygeTGI4RC18,2019,2019-06-28,latin,0.6472231854543705,0.7576350396696012,0.41717150616252346,0.15260738741016144,1.8264379414732593e-05
QUE PRETENDES,"J Balvin, Bad Bunny",10s,25ZAibhr3bdlMCLmubZDVt,2019,2019-06-28,latin,0.7925431800825418,0.6304749483751767,0.9435972425318572,0.027606936856328628,0.0
Callaita,"Bad Bunny, Tainy",10s,2TH65lNHgvLxCKXM3apjxI,2019,2019-05-31,latin,0.6251746345452687,0.5989566351483535,0.22393983705870063,0.6024082054673269,2.1392532795156407e-06
Con Altura,"ROSALÍA, J Balvin, El Guincho",10s,2qG5sZ7Si6sdK74qLxedYM,2019,2019-03-28,latin,0.6903180804130695,0.8945766764482121,0.7482765824106956,0.39156407200303067,0.003279515640766902
Verte Ir,"DJ Luian, Mambo Kingz, Anuel AA, Nicky Jam, Darell, Brytiago",10s,4lzxJ4jCuFDXXGkE1LmpKR,2019,2019-03-28,latin,0.6482253923138752,0.8674057167699163,0.5466889492375183,0.39256809168619394,1.2108980827447022e-06
Mayores,"Becky G, Bad Bunny",10s,2AY1UAimvTqjJC8vDJsOyy,2019,2019-10-18,latin,0.83764248876025,0.7467666557982828,0.8819720075203676,0.14557924962801824,0.002936427850655903
512,"Mora, JHAYCO",20s,5jzEwSyyymBlf1fa1o39T2,2021,2021-02-05,latin,0.6742827706609955,0.8250190196717748,0.6950073114685607,0.34939524531017135,0.0
Ay Vamos,J Balvin,10s,6Ges5C2IE738iJh4HyQizQ,2014,2014-09-12,latin,0.7123666313221714,0.7163351809585915,0.9300188009191561,0.15762748582597805,5.5701311806256305e-05
Borro Cassette,Maluma,10s,6DUdDIRgLqCGq1DwkNWQTN,2015,2015-10-30,latin,0.7023445627271251,0.7293772416041735,0.7890119072487989,0.13252699374689514,0.0
6 AM,"J Balvin, Farruko",10s,3uvypVUsiIr1B0BccIcsEh,2013,2013-09-29,latin,0.7474438714048335,0.7467666557982828,0.7346981407979946,0.15260738741016144,0.0
Sensualidad,"Bad Bunny, Prince Royce, J Balvin, Mambo Kingz, DJ Luian",10s,5hcisvFMidkMJlElTO9Qmw,2017,2017-11-03,latin,0.6823004255370326,0.8130637974133247,0.6751618968038439,0.42469672154742005,0.0
Sigue Bailandome,"Yannc, Darkiel, Eladio Carrion, Brray, Myke Towers",10s,0GmiGIxXDNrePrHBpijYDp,2018,2018-10-19,latin,0.6913202872725741,0.80436909031627,0.6814288698558597,0.2831299462213925,0.0010090817356205853
No Es Justo,"J Balvin, Zion & Lennox",10s,5qFeMRz4TvetPmzjre9Dq7,2018,2018-05-25,latin,0.813589524132139,0.6782958374089774,0.7252976812199707,0.1616435645586313,0.00040766902119071643
Una Vez,"Bad Bunny, Mora",20s,5J7teKIJGtqVypgYI6sqXj,2020,2020-02-29,latin,0.5991172561981483,0.5337463319204434,0.5362439941508252,0.13252699374689514,2.6034308779011097e-06
Una Locura,"Ozuna, J Balvin, Chencho Corleone",20s,5y7DaS3jAc9eZzcSOoUIwU,2020,2020-09-04,latin,0.7624769742974029,0.7119878274100642,0.9153958637977857,0.13955513152903837,0.00035317860746720485
Bandido,"Myke Towers, Juhn",20s,1xK1Gg9SxG8fy2Ya373oqb,2020,2020-12-10,latin,0.6181591865287362,0.7109009890229323,0.6814288698558597,0.12248679691526199,0.0
UN PESO,"J Balvin, Bad Bunny, Marciano Cantero",10s,7hynhxDoDpgMIV12JuVtNa,2019,2019-06-28,latin,0.6762871843800048,0.6174328877295946,0.9728431167745979,0.12549885596475194,0.0
EL MAKINON,"KAROL G, Mariah Angeliq",20s,2FSGUA0gFgGeQdprjtGM2M,2021,2021-03-26,latin,0.7073555970246482,0.6261275948266494,0.4317944432838939,0.25702543445914633,0.0
Pepas,Farruko,20s,5fwSHlTEWpluwOM0Sxnh5k,2021,2021-06-24,latin,0.767488008594926,0.7641560699923922,0.4307499477752245,0.007787588310684775,7.043390514631686e-05
ALMAS GEMELAS,Myke Towers,20s,2KcNrONbZ0hvBPjvrDO2tx,2021,2021-07-22,latin,0.7464416645453288,0.7978480599934791,0.7169417171506163,0.18272797790506093,0.00019071644803229064
Bichiyal,"Bad Bunny, Yaviah",20s,4j4w4CXm6BSr0s25wAWrrX,2020,2020-02-29,latin,0.767488008594926,0.7369851103140963,0.6605389596824734,0.31124249734996534,6.69021190716448e-06
Lo Siento BB:/ (with Bad Bunny & Julieta Venegas),"Tainy, Bad Bunny, Julieta Venegas",20s,4gzsuuZypVbxs0Af1LSZyB,2021,2021-10-05,latin,0.7043489764461344,0.6304749483751767,0.1132233131397535,0.08925374540255623,1.7961654894046417e-06
MAMIII,"Becky G, KAROL G",20s,1ri9ZUkBJVFUdgwzCnfcYs,2022,2022-02-10,latin,0.7013423558676204,0.8521899793500707,0.9080843952371005,0.09377183397679115,0.0
Desesperados,"Rauw Alejandro, Chencho Corleone",20s,6ZOcbKub95XSDESsKKuH41,2021,2021-12-11,latin,0.6953291147105927,0.8804477774154983,0.5028201378734071,0.35742740277547785,0.0012613521695257316
Te Felicito,"Shakira, Rauw Alejandro",20s,2rurDawMfoKP4uHyb2kJBt,2022,2022-04-21,latin,0.6372011168593242,0.6913378980545593,0.5696678504282431,0.23493700142955337,0.0
Después de la Playa,Bad Bunny,20s,1dm6z1fWB0cErMszU25dy2,2022,2022-05-06,latin,0.9047903483470603,0.5489620693402891,0.6030917067056611,0.35742740277547785,0.0
Moscow Mule,Bad Bunny,20s,6Xom58OOXk2SoU711L2IXO,2022,2022-05-06,latin,0.6752849775205002,0.8098032822519292,0.2740756214748276,0.2951781824193523,1.1907164480322906e-06
Agosto,Bad Bunny,20s,0wihfILRNOwE2156Shezc8,2022,2022-05-06,latin,0.5850863601650834,0.8587110096728616,0.7252976812199707,0.09326982413520948,6.236125126135217e-06
Hola - Remix,"Dalex, Lenny Tavárez, Chencho Corleone, Juhn, Dímelo Flow",20s,17I27VXKtqXJHL6ReaG0eS,2022,2022-02-09,latin,0.6742827706609955,0.647864362569286,0.3263003969082933,0.4748977057055858,0.0
GATÚBELA,"KAROL G, Maldy",20s,1ga4PztXOIw1yBbdUt2X8v,2022,2022-08-26,latin,0.8596910396693519,0.6174328877295946,0.3263003969082933,0.26405357224128956,0.0
¿Qué Nos Pasó?,Anuel AA,20s,7k3qWn8D43a5ISa3x8lJux,2022,2022-05-26,latin,0.6953291147105927,0.7000326051516139,0.2803425945268435,0.4377489774285432,5.852674066599395e-06
Sexo Virtual,Rauw Alejandro,20s,1lV3QHHMAQt0Kc1ioZq2MP,2021,2021-12-10,latin,0.7404284233883011,0.7011194435387458,0.41299352412784623,0.32931485164690505,1.9475277497477297e-05
Nostálgico,"Rvssian, Rauw Alejandro, Chris Brown",20s,2BEcap3xJtmiPaHKyfQi4e,2021,2021-09-08,latin,0.8476645573552963,0.7337245951527008,0.5999582201796533,0.1666636629744479,1.7558022199798184e-06
La Bebe - Remix,"Yng Lvcas, Peso Pluma",20s,2UW7JaomAMuX9pZrjVpHAU,2023,2023-03-17,latin,0.4798546399170975,0.8184979893489839,0.5529559222895343,0.2138525880831237,1.2209889001009083e-06
QUEMA,"Ryan Castro, Peso Pluma, SOG",20s,2hn2zOA2XFlv6DSmesylrL,2023,2023-07-13,latin,0.8937660728925093,0.7956743832192154,0.9258408188844789,0.05110099744235023,0.0003582240161453078
LALA,Myke Towers,20s,7ABLbnD53cQK00mhcaOUVG,2023,2023-03-23,latin,0.7384240096692918,0.7054667970872731,0.6030917067056611,0.07419345015510648,0.001634712411705348
Lollipop,Darell,20s,3cDyocF0Ibdfs1SFQk5cLZ,2023,2023-07-28,latin,0.7123666313221714,0.8293663732203022,0.9446417380405265,0.17971591885557098,1.4732593340060546e-05
Pa Ti Estoy,"Ozuna, Anuel AA, Chris Jedi",20s,3j5zNcb0aSk7dx3W3mAKzw,2023,2023-11-17,latin,0.813589524132139,0.7891533528964244,0.9122623772717777,0.14758728899434487,0.0
Corazón Roto - Remix,"Brray, JHAYCO, Ryan Castro",20s,6k5wiT5l9DK8iZmhvEvoqo,2023,2023-04-07,latin,0.7955498006610556,0.8521899793500707,0.8005013578441613,0.22690484396424684,1.231079717457114e-06
El Efecto - Remix,"Rauw Alejandro, Chencho Corleone, KEVVO, Bryant Myers, Lyanno, Dalex",10s,74j34STf8L6uADnTN69ohv,2019,2019-12-13,latin,0.7704946291734399,0.7739376154765787,0.9415082515145186,0.1807199385387343,1.584258324924319e-05
BELLAKEO,"Peso Pluma, Anitta",20s,05WVKTdZhlIMX4qqMLuo0f,2023,2023-12-07,latin,0.8817395905784537,0.7185088577328551,0.45268435345728014,0.0564223017631158,0.060544904137235116
Si Se Da - Remix,"Myke Towers, Farruko, Arcángel, Sech, Zion",10s,6K5BsR04ijf3FHNzjbaagD,2019,2019-08-02,latin,0.6732805638014909,0.823932181284643,0.7775224566534364,0.44276907584435976,0.0
Nada,"Cazzu, Lyanno, Rauw Alejandro, Dalex",10s,7DOh0tBGnyMt6C5OO7o8Yq,2019,2019-06-03,latin,0.5439958789253937,0.9119660906423215,0.34405682055567155,0.34437514689435483,0.0006286579212916246
Santa,"Rvssian, Rauw Alejandro, Ayra Starr",20s,5bi0gh89wRuH2OgjdAKFsb,2024,2024-04-04,latin,0.7103622176031621,0.7239430496685143,0.645916022561103,0.3222867138647619,0.00019071644803229064
Guay,"Ozuna, Bad Gyal",20s,1S3SAFqLBWk3HaR5UyXp43,2024,2024-04-18,latin,0.767488008594926,0.8924029996739485,0.5895132650929601,0.08845052965602557,1.8062563067608477e-05
HASTA ABAJO,"KEVIN ROLDAN, Bryant Myers, Lyanno",10s,4PEfJZpVjdclfzZ9XO8uDw,2019,2019-10-04,latin,0.6722783569419862,0.7119878274100642,0.6386045540004178,0.2931701430530257,0.0
BBY BOO - REMIX,"iZaak, JHAYCO, Anuel AA",20s,43PiEypaceH339CSNiggyj,2024,2024-03-27,latin,0.6181591865287362,0.7000326051516139,0.47670775015667427,0.21586062744945037,6.165489404641776e-06
SI NO ES CONTIGO,Cris Mj,20s,5Uptvz6j1sjDKxidAcnH2L,2024,2024-05-23,latin,0.627179048264278,0.765242908379524,0.7837894297054523,0.08624168635306628,0.22704339051463168
Gata Only,"FloyyMenor, Cris Mj",20s,6XjDF6nds4DE2BBbagZol6,2024,2024-02-02,latin,0.49989877710719005,0.7956743832192154,0.6678504282431587,0.44778917426017634,2.4318869828456106e-05
ELOVRGA,"Alex Favela, Grupo Marca Registrada, Joaquin Medina",20s,2TJKY0WSFufZOzbRNgl6zE,2023,2023-08-18,latin,0.47684801933858356,0.7978480599934791,0.5728013369542511,0.13252699374689514,0.0
Porno,"Rich Music LTD, Sech, Dalex, Justin Quiles, Lenny Tavárez, Feid",10s,34ZngZgo8xicbt1EE8Ob8Z,2019,2019-10-11,latin,0.7113644244626668,0.5174437561134659,0.5153540839774389,0.42971681996323663,0.0
Que Se Cuide,"Luis R Conriquez, Joel De La P, Chimbala",20s,22jhscHs2DoVqKG5vKJytQ,2024,2024-05-04,latin,0.7805166977684862,0.9543527877404631,0.9613536661792353,0.22088072586526694,6.912209889001009e-05
Mejores Jordans,"Victor Mendivil, Oscar Maydon",20s,1cZHUhGz7xJ8c4szDipipd,2024,2024-07-30,latin,0.5840841533055788,0.6630800999891316,0.2521412157927721,0.6054202645168169,2.5630676084762865e-06
APAGA EL CEL,"FloyyMenor, Lewis Somes",20s,0ZS96pPRLyGUViVi5PWCAR,2024,2024-08-09,latin,0.4968921565286762,0.6924247364416911,0.46626279506998114,0.2740937690729227,0.00040060544904137234
LUNA,"Feid, ATL Jacob",20s,7bywjHOc0wSjGGbj04XbVi,2023,2023-12-01,latin,0.8616954533883612,0.7771981306379742,0.4349279298099018,0.13152297406373184,0.0
TU TA RICA,"FloyyMenor, Lewis Somes",20s,27bcRgu0wnDteieWlLCxc8,2024,2024-08-09,latin,0.507916431983227,0.7565482012824694,0.6020472111969919,0.29417416273618896,1.836528758829465e-05
Parado no Bailão,"MC L da Vinte, MC Gury",10s,3Hb9kUdm4yf839Fle4RIdT,2018,2018-07-23,brazilian,0.600119463057653,0.8358874035430931,0.46835178608731975,0.3825278948545608,0.0
Se Voce Nao Quer Passa a Vez,"Mc Delux, DJ Guih Da ZO",20s,7snnTlaWaN39nfN1PhUaT8,2022,2022-03-22,brazilian,0.8286226270247083,0.9750027170959679,0.6104031752663464,0.13654307247954842,0.0002613521695257316
BRAZILIAN DANÇA PHONK,"6YNTHMANE, RXDXVIL",20s,6yVjjQA31SLM1kc4j5jPwF,2023,2023-05-12,brazilian,0.991982345123963,0.7489403325725464,0.372258199289743,0.30421435956782217,0.13319878910191726
Faz um Vuk Vuk (Teto Espelhado),"MC Kevin o Chris, Dj Nk Da Serra, Mc Magrinho",20s,64CovjRwInpOJW4PiGMprY,2023,2023-07-20,brazilian,0.41370898718979193,0.9358765351592219,0.6782953833298517,0.5060223158836485,0.05186680121089809
Te Maceto Depois Do Baile,"DJ Zigão, DJ Lafon Do Md, Mc Rodrigo do CN, Mc Rf",20s,448158cOtdLyR59DJnzpON,2024,2024-05-14,brazilian,0.7905387663635325,0.9032713835452668,0.7608105285147274,0.14758728899434487,0.0
MTG QUEM NÃO QUER SOU EU,"DJ TOPO, Seu Jorge, Mc Leozin, MC G15",20s,6RjSXi9cPGroetXeNsWFGL,2024,2024-05-10,brazilian,0.4277398832228568,0.4707097054667971,0.4317944432838939,0.3654595602407844,0.004863773965691221
Ela Joga na Hora,"Mc Pogba, DJ Guih Da ZO",20s,6hZGsChumRhWG24OEh698c,2024,2024-03-28,brazilian,0.6702739432229771,0.967394848386045,0.8495926467516189,0.36144348150813116,0.0005973763874873864
THE BOX MEDLEY FUNK 2,"THE BOX, Mc Brinquedo, MC Cebezinho, MC Tuto, Mc Laranjinha, DJ Oreia",20s,7IFsTX5H1sWcEl8joV0IdD,2024,2024-04-18,brazilian,0.6883136666940604,0.7815454841865015,0.8454146647169417,0.5803197724377339,0.010595358224016147
Louca Encubada,"Dj Samir, Rodricci, Launch13",20s,5pvVt1ak0vsGRE0Hl4kudu,2023,2023-10-13,brazilian,0.9569051050413009,0.67394848386045,0.7138082306246083,0.0007363580758288075,0.23713420787083753
DANÇA PRA ME PROVOCAR,"DJ JOÃO PEREIRA, MC Koringa",20s,6zdL0aLZs6g61SPGrlMvrM,2023,2023-09-14,brazilian,0.5830819464460743,0.6043908270840126,0.9007729266764153,0.27007769034026946,6.609485368314834e-05
Tá OK,"DENNIS, MC Kevin o Chris",20s,0fABszUFNbNq9IW503Gj8v,2023,2023-05-04,brazilian,0.961916139338824,0.8739267470927073,0.5811573010236056,0.4989941781015054,0.005307769929364279
WHINE IN BRAZIL FUNK,Ichiss,20s,1Xvs6IKi0O1PWYzzIwxR2Q,2024,2024-07-09,brazilian,0.9087991757850787,0.8739267470927073,0.28660956757885936,0.06857093992939192,0.0008203834510595359
TUMBÁTUM,"Tropa do Bruxo, SMU, Dj Vitin do Pc, MC JF, MC NAHARA",20s,24R0oyjvhV4HIFFvoK3XkP,2023,2023-12-22,brazilian,0.5910996013221113,0.7087273122486686,0.7023187800292459,0.2610415131917996,1.8466195761856712e-06
Onlar Anlamaz Halden,Semicenk,20s,38d47UiHhyu4wdbPYz0ZUB,2024,2024-08-09,turkish,0.32751919727239387,0.7043799587001413,0.15813662001253392,0.18574003695455088,0.014934409687184663
Geçiyor Zaman,Semicenk,20s,3ma4Ef3Bnl3UBOV4ShiMLX,2024,2024-08-09,turkish,0.7304063547932548,0.6196065645038583,0.41508251514518485,0.4327288790127266,7.820383451059536e-05
Kader Sağ Olsun,Semicenk,20s,2crO2eSwgjOoAanagD2sFc,2024,2024-08-09,turkish,0.6572452540494168,0.6804695141832411,0.5498224357635263,0.704818213149985,0.0
Küle Dönmüşsün,"Semicenk, Doğu Swag",20s,2CZzw0He9fzyi2FkBkn4Bk,2024,2024-06-14,turkish,0.6071349110741854,0.8391479187044886,0.8913724670983915,0.6867458588530455,1.0494450050454088e-06
Önümüz Yaz,Simge,20s,28Aau4tlztDlgKJQXrWhZR,2024,2024-06-21,turkish,0.9158146238016112,0.7250298880556462,0.8454146647169417,0.0761010875531168,0.0
Kafamın İçi,"Ebru Yaşar, Siyam, Zeyd",20s,30kd9r9pbMn6bs6CKyFOCu,2024,2024-05-22,turkish,0.7253953204957315,0.5185305945005978,0.5822017965322749,0.7510031185754976,0.0
Lan,Zeynep Bastık,20s,1whKKdtCiFjN7MW7DrIRUH,2024,2024-03-08,turkish,0.6231702208262594,0.3772416041734594,0.5613118863588886,0.4989941781015054,1.36226034308779e-05
Self Care,Mac Miller,10s,5bJ1DrEM4hNCafcDd1oxHx,2018,2018-08-03,hip-hop,0.5389848446278706,0.5011411803064885,0.15395863797785667,0.3684716192902744,0.0018869828456104943
"I'm Good Luv, Enjoy.",Aaron May,10s,3RKLJPyyMZfwebsePAzqjL,2019,2019-02-28,hip-hop,0.5870907738840927,0.9043582219323987,0.9655316482139127,0.08363123517684165,0.0
Doomsday,"MF DOOM, Pebbles The Invisible Girl",90s,7EQvdUJqZ2i7SWvSB2VqGA,1999,1999-10-19,hip-hop,0.8416513161982686,0.8663188783827845,0.7963233758094841,0.09768751074112808,0.0
"Darling, I (feat. Teezo Touchdown)","Tyler, The Creator, Teezo Touchdown",20s,0VaeksJaXy5R1nvcTMh3Xk,2024,2024-10-28,hip-hop,0.8196027652891666,0.3413759373981089,0.3461458115730102,0.36144348150813116,0.0
Jukebox Joints (feat. Joe Fox & Kanye West),"A$AP Rocky, Joe Fox, Kanye West",10s,2gAGWaK4wvt2xrFUlR4mK8,2015,2015-05-26,hip-hop,0.8045696623965973,0.24464732094337568,0.5466889492375183,0.30321033988465884,0.0
A Cold Sunday,Lil Yachty,20s,1Y1jtaZOJYgXBl7lKdLc9o,2024,2024-02-02,hip-hop,0.8616954533883612,0.5609172915987393,0.8401921871735951,0.2991942611520056,0.0
infinity (888) - feat. Joey Bada$$,"XXXTENTACION, Joey Bada$$",10s,7J2gyNghNTzl4EsLhXp01Q,2018,2018-03-16,hip-hop,0.5800753258675603,0.5467883925660255,0.5717568414455818,0.27509778875608604,0.0
MY EYES,Travis Scott,20s,4kjI1gwQZRKNDkw1nI475M,2023,2023-07-28,hip-hop,0.6221680139667548,0.4304966851429192,0.2615416753707959,0.6536132093086561,2.613521695257316e-06
Devil In A New Dress,"Kanye West, Rick Ross",10s,1UGD3lW3tDmgZfAVDh6w7r,2010,2010-11-22,hip-hop,0.7614747674378982,0.40875991740028256,0.18424900772926675,0.017566740024695472,0.0
Love Yourz,J. Cole,10s,2e3Ea0o24lReQFR4FA7yXH,2014,2014-12-09,hip-hop,0.6392055305783335,0.6717748070861863,0.42343847921453937,0.5913639889525304,0.0
Go Flex,Post Malone,10s,5yuShbu70mtHXY0yLzCQLQ,2016,2016-12-09,hip-hop,0.49889657024768547,0.6587327464406043,0.10173386254439105,0.2309209226969001,0.0
Champagne Shots,Sainté,20s,7dbyaRWWFvB9UG2vcwTd3J,2021,2021-01-06,hip-hop,0.44177077925592156,0.9597869796761221,0.9352412784625027,0.4949780993688522,0.0
Rich Spirit,Kendrick Lamar,20s,1QPreu0BNOrUfEb8HTd2qG,2022,2022-05-13,hip-hop,0.421726642065829,0.8619715248342571,0.44641738040526424,0.42971681996323663,2.3007063572149345e-06
I Smoked Away My Brain (I'm God x Demons Mashup) (feat. Imogen Heap & Clams Casino),"A$AP Rocky, Imogen Heap, Clams Casino",20s,3ZaEs1O8BG581qYPHpQ8d6,2023,2023-08-18,hip-hop,0.6532364266113984,0.4467992609498967,0.07771046584499686,0.08343043124020899,4.117053481331988e-05
Falling Down - Bonus Track,"Lil Peep, XXXTENTACION",10s,4jvjzW7Hm0yK4LvvE0Paz9,2018,2018-11-09,hip-hop,0.5750642915700371,0.6630800999891316,0.2542302068101107,0.017566740024695472,0.0029667003027245204
Righteous Minds,Joey Bada$$,10s,7dFGkZbmm6cVlI28bfMaWE,2012,2012-06-12,hip-hop,0.6392055305783335,0.8152374741875884,0.6041362022143305,0.26304955255812623,0.0
Everybody Dies In Their Nightmares,XXXTENTACION,10s,3GVkPk8mqxz0itaAriG1L7,2017,2017-08-25,hip-hop,0.5710554641320187,0.7337245951527008,0.6887403384165448,0.8504010672086659,2.1594349142280524e-05
It Was A Good Day,Ice Cube,90s,2qOm7ukLyHUXWyR4ZWLwxA,1992,1992-11-17,hip-hop,0.7454394576858242,0.8032822519291382,0.7984123668268227,0.3313228910132317,0.00010696266397578204
WUSYANAME (feat. Youngboy Never Broke Again & Ty Dolla $ign),"Tyler, The Creator, YoungBoy Never Broke Again, Ty Dolla $ign",20s,5B0kgjHULYJhAQkK5XsMoC,2021,2021-06-25,hip-hop,0.6542386334709029,0.4717965438539289,0.8589931063296428,0.27007769034026946,0.0
Weekend (feat. Miguel),"Mac Miller, Miguel",10s,6GnhWMhgJb7uyiiPEiEkDA,2015,2015-09-18,hip-hop,0.4357575380988938,0.8521899793500707,0.16753707959055775,0.4718856466560959,0.0
a lot,21 Savage,10s,2t8yVaLvJ0RenpXUIAC52d,2018,2018-12-21,hip-hop,0.6372011168593242,0.8456689490272796,0.25527470231878,0.03965517305428842,0.0012613521695257316
Flashing Lights,"Kanye West, Dwele",00s,5TRPicyLGbAF2LGBFbHGvO,2007,2007-09-11,hip-hop,0.6291834619832872,0.6304749483751767,0.41821600167119277,0.038249545497859784,0.0
Redbone,Childish Gambino,10s,3vQ4T78TTMOjQXGfXVKQJo,2016,2016-12-02,hip-hop,0.3545787824790188,0.7413324638626236,0.5780238144975977,0.1817239582218976,0.005822401614530777
Passionfruit,Drake,10s,5mCPDVBb16L4XQwDdbRUpz,2017,2017-03-18,hip-hop,0.46381933016502347,0.8152374741875884,0.34927929809901814,0.25702543445914633,0.08577194752774975
Ocean Prime (feat. Boldy James),"The Alchemist, Boldy James",10s,5467KZaTToEB680WvOd9w5,2019,2019-08-30,hip-hop,0.6051304973551761,0.5696119986957939,0.6908293294338834,0.7379508626943746,0.0
Show Me,Joey Bada$$,20s,2uuJs2nltcYFh9pkKP7bW4,2022,2022-07-22,hip-hop,0.6472231854543705,0.5870014128899033,0.6354710674744098,0.22288876523159357,4.399596367305751e-06
Revenge,XXXTENTACION,10s,5TXDeTFVRVY7Cvt0Dw4vWW,2017,2017-08-25,hip-hop,0.25135147595004204,0.7467666557982828,0.15709212450386462,0.7851397878030504,0.0020484359233097884
Embarrassed (feat. Travis Scott),"Don Toliver, Travis Scott",20s,6w9GrSUaQQIaMBYtabge7p,2023,2023-02-28,hip-hop,0.5069142251237224,0.8576241712857298,0.5884687695842907,0.3775077964387442,0.0
Homecoming,"Kanye West, Chris Martin",00s,4iz9lGMjU1lXS51oPmUmTe,2007,2007-09-11,hip-hop,0.7484460782643381,0.6641669383762635,0.9279298099018175,0.33835102879537493,0.0
Break from Toronto,PARTYNEXTDOOR,10s,5fEB6ZmVkg63GZg9qO86jh,2013,2013-07-01,hip-hop,0.6792938049585187,0.5826540593413759,0.23960726968874033,0.01997638726428743,0.003925327951564077
You Know How We Do It,Ice Cube,90s,2Ih217RCGAmyQR68Nn7Cqo,1993,1993-12-07,hip-hop,0.5209451211567873,0.7478534941854147,0.5968247336536453,0.0980891186143934,0.05418768920282543
Fuck Love,"XXXTENTACION, Trippie Redd",10s,7AQim7LbvFVZJE3O8TYgf2,2017,2017-08-25,hip-hop,0.5339738103303474,0.8021954135420064,0.3127219552955922,0.017265534119746476,0.00015338042381432898
DUCKWORTH.,Kendrick Lamar,10s,0y9uTzK9cNKSAEHnpeRG8C,2017,2017-04-14,hip-hop,0.7324107685122639,0.5359200086947071,0.629204094422394,0.053811850586891176,0.0
Good Morning,Kanye West,00s,6MXXY2eiWkpDCezVCc0cMH,2007,2007-09-11,hip-hop,0.6321900825618011,0.457667644821215,0.5069981199080844,0.07941435250755574,0.00010595358224016146
Neighbors,J. Cole,10s,0utlOiJy2weVl9WTkcEWHy,2016,2016-12-09,hip-hop,0.2834220954541901,0.9119660906423215,0.45895132650929593,0.3202786744984352,0.00038647830474268415
Teenage Fever,Drake,10s,6n3HGiq4v35D6eFOSwqYuo,2017,2017-03-18,hip-hop,0.2834220954541901,0.7685034235409195,0.11949028619176937,0.11144258040046551,0.017356205852674066
Awolowo,Fido,20s,1136eJrkWsDvReASbjLTaU,2024,2024-08-07,ambient,0.38564719512366236,0.6087381806325399,0.27616461249216623,0.1295149346974052,0.00372351160443996
Holy Ghost,Omah Lay,20s,0zVk3uuV9UhxAt48F3OL12,2023,2023-11-09,ambient,0.4157134009088012,0.8304532116074339,0.4787967411740129,0.4728896663392592,0.0318869828456105
"Soweto (with Don Toliver, Rema & Tempoe)","Victony, Rema, Tempoe, Don Toliver",20s,25Kyv5SeEenT0EETpP2hYn,2023,2023-03-22,ambient,0.7574659399998798,0.7174220193457232,0.6448715270524337,0.05431386042847284,0.0
Rush,Ayra Starr,20s,1rrqJ9QkOBYJlsZgqqwxgB,2022,2022-09-16,ambient,0.5039076045452086,0.7967612216063472,0.3670357217463965,0.037044721878063805,0.0005751765893037336
Free Mind,Tems,20s,2mzM4Y0Rnx2BDZqRnhQ5Q6,2020,2020-09-25,ambient,0.46381933016502347,0.5467883925660255,0.4035930645498224,0.4437730955275231,0.00014631685166498486
Essence (feat. Tems),"Wizkid, Tems",20s,5FG7Tl93LdH117jEKYl3Cm,2020,2020-10-29,ambient,0.7083578038841528,0.8587110096728616,0.5978692291623146,0.026703319141481642,8.65792129162462e-06
In My Bed,"Rotimi, Wale",10s,6XM53PbvlzhuNtJZtpl7RP,2019,2019-12-13,ambient,0.5019031908261993,0.628301271600913,0.4192604971798621,0.2299169030137368,5.963673057517659e-05
Location (feat. Burna Boy),"Dave, Burna Boy",10s,3z4CGd63tpUn9a6oQSG0CI,2019,2019-03-08,ambient,0.4968921565286762,0.8184979893489839,0.5435554627115105,0.27208572970659606,0.0
Higher,Tems,20s,2QdSb68BzZGMgCbsrFmSLc,2020,2020-09-25,ambient,0.5820797395865696,0.5978697967612217,0.5205765615207855,0.5110424142994652,0.0
KU LO SA - A COLORS SHOW,Oxlade,20s,2WigMwGJysIh9fRnSJvpjn,2022,2022-06-10,ambient,0.6562430471899122,0.641343332246495,0.7973678713181533,0.3082304383004754,0.0
Replay,Tems,20s,2dFqK2ZkYB9Xc47gr3xXWl,2021,2021-09-14,ambient,0.5500091200824215,0.602217150309749,0.7837894297054523,0.09738630483617909,0.0
Touches,Somnum Magnam,20s,6KzdWw8Hi1bz1lVw2AXDzb,2024,2024-01-19,ambient,0.001411107258182518,0.08596891642212803,0.13097973678713182,0.980923626019897,0.9798183652875883
Rosyln,"Bon Iver, St. Vincent",00s,4k7x3QKrc3h3U0Viqk0uop,2009,2009-10-16,ambient,0.2774088542971624,0.29355504836430824,0.09546688949237518,0.9748995079209171,0.02421796165489405
Lights Are On,Tom Rosenthal,10s,4IhTXiZLKATmwhMZIb1GQN,2018,2018-10-26,ambient,0.039885828594565235,0.41419410933594175,0.2291623146020472,0.9849397047525502,0.4692230070635722
Take Me To Church,Hozier,10s,3dYD57lRAUcMHufyqn9GcI,2014,2014-09-19,ambient,0.6652629089254539,0.5609172915987393,0.425527470231878,0.6395569337443696,0.0
cardigan,Taylor Swift,20s,4R2kfaDFhslZEMJqAFNpdd,2020,2020-07-24,ambient,0.5820797395865696,0.602217150309749,0.5445999582201797,0.5391549654280381,0.0003481331987891019
Young And Beautiful,Lana Del Rey,10s,2nMeu6UenVvwUktBCpLMK9,2013,2013-01-01,ambient,0.41671560776830585,0.28812085642864904,0.12680175475245456,0.26304955255812623,3.72351160443996e-05
My Love Mine All Mine,Mitski,20s,3vkCueOmm7xQDoJ17W1Pm3,2023,2023-09-15,ambient,0.3084772669418059,0.4837517661123791,0.09546688949237518,0.8714854805550956,0.13622603430877903
idfc,blackbear,10s,3SErMoIKdRELto2OspGs5L,2015,2015-06-02,ambient,0.42272884892533363,0.7163351809585915,0.4443283893879256,0.07670349936301478,0.0
As the World Caves In,Matt Maltese,10s,3NM41PVVUr0ceootKAtkAj,2018,2018-06-08,ambient,0.4497884341319586,0.29138137159004457,0.15604762899519528,0.370479658656601,0.004480322906155399
The 30th,Billie Eilish,20s,5SHpuW2qjkQtFRpE6P9Nks,2022,2022-07-21,ambient,0.135095480247505,0.35659167481795456,0.188426989763944,0.9327306812280579,0.0
Like Real People Do,Hozier,10s,57V4uc2b2diZ4RPHXWecb9,2014,2014-09-19,ambient,0.17919258206570868,0.5217911096619933,0.12053478170043867,0.9246985237627513,0.39656912209889
Happiness is a butterfly,Lana Del Rey,10s,3lG6OtGDsYAOALxEmubQQm,2019,2019-08-30,ambient,0.11906017049543094,0.4435387457885013,0.13202423229580112,0.9728914685545904,1.4127144298688192e-06
listen before i go,Billie Eilish,10s,0tMSssfxAL2oV8Vri0mFHE,2019,2019-03-29,ambient,0.056021359032589764,0.2826866644929899,0.05473156465427199,0.9387547993270378,0.0038748738647830477
Astronomy,Conan Gray,20s,2JN3ugW1cEahbYw0I5mw5U,2022,2022-06-24,ambient,0.34355450702446794,0.451146614498424,0.12784625026112387,0.5803197724377339,2.674066599394551e-05
From the Dining Table,Harry Styles,10s,1IF5UcqRO42D12vYwceOY6,2017,2017-05-12,ambient,0.15614182429710222,0.6652537767633954,0.17902653018592019,0.8072282208326435,0.05227043390514632
Getting Older,Billie Eilish,20s,4HOryCnbme0zBnF8LWij3f,2021,2021-07-30,ambient,0.1280800322309726,0.5870014128899033,0.35241278462502607,0.977911566970407,0.12209889001009082
rises the moon,Liana Flores,10s,51Grh1RyUDcMBbpuyUIUHI,2019,2019-04-10,ambient,0.12908223909047722,0.46092815998261055,0.18111552120325883,0.9508030355249975,0.14631685166498484
ceilings,Lizzy McAlpine,20s,2L9N0zZnd37dwF0clgxMGI,2022,2022-04-08,ambient,0.3225081629748707,0.4967938267579611,0.24169626070607894,0.4748977057055858,0.0019576185671039354
Sparks,Coldplay,00s,7D0RhFcb3CrfPuTJ0obrod,2000,2000-07-10,ambient,0.26838899256162074,0.33920226062384523,0.14142469187382495,0.7510031185754976,0.05216952573158426
In My Room,Chance Peña,20s,7CiDwKE62N6ey3LyG6s7xc,2022,2022-05-06,ambient,0.3385434727269448,0.37941528094772303,0.07353248381031961,0.523090650497425,0.000644803229061554
Waiting Room,Phoebe Bridgers,10s,04mAOoQNsXmDJlyupJwmkO,2016,2016-08-12,ambient,0.2894353366112179,0.5130964025649386,0.09442239398370586,0.34035906816170153,0.0003612512613521695
Chemtrails Over The Country Club,Lana Del Rey,20s,7bPWdJgx8vek7S5i5yAtvG,2021,2021-03-19,ambient,0.27640664743765775,0.2989892402999674,0.41717150616252346,0.8805216577035654,0.0002512613521695257
How to disappear,Lana Del Rey,10s,4qUtC2BwFC154Ha8YQRrkk,2019,2019-08-30,ambient,0.3044684395037874,0.5207042712748614,0.03697514100689367,0.61546046134845,0.0006367305751765894
Nothing New (feat. Phoebe Bridgers) (Taylor’s Version) (From The Vault),"Taylor Swift, Phoebe Bridgers",20s,01K4zKU104LyJ8gMb7227B,2021,2021-11-12,ambient,0.3776295402476253,0.5946092815998261,0.4349279298099018,0.8202804767137664,0.0
State Lines,Novo Amor,10s,7CoMBpPTwQi2wPT0U0Nr9b,2018,2018-10-19,ambient,0.31048168066081516,0.4891859580480382,0.12680175475245456,0.9628512717229573,0.23107971745711403
Where's My Love - Acoustic,SYML,10s,0ElpbbncWT9aS7mgoqEHbQ,2017,2017-07-07,ambient,0.22529409760292163,0.5380936854689707,0.19991644035930647,0.8955819529510152,0.032391523713420786
Apocalypse,Cigarettes After Sex,10s,0yc6Gst2xkRu0eMLeRMGCX,2017,2017-06-09,ambient,0.4688303644625466,0.33702858384958156,0.15709212450386462,0.02057879907418542,0.5711402623612513
Anchor,Novo Amor,10s,7qH9Z4dJEN0l9bidizW7fq,2017,2017-05-26,ambient,0.40769574603276415,0.4326703619171829,0.10068936703572175,0.8082322405158067,0.8920282542885974
Brooklyn Baby,Lana Del Rey,10s,1NZs6n6hl8UuMaX0UC0YTz,2014,2014-01-01,ambient,0.6652629089254539,0.37506792739919576,0.06820555671610612,0.5441750638438546,0.004056508577194753
Would That I,Hozier,10s,37zuIvk4KBkAxxLJsxJaHq,2019,2019-03-01,ambient,0.526958362313815,0.5022280186936202,0.4934196782953833,0.2439731785780232,0.005418768920282543
lacy,Olivia Rodrigo,20s,6QT6j7rKt7Vk3IuV2AUO9W,2023,2023-09-08,ambient,0.367607471652579,0.36528638191500923,0.41403801963651554,0.8182724373474398,0.0
Can’t Catch Me Now - from The Hunger Games: The Ballad of Songbirds & Snakes,Olivia Rodrigo,20s,17cia5k4BpGVlyEfqrFH50,2023,2023-11-17,ambient,0.3475633344624864,0.38050211933485484,0.17693753916858157,0.8373488113275428,4.591321897073663e-06
Feels Like,Gracie Abrams,20s,35IcAVSMsU9qzHfpPbvC8A,2021,2021-11-12,ambient,0.483863467355116,0.6065645038582763,0.15291414246918736,0.704818213149985,0.0002179616548940464
Black Friday,Tom Odell,20s,0uvagCBJC0ClsR11W10T0Y,2024,2024-01-26,ambient,0.19923671925580128,0.457667644821215,0.17902653018592019,0.9347387205943846,0.05681130171543895
Male Fantasy,Billie Eilish,20s,4ak9GGe6afmi2HbxEjvhIC,2021,2021-07-30,ambient,0.28843312975171326,0.6826431909575047,0.29078754961353664,0.8664653821392789,0.0
Cherry Wine - Live,Hozier,10s,1C042FLYy7rP3MfnkOcnha,2014,2014-09-19,ambient,0.1100403087598893,0.3870231496576459,0.21349488197200753,0.9548191142576508,0.002381432896064581
We'll Never Have Sex,Leith Ross,20s,4Do3s3aivnqbUAvUEDEsAG,2023,2023-05-19,ambient,0.09721206095823003,0.4174546244973372,0.2709421349488197,0.9558231339408141,0.010292633703329971
Margaret (feat. Bleachers),"Lana Del Rey, Bleachers",20s,1o82DwNisONAd2mu1RcGE6,2023,2023-03-24,ambient,0.24533823479301423,0.30551027062275843,0.16962607060789636,0.9728914685545904,0.10010090817356206
Miserable Man,David Kushner,20s,5iu3rl4feYeRgR1DW0ydNU,2022,2022-09-16,ambient,0.348565541321991,0.621780241278122,0.3033214957175684,0.9297186221785679,8.950554994954591e-05
Halley's Comet,Billie Eilish,20s,5XsAal7ZcWg1I5T4NcRjkv,2021,2021-07-30,ambient,0.1591484448756161,0.3739810890120639,0.008878211823689159,0.9648593110892839,0.012209889001009082
Did It Again,Lil Tecca,10s,4guBZjUyrGoHsTahO3IHdj,2019,2019-08-30,hip-hop,0.5620356023964771,0.6815563525703728,0.1633590975558805,0.18574003695455088,0.0
Wish (feat. Trippie Redd) - Trippie Mix,"Diplo, Trippie Redd",10s,0c0YHn3DIQLl1opsQDd9kO,2018,2018-08-10,hip-hop,0.8206049721486713,0.5500489077274209,0.6814288698558597,0.23292896206322675,0.0
Lust,Lil Skies,10s,7oJrVhiTPZGBXWPwhxjy9S,2017,2017-12-12,hip-hop,0.7684902154544306,0.7163351809585915,0.5111761019427616,0.13855111184587504,0.0
Conceited,Lil Uzi Vert,20s,1gUUuh7FQ3mr7nEq0SRvGX,2024,2024-11-01,hip-hop,0.5510113269419261,0.6196065645038583,0.12993524127846248,0.15260738741016144,0.0
Ransom (with Juice WRLD) - Remix,"Lil Tecca, Juice WRLD",10s,2WsuSYJNXGKXVYkHPnq2yp,2019,2019-08-30,hip-hop,0.6722783569419862,0.6793826757961092,0.43910591184457903,0.011944229798980905,0.0
Take What You Want (feat. Ozzy Osbourne & Travis Scott),"Post Malone, Ozzy Osbourne, Travis Scott",10s,7CZyCXKG6d5ALeq41sLzbw,2019,2019-09-06,hip-hop,0.8015630418180835,0.4772307357895881,0.2531857113014414,0.09065937295898488,0.0
witchblades,"Lil Peep, Lil Tracy",10s,57NsyEzmk0NT3NcOwuQT55,2017,2017-02-07,hip-hop,0.5409892583468798,0.6250407564395175,0.5362439941508252,0.022386034503879385,0.0
Ballin' (with Roddy Ricch),"Mustard, Roddy Ricch",10s,3QzAOrNlsabgbMwlZt7TAY,2019,2019-06-28,hip-hop,0.546000292644403,0.8152374741875884,0.22393983705870063,0.39357211136935727,0.0
Suicidal,YNW Melly,10s,1iSqfoUFnQwV0QW1EfUit8,2019,2019-11-22,hip-hop,0.3696118853715883,0.7348114335398327,0.2145393774806768,0.33533896974588495,0.0
Flaws And Sins,Juice WRLD,10s,0flSGzqHO12p9fU9kqaHGE,2019,2019-03-08,hip-hop,0.6632584952064446,0.706553635474405,0.4276164612492166,0.009695225708695077,0.0
Down With Me,Lil Tecca,20s,00n83h3zn2IrySO4Q4aTrG,2024,2024-01-19,hip-hop,0.589095187603102,0.7098141506358004,0.4610403175266346,0.11244660008362882,0.0
Wow.,Post Malone,10s,7xQAfvXzm3AkraOtGPWIZg,2019,2019-09-06,hip-hop,0.5389848446278706,0.836974241930225,0.375391685815751,0.13754709216271174,1.8970736629667003e-06
Maria I'm Drunk (feat. Justin Bieber & Young Thug),"Travis Scott, Justin Bieber, Young Thug",10s,6Yqmv7XJLCrQEauMbPGZSw,2015,2015-09-04,hip-hop,0.6321900825618011,0.6402564938593631,0.11740129517443074,0.38152387517139746,0.0
Still Think About You,A Boogie Wit da Hoodie,10s,2FTeQQ5Rg9tBpgpTF5mnhE,2016,2016-09-16,hip-hop,0.6472231854543705,0.9641343332246495,0.9728431167745979,0.21987670618210362,0.0
Come & Go (with Marshmello),"Juice WRLD, Marshmello",20s,2Y0wPrPQBrGhoLn14xRYCG,2020,2020-07-10,hip-hop,0.8155939378511482,0.615259210955331,0.5278880300814707,0.017265534119746476,0.0
500lbs,Lil Tecca,20s,6rjuKpPydT2SxN15TZpV7r,2023,2023-09-22,hip-hop,0.7805166977684862,0.7228562112813824,0.5226655525381242,0.0983903245193424,0.0
16,Baby Keem,20s,1Is8hGpkGMiePASAxBluxM,2021,2021-09-10,hip-hop,0.7835233183470001,0.6978589283773503,0.5644453728848966,0.09216540248372986,2.330978809283552e-06
Chemical,Post Malone,20s,5w40ZYhbBMAlHYNDaVJIUu,2023,2023-04-14,hip-hop,0.8817395905784537,0.4685360286925334,0.3785251723417589,0.0015425858814089501,0.0
I Just Called To Say I Love You,Stevie Wonder,90s,6RNDeRnWsRMjPdNVgupZCs,1999,1999-11-23,korean,0.5520135338014308,0.7489403325725464,0.6480050135784416,0.2439731785780232,1.5842583249243188e-06
Stay With Me,"CHANYEOL, Punch",10s,1HYzRuWjmS9LXCkdVHi25K,2016,2016-12-03,korean,0.526958362313815,0.5424410390174982,0.1800710256945895,0.4327288790127266,0.0
Sudden Shower,ECLIPSE,20s,1OhIn0L6iofnk5bjalWfHq,2024,2024-04-08,korean,0.5069142251237224,0.4457124225627649,0.19573845832462922,0.5893559495862037,0.0
Christmas Tree,V,20s,186NCtNk1tUYS7c2DxgJ7O,2021,2021-12-24,korean,0.3846449882641577,0.4109335941745462,0.15813662001253392,0.7018061541004952,2.3511604439959638e-05
Boyfriend,YEONJUN,20s,7dk7jxKBun1JQ2pPPBxDYl,2024,2024-09-01,korean,0.5580267749584585,0.8217585045103792,0.47252976812199704,0.10943454103413888,0.0
Love You With All My Heart,Crush,20s,0UaaFmF3xUwMjnuAHBq7qL,2024,2024-03-24,korean,0.32651699041288923,0.4359308770785784,0.19260497179862127,0.7660634138229474,0.0
Stay Alive (Prod. SUGA of BTS),Jung Kook,20s,7CAdT0HdiQNlt1C7xk2hep,2022,2022-02-11,korean,0.7614747674378982,0.49244647320943374,0.4861082097346981,0.30019828083516886,0.0
Me Fui de Vacaciones,Bad Bunny,20s,28GCbKgjlVD9eDmasGbe0T,2022,2022-05-06,world,0.6462209785948659,0.7119878274100642,0.42239398370587006,0.2299169030137368,0.0008375378405650858
Chachachá,Jósean Log,10s,6aommJFM8i3iT4inKuDSXh,2016,2016-10-14,world,0.3215059561153661,0.6750353222475819,0.4035930645498224,0.7941759649515203,4.7124117053481335e-06
Nunca Es Suficiente,"Los Ángeles Azules, Natalia Lafourcade",10s,0HlMshB5JmZjPNbOuOgFHN,2018,2018-06-08,world,0.49989877710719005,0.8011085751548745,0.8025903488614999,0.39357211136935727,0.0
Muerte En Hawaii,Calle 13,10s,3kNVYo6BJE9AENxzokM9YC,2010,2010-11-22,world,0.589095187603102,0.6696011303119227,0.8871944850637142,0.7921679255851937,0.0
Harpy Hare,Yaelokre,20s,35I2E525yJpUQ5ZJgfxizT,2024,2024-01-04,folk,0.5339738103303474,0.6369959786979676,0.3336118654689784,0.6465850715265128,7.144298688193743e-06
Russian Bandana,Dhanda Nyoliwala,20s,1dFrZr9eMUsFqeag04ClqD,2024,2024-09-12,hip-hop,0.616154772809727,0.778284969025106,0.9279298099018175,0.30521837925098544,0.0
Sifar Safar,Karan Aujla,20s,3lQPwCmD918SyoiIkw1zqx,2024,2024-10-18,hip-hop,0.7995586280990742,0.4891859580480382,0.4704407771046584,0.006271518589108168,0.0
Knife Brows,Dhanda Nyoliwala,20s,5nIrIdLPPXeRMl8WXnnDv1,2024,2024-10-19,hip-hop,0.6071349110741854,0.6489512009564179,0.3659912262377272,0.3363429894290483,0.0
Baller,"Shubh, Ikky",20s,42TMa2hgBNjte4uV7jNCnQ,2022,2022-09-09,hip-hop,0.7033467695866297,0.7087273122486686,0.6730729057865051,0.004885971426342792,0.01644803229061554
Winning Speech,"Karan Aujla, Mxrci",20s,3FqtduiaqnFYvBgKuc6QWQ,2024,2024-05-16,hip-hop,0.7815189046279909,0.4370177154657103,0.4370169208272404,0.1285109150142419,0.0
Still Rollin,Shubh,20s,6oz1L5jcqZWYuId7nxvIan,2023,2023-05-19,hip-hop,0.4317487106608753,0.8934898380610804,0.22602882807603925,0.18272797790506093,0.0018163471241170535
9:45,"Prabh Singh, Jay Trak, Rooh Sandhu",20s,6c4Po8zyQjB4cR5XgLhcGb,2023,2023-03-10,hip-hop,0.4558016752889864,0.8011085751548745,0.3367453519949864,0.6395569337443696,3.622603430877901e-06
Dior,Shubh,20s,53QrRlALFJfZgdcGLKwy5s,2023,2023-05-19,hip-hop,0.36259643735505587,0.986957939354418,0.6302485899310634,0.5160625127152818,0.006427850655903128
Cheques,Shubh,20s,4eBvRhTJ2AcxCsbfTUjoRp,2023,2023-05-19,hip-hop,0.6281812551237825,0.7424193022497555,0.3409233340296636,0.26304955255812623,1.24117053481332e-05
MVP,Shubh,20s,5BQePe9rcCJozHK3oPayYk,2024,2024-05-10,hip-hop,0.5730598778510279,0.7424193022497555,0.6417380405264258,0.39256809168619394,0.004318869828456105
8 ASLE,"Sukha, Chani Nattan, Prodgk, Gurlez Akhtar",20s,6wkHR8cU4INbp145hngbQO,2023,2023-11-17,hip-hop,0.6853070461155465,0.771763938702315,0.47357426363066635,0.0980891186143934,0.0
King Shit,Shubh,20s,1BpvuKIG7jK5EiTp2tv5z8,2024,2024-01-05,hip-hop,0.5670466366940001,0.7989348983806108,0.6793398788385211,0.3022063202014955,0.00016952573158425833
One Love,Shubh,20s,5ZLkihi6DVsHwDL3B8ym1t,2023,2023-08-18,hip-hop,0.5129274662807503,0.8576241712857298,0.8892834760810528,0.28513798558771913,0.006508577194752775
On Top,Karan Aujla,20s,4SJMuaIYcBS8ke96lDYOsw,2022,2022-11-25,hip-hop,0.7514526988428519,0.8391479187044886,0.6605389596824734,0.01887196561280778,0.0
Old Money,AP Dhillon,20s,4WLDaQ8AgSwUgFoPzJkAYK,2024,2024-08-09,hip-hop,0.7344151822312732,0.8750135854798392,0.16022561102987254,0.14457522994485492,0.00017658930373360242
Tu hai kahan,AUR,20s,3zSSCPpLZ5Oc8nelhhGjKz,2023,2023-10-16,hip-hop,0.3565831961980281,0.7054667970872731,0.5634008773762272,0.4387529971117065,6.599394550958628e-05
Bandana,Shubh,20s,7KQdgW7QzNd9oPoCzjCU76,2024,2024-03-29,hip-hop,0.7193820793387038,0.7141615041843278,0.9195738458324629,0.04537808524831932,0.0
Move,"Adam Port, Stryv, Keinemusik, Orso, Malachiii",20s,6NIJqFHB5cHAn064JCP7Li,2024,2024-06-07,electronic,0.7835233183470001,0.7261167264427779,0.6532274911217882,0.05652270373143213,0.3390514631685167
Yamore,"MoBlack, Salif Keita, Benja (NL), Franc Fala, Cesária Evora",20s,480j122Gpi252OIfy4SNzm,2024,2024-06-07,electronic,0.5780709121485511,0.8000217367677427,0.18424900772926675,0.0026369673360569644,0.14833501513622602
My Love (2024),"Alex Wann, Route 94, Jess Glynne",20s,2nljjiWhzVIugb5vgEMQQk,2024,2024-08-30,electronic,0.8737219357024167,0.40332572546462336,0.11113432212241488,0.11847071818260871,0.8869828456104945
Forever (feat. Malou & Yuna),"HUGEL, Diplo, Malou, Yuna",20s,0WS1qLcXKsCGt5e3dqq30S,2024,2024-09-20,electronic,0.9478852433057592,0.5250516248233887,0.20827240442866096,0.0313218096840329,0.6377396569122099
Beso (Fruta Fresca),"Wakyin, Carlos Vives",20s,0r3nMF80NSIuPIxeod4aoG,2023,2023-12-13,electronic,0.7243931136362269,0.791327029670688,0.5738458324629204,0.05110099744235023,0.0045105953582240165
The Boy Is Mine,"James Mac, Vall, Rosalie",20s,1aRd5tMVhiRyMJLmSOg2IF,2023,2023-06-23,electronic,0.8807373837189492,0.7413324638626236,0.34719030708167953,0.0844344509233723,0.04369323915237134
Sideways,"Gordo, Drake",20s,02YMpD1xbZZzpZbuZNvmD7,2024,2024-07-26,electronic,0.5710554641320187,0.647864362569286,0.4777522456653436,0.5291147685964048,0.4339051463168517
Famax - Edit,RAFFA GUIDO,20s,1P9ZF3ZxRWNTDgJkZOgkI9,2024,2024-02-23,electronic,0.8316292476032222,0.8141506358004565,0.45477334447461876,0.00576950874752651,0.8163471241170536
Waltz,Fabrizio Paterlini,20s,73fZnvwSUlWwt9LLRkknzs,2020,2020-06-05,classical,0.051511428164818934,0.22943158352353005,0.17693753916858157,0.9899598031683668,0.9616548940464177
Nuvole Bianche,Ludovico Einaudi,00s,3weNRklVDqb4Rr5MhKBR3D,2004,2004-01-01,classical,0.05812599343754949,0.1435713509401152,0.01650302903697514,0.9648593110892839,0.8980827447023209
Idea 1,Gibran Alcocer,20s,3kJACFlgn1rg0I0l4XmzLI,2022,2022-08-16,classical,0.1461197557020559,0.22399739158787088,0.4035930645498224,0.9889557834852035,0.9011099899091827
Oceans Apart,Ben Crosland,20s,1yqM5O07lL7R6UAdK5jvrR,2020,2020-06-19,classical,0.055820917660688835,0.3663732203021411,0.2594526843534573,0.9909638228515302,0.9434914228052473
Idea 9,Gibran Alcocer,20s,3TdROUy5JZz1OcBKMZjeux,2023,2023-05-26,classical,0.1381021008260189,0.30551027062275843,0.308543973260915,0.9879517638020402,0.8536831483350151
Time,Hans Zimmer,10s,6ZFbXIJkuI1dVNWvzJzown,2010,2010-07-09,classical,0.09681117821442818,0.24682099771763935,0.010340505535826194,0.17871189917240765,0.7023208879919273
Nightcall,Kavinsky,10s,0U0ldCRmgCqhVvD6ksG63j,2010,2010-01-01,electronic,0.875726349421426,0.5141832409520705,0.3461458115730102,0.008450241301572564,0.012108980827447024
stellar,".diedlonely, énouement",20s,2PpYJcgJN6PzozUv7rU669,2023,2023-06-23,electronic,0.1491263762805698,0.4631018367568742,0.08606642991435137,0.8895578348520352,0.9253279515640768
memories,leadwave,20s,4VkRQSpG16JxrXaVlNyWdX,2022,2022-09-23,electronic,0.08227917875161106,0.20986849255515702,0.008878211823689159,0.9548191142576508,0.9364278506559032
Iris,Pastel Ghost,10s,4t9vB7wIKWE5jIhjcztmmd,2015,2015-01-01,electronic,0.856684419090838,0.5163569177263341,0.5968247336536453,0.0004281240330976695,0.9011099899091827
I'm God,"Clams Casino, Imogen Heap",20s,0FVuyC9RP5MACjp4lgU3qZ,2020,2020-04-24,electronic,0.6422121511568474,0.5109227257906749,0.06204303321495717,0.0713821950422492,0.7669021190716448
Resonance,Home,10s,4E1Zf6j2VSoRPiVBnUCjat,2014,2014-07-01,electronic,0.7554615262808705,0.5489620693402891,0.44641738040526424,0.04256683013546204,0.8476286579212916
A Bird's Last Look,Macabre Plaza,20s,5omLpU1N0uN51OSXL62VAM,2022,2022-04-21,electronic,0.7163754587601899,0.5359200086947071,0.8652600793816586,0.028711358507808277,0.7083753784056508
Veridis Quo,Daft Punk,00s,2LD2gT7gwAurzdQDQtILds,2001,2001-03-12,electronic,0.6883136666940604,0.5935224432126943,0.09442239398370586,0.4809218238045657,0.9576185671039353
Dark Beach,Pastel Ghost,10s,7fqjWHXf330QwnfaAWB2Dr,2015,2015-03-10,electronic,0.9118057963635927,0.5098358874035431,0.1121788176310842,0.3473872059438447,0.7709384460141272
LET GO,Central Cee,20s,3zkyus0njMCL6phZmNNEeN,2022,2022-12-15,hip-hop,0.41370898718979193,0.7478534941854147,0.47148527261332773,0.8514050868918293,0.0
2MS,Nemzzz,20s,0rwOtnvfoBHa443aTwjSlu,2022,2022-02-24,hip-hop,0.332530231569917,0.8978371916096077,0.41090453311050756,0.018570759707858785,0.0
UK Rap,"Dave, Central Cee",20s,2VjOTvl50tscmc0RDjPdr2,2023,2023-06-04,hip-hop,0.6752849775205002,0.9380502119334856,0.7273866722373094,0.3242947532310885,3.0978809283551968e-06
Eres,Café Tacvba,00s,6kdCN6gTWLcLxmLXoUcwuI,2003,2003-07-01,rock,0.7324107685122639,0.5696119986957939,0.4349279298099018,0.010739406179184924,0.013723511604439959
La Camisa Negra,Juanes,00s,2EM9zpAc7PVeoAydmbfVIL,2004,2004-01-01,rock,0.7324107685122639,0.752200847733942,0.9853770628786296,0.08413324501842331,0.0
A Dios Le Pido,Juanes,00s,129lYDVKnWtlJc2PZJviuA,2002,2002-01-01,rock,0.8416513161982686,0.667427453537659,0.9509087110925423,0.06857093992939192,0.0
Es Por Ti,Juanes,00s,3b1IQflSLrgzYQPGFzI9cl,2002,2002-01-01,rock,0.759470353718889,0.6924247364416911,0.8652600793816586,0.17268778107342778,3.1180625630676087e-05
Luz De Dia,Los Enanitos Verdes,90s,6TqXieeBcZZHyaO14hQpKx,1999,1999-01-01,rock,0.44778402041294935,0.6500380393435496,0.5153540839774389,0.4799178041214024,0.0010595358224016144
Inolvidable,Reik,00s,22seP38foydqUMp5Fvkcjm,2008,2008-01-01,rock,0.7785122840494769,0.641343332246495,0.66576143722582,0.007406060831082715,3.4611503531786075e-05
Mientes,Camila,10s,5EhzE6HJaCcLFrf5rPqvpk,2010,2010-02-09,rock,0.5931040150411205,0.2968155635257037,0.29287654063087526,0.08272761746199468,0.0
Todo Cambió,Camila,00s,4OyzSXRSadNQt5EMwASdap,2006,2006-01-01,rock,0.5239517417353011,0.42723616998152375,0.34823480259034884,0.5652594771902841,0.0
Fotografía,"Juanes, Nelly Furtado",00s,0dEPlb8waIqRtKpLb3l6So,2002,2002-01-01,rock,0.7163754587601899,0.4652755135311379,0.6354710674744098,0.2951781824193523,0.0
Te Lo Pido por Favor,Jaguares,00s,6iRkrVOhCjgKFB2cBWnx4M,2002,2002-10-22,rock,0.6602518746279307,0.6402564938593631,0.5247545435554628,0.11545865913311877,0.0003097880928355197
Maldito duende,Heroes Del Silencio,90s,7vcDJCAO356RYkCfiUozmE,1990,1990-01-01,rock,0.8516733847933149,0.3424627757852407,0.3325673699603091,0.0907597749273012,0.0
Nada Valgo Sin Tu Amor,Juanes,00s,6QdwofpqDvvNxX88C9A0iQ,2004,2004-01-01,rock,0.6442165648758567,0.589175089664167,0.3733026947984123,0.1556194464596514,0.0
La Célula Que Explota,Caifanes,90s,5mB0MGsRfKZALHrXjnktCK,1990,1990-06-19,rock,0.4798546399170975,0.3978915335289642,0.2604971798621266,0.44176505616119643,0.0001099899091826438
Afuera,Caifanes,90s,3pJfnBjO3kjudEchcPEDxS,1994,1994-01-01,rock,0.5540179475204401,0.4652755135311379,0.6991852935032379,0.20983650935047046,2.8355196770938446e-05
Agua,Jarabe De Palo,90s,5omgFpiMt1CGHjQGfkwzvz,1998,1998-01-01,rock,0.3585876099170373,0.7130746657971959,0.7440986003760184,0.7459830201596811,0.013420787083753783
Como te extraño mi amor,Café Tacvba,90s,6hFHsQWB7HdVrSe7efRR82,1996,1996-01-01,rock,0.7604725605783936,0.7956743832192154,0.9268853143931481,0.08262721549367834,4.480322906155399e-05
Devuélveme a mi chica,Hombres G,80s,1Wrzhfa5bNlqvsnCztz190,1985,1985-01-01,rock,0.937863174710713,0.5815672209542441,0.3764361813244203,0.02248643647219572,0.00035418768920282545
Lamento Boliviano,Los Enanitos Verdes,90s,6Pur3hWy6Nzc27ilmsp5HA,1994,1994-01-01,rock,0.7364195959502825,0.7119878274100642,0.6793398788385211,0.17670385980608103,0.0006276488395560041
Te quiero,Hombres G,90s,6tu2FHuKL9C8pwNrityweQ,1996,1996-01-01,rock,0.6321900825618011,0.7848059993478971,0.9185293503237937,0.05351064468194218,0.0028758829465186683
Clavado en Un Bar,Maná,90s,78DVpEWwmJFC25KGz8fJuE,1997,1997-01-01,rock,0.8556822122313333,0.6250407564395175,0.5581783998328806,0.007396020634251081,2.512613521695257e-06
Chammak Challo,"Akon, Hamsika Iyer",10s,0EH7sgeiFqDa3eS7ieW2zs,2011,2011-09-16,indian,0.8807373837189492,0.7424193022497555,0.9467307290578652,0.06987616551750422,7.235116044399596e-06
Proper Patola,"Badshah, Diljit Dosanjh, Aastha Gill",10s,39ujbBjTwwqUFySaCYDMMT,2018,2018-10-03,indian,0.8256160064461945,0.7728507770894468,0.48088573219135156,0.4869459419035456,0.0
Papaoutai,Stromae,10s,34dx8DACTJsc3rsJdaEIQw,2013,2013-01-01,electronic,0.8105829035536252,0.7315509183784371,0.23334029663672445,0.026703319141481642,0.0
Djadja,Aya Nakamura,10s,7sKDftgGirHWTVFMtJoDoh,2018,2018-11-02,electronic,0.7985564212395696,0.817411150961852,0.5341550031334866,0.06194441002051403,0.0
Je veux,Zaz,10s,734dz1YaFITwawPpM25fSt,2010,2010-05-10,electronic,0.8085784898346159,0.5065753722421475,0.7430541048673491,0.25200533604332975,0.0
Casanova,"Soolking, Gazo",20s,30D9x5LFgL2o9xidjX2wtE,2023,2023-07-06,electronic,0.8326314544627269,0.8032822519291382,0.7221641946939628,0.6997981147341685,5.923309788092835e-05
Voyage voyage,Desireless,00s,2d8D7uk3tbAThjRkdfrx9c,2001,2001-01-02,electronic,0.9148124169421066,0.5946092815998261,0.8443701692082723,0.24698523762751315,0.007023208879919273
Dernière danse,Indila,10s,65uoaqX5qcjXZRheAj1qQT,2014,2014-01-01,electronic,0.4497884341319586,0.6630800999891316,0.3106329642782536,0.18473601727138755,0.0
Love Story,Indila,10s,6nGeLlakfzlBcFdZXteDq7,2014,2014-01-01,electronic,0.25536030338806054,0.34354961417237256,0.31481094631293083,0.8182724373474398,0.0
Formidable,Stromae,10s,2AMysGXOe0zzZJMtH3Nizb,2013,2013-01-01,electronic,0.6301856688427918,0.4935333115965656,0.48924169626070607,0.09899273632924038,0.0
Petit génie,"Jungeli, Imen Es, Alonzo, Abou Debeing, Lossa",20s,1eldTykrnkEBLX41bk5eMw,2023,2023-08-04,electronic,0.5840841533055788,0.7978480599934791,0.9822435763526217,0.10642248198464893,1.0797174571140262e-05
Seya,"SativaMusic, Morad, GIMS",20s,5EVY9jwZDhgyLDyNGCGWYh,2023,2023-10-06,electronic,0.6823004255370326,0.8032822519291382,0.42239398370587006,0.21987670618210362,0.0019878910191725527
Tous les mêmes,Stromae,10s,6M4nkEPZMj58acftDRTuKL,2013,2013-01-01,electronic,0.6392055305783335,0.6978589283773503,0.6438270315437644,0.2238927849147569,0.0022098890010090817
Est-ce que tu m'aimes ? - Pilule bleue,GIMS,10s,3a9TMd2Yrza6HXqqlfMtfy,2015,2015-08-28,electronic,0.8536777985123241,0.7826323225736334,0.5968247336536453,0.23594102111271667,0.0
Solitaire,Werenoi,20s,3kzXT2poHInDISrXOgT1PR,2022,2022-10-28,electronic,0.7183798724791992,0.7543745245082056,0.5968247336536453,0.15160336772699815,0.0026034308779011098
Imagine,Carbonne,20s,6IcsbETuviVu6UTiBTcxY4,2024,2024-05-03,electronic,0.6281812551237825,0.7924138680578199,0.9185293503237937,0.6957820360015152,0.0
MANON B,"Tiakola, Ryflo, Oskoow",20s,6C0SXfD7rR46MpWK5VJSEw,2024,2024-09-20,electronic,0.7093600107436575,0.8837082925768939,0.29078754961353664,0.3373470091122116,0.0
PONA NINI,"Tiakola, Genezio, Prototype",20s,6JCjcuo4VKAP4bHhbHj6fe,2024,2024-09-20,electronic,0.570053257272514,0.7750244538637105,0.5174430749947775,0.23594102111271667,0.0
MANON B,"Tiakola, Ryflo, Oskoow",20s,2PYlRGF5Wi5sDobsLH5gLX,2024,2024-08-29,electronic,0.7103622176031621,0.8837082925768939,0.29183204512220595,0.3373470091122116,0.0
Tieduprightnow,Parcels,10s,66tkDkPsznE5zIHNt4QkXB,2018,2018-04-27,indie,0.5339738103303474,0.8739267470927073,0.7399206183413412,0.29216612336986236,0.0012714429868819375
Borderline,Tame Impala,20s,5hM5arv9KDbCHS0k9uqwjr,2020,2020-02-14,indie,0.8747241425619213,0.6109118574068036,0.8809275120116984,0.040759594705768065,9.182643794147326e-06
Is It True,Tame Impala,20s,6RZmhpvukfyeSURhf4kZ0d,2020,2020-02-14,indie,0.6652629089254539,0.7304640799913052,0.6594944641738041,0.0030787359966488233,0.3531786074672048
Calm Down,Rema,20s,6hgoYQDUcPyCz7LcTUHKxa,2022,2022-02-10,latin,0.7825211114874955,0.817411150961852,0.829747232086902,0.3775077964387442,0.0010090817356205853
Fountains (with Tems),"Drake, Tems",20s,08XWh5c0BMyD1nKVxxl91z,2021,2021-09-03,latin,0.48586788107412526,0.8521899793500707,0.6887403384165448,0.1817239582218976,0.06811301715438951
UNAVAILABLE (feat. Musa Keys),"Davido, Musa Keys",20s,2kaH2Z8ezDUKf6fNw250rZ,2023,2023-03-30,latin,0.6502298060328844,0.7924138680578199,0.20827240442866096,0.25401337540965635,0.013723511604439959
People,Libianca,20s,26b3oVLrRUaaybJulow9kz,2022,2022-12-06,latin,0.42272884892533363,0.5587436148244755,0.692918320451222,0.5532112409923244,1.3218970736629666e-05
soso,Omah Lay,20s,1wADwLSkYhrSmy4vdy6BRn,2022,2022-07-14,latin,0.7263975273552362,0.7087273122486686,0.5226655525381242,0.4257007412305834,0.1301715438950555
KANTE (feat. Fave),"Davido, FAVE",20s,7vKXc90NT5WBm3UTT4iTVG,2023,2023-03-30,latin,0.8105829035536252,0.7228562112813824,0.6020472111969919,0.18272797790506093,0.0
Barcelona,"Alan Walker, Ina Wroldsen",20s,2GE3k8I0Sbh0puCjI15KGy,2024,2024-06-13,pop,0.8917616591735,0.6369959786979676,0.40881554209316895,0.26003749350863625,9.46518668012109e-06
Fortunate Son,Creedence Clearwater Revival,00s,5e6x5YRnMJIKvYpZxLqdpH,2005,2005-12-14,rock,0.7474438714048335,0.6272144332137811,0.4203049926885314,0.06505687103832031,0.2926337033299697
Jump - 2015 Remaster,Van Halen,80s,5FqYA8KfiwsQvyBI4IamnY,1984,2015-03-27,rock,0.8366402819007454,0.5576567764373438,0.7994568623354921,0.17168376139026448,0.00038042381432896067
Edge of Seventeen - 2016 Remaster,Stevie Nicks,80s,5LNiqEqpDc8TuqPy79kDBu,1981,2016-11-04,rock,0.805571869256102,0.5783067057928486,0.6563609776477962,0.3283108319637418,6.0343087790111e-06
Dream A Little Dream Of Me - Single Version,"Ella Fitzgerald, Louis Armstrong",00s,78MI7mu1LV1k4IA2HzKmHe,2007,2007-05-03,jazz,0.10402706760286151,0.4174546244973372,0.38061416335909753,0.9166663662974448,0.0
Coffee Cold,Galt MacDermot,00s,6MN6yRVriszuyAVlyF8ndB,2000,2000-01-01,jazz,0.47283919190056506,0.6804695141832411,0.46521829956131183,0.7881518468525404,0.2865792129162462
Fly Me To The Moon,"Frank Sinatra, Count Basie",10s,2dR5WkrpwylTuT3jRWNufa,2015,2015-04-17,jazz,0.36560305793356973,0.6641669383762635,0.43910591184457903,0.5271067292300783,0.0
Cheek To Cheek,"Ella Fitzgerald, Louis Armstrong",90s,33jt3kYWjQzqn3xyYQ5ZEh,1997,1997-05-20,jazz,0.26438016512360224,0.6565590696663407,0.6553164821391269,0.7088342918826384,0.0
Stompin At The Savoy,Benny Goodman,90s,1xUJ1mdLAysxNBtO9w3J2g,1990,1990-01-01,jazz,0.22228747702440774,0.5065753722421475,0.642782536035095,0.8393568506938694,0.08062563067608476
Alone Together - Rudy Van Gelder Remaster 2006,Kenny Dorham,90s,3GOZbK2epuHzCt5YvvVFHO,1992,1992-01-01,jazz,0.06183415881771661,0.30116291707423104,0.17484854815124293,0.9889557834852035,0.8990918264379415
Song For My Father,Horace Silver,90s,1CDBaGlisZlOJzvx88lL8A,1999,1999-01-01,jazz,0.6722783569419862,0.7424193022497555,0.5863797785669521,0.7971880240010102,0.004450050454086781
My Romance - Remastered 2006,Gene Ammons,00s,6rK27cC9hX0e1Chrnxo9Vn,2006,2006-03-21,jazz,0.042090683685475416,0.5000543419193566,0.3837476498851055,0.9698794095051005,0.9374369323915238
Body and Soul,Coleman Hawkins,90s,2xm9ihELo6xwrRKrBbPql9,1996,1996-05-21,jazz,0.11304692933840317,0.6522117161178134,0.7399206183413412,0.9799196063367337,0.8879919273461151
Journey Into Melody - 2007 Digital Remaster/Rudy Van Gelder Edition,Stanley Turrentine,00s,7ysmJhXFQtiBQlk6EZ6sks,2007,2007-01-01,jazz,0.1591484448756161,0.4848386044995109,0.17380405264257362,0.9497990158418341,0.012815338042381432
Where We Used to Live,Esbjörn Svensson Trio,00s,72PqmnVj86bfTnkFiQ9Mx9,2006,2006-09-22,jazz,0.09169992323095458,0.49788066514509294,0.056402757468142876,0.8795176380204021,0.6347124117053481
Ruby My Dear,Roy Hargrove,90s,1czzmAtPTw287TyMQEfCfg,1994,1994-08-16,jazz,0.19522789181778277,0.38376263449625037,0.050344683517860866,0.9036141104163217,0.715438950554995
Giant Steps - 2020 Remaster,John Coltrane,20s,1ZXu0ib26kWfQQngREMcU2,2020,2020-09-18,jazz,0.42072443520632435,0.38919682643190956,0.509087110925423,0.1867440566377142,0.0011200807265388498
Besame Mucho,Dave Brubeck,00s,1GZD0TZJHmdQaZsucHBmWT,2001,2001-04-02,jazz,0.2734000268591439,0.49788066514509294,0.3043659912262377,0.8694774411887689,0.7810292633703331
It Ain't Necessarily So,Mary Lou Williams,10s,2qswPLZD9CbUoSidGNyxwm,2016,2016-04-15,jazz,0.23732057991697716,0.45440712965981955,0.15500313348652597,0.9508030355249975,0.9091826437941474
"The Well-Tempered Clavier, Book 1, BWV 846-869 / Prelude & Fugue in C Major, BWV 846: I. Prelude","Johann Sebastian Bach, Lang Lang",10s,4SFBV7SRNG2e2kyL1F6kjU,2019,2019-03-29,classical,0.12607561851196333,0.19030540158678405,0.1946939628159599,0.9929718622178568,0.9041372351160444
"Bagatelle No. 25 in A Minor, WoO 59 ""Für Elise""","Ludwig van Beethoven, Igor Levit",10s,3zLTPuucd3e6TxZnu2dlVS,2015,2015-01-01,classical,0.030465084115221717,0.25008151287903485,0.09233340296636723,0.9909638228515302,0.9192734611503532
"The Carnival of the Animals, R. 125: XIII. The Swan (Arr. for Cello and Piano)","Camille Saint-Saëns, Yo-Yo Ma, Kathryn Stott",10s,0jOnZhF75V68VsBObWx2XO,2015,2015-09-18,classical,0.015933084652404596,0.11966090642321486,0.02893252559013996,0.9899598031683668,0.8678102926337034
"Handel / Orch. Hale: Keyboard Suite No. 4 in D Minor, HWV 437: III. Sarabande","George Frideric Handel, Alexander Briger, Academy of St. Martin in the Fields",00s,1upQiytDIEZfl9ItruoXuC,2002,2002-01-01,classical,0.0334717046937356,0.03803934354961417,0.022978901190724876,0.9307226418617313,0.8375378405650857
"Suite bergamasque, L. 75: III. Clair de lune","Claude Debussy, Alice Sara Ott",10s,1cmigB9I6IRpFqjIbzvSQB,2018,2018-07-27,classical,0.004818610580498257,0.2837735028801217,0.00908711092542302,0.99698794095051,0.9273461150353179
Gnossienne No. 1,"Erik Satie, Alena Cherny",10s,5fdp9rXfEixCGLM1Og4EN1,2013,2013-01-01,classical,0.0056003319309118685,0.34463645255950437,0.007624817213285983,1.0,0.9525731584258325
Tales of Hoffmann: Barcarolle,"Jacques Offenbach, Arthur Fiedler, Boston Pops Orchestra",10s,1n9741DApqn5gvuxhgerCt,2014,2014-06-13,classical,0.2563625102475652,0.11857406803608303,0.10904533110507625,0.9357427402775479,0.1765893037336024
Mahler: Symphony No. 5 in C-Sharp Minor: IV. Adagietto. Sehr langsam,"Gustav Mahler, Daniel Barenboim, Chicago Symphony Orchestra",90s,0cqcRqZgkNHanWQ8slYA0v,1998,1998-08-14,classical,0.05221297296647217,0.021084664710357564,0.003237936076874868,0.8995980316836685,0.953582240161453
Rodrigo: Concierto de Aranjuez: II. Adagio,"Joaquín Rodrigo, Thibaut García, Ben Glassberg, Orchestre National Du Capitole De Toulouse",20s,0k6P9cdEA9K3k0ASde2Kof,2020,2020-10-02,classical,0.09801382644583374,0.21095533094228888,0.03384165448088573,0.9337347009112212,0.8698284561049445
"Piano Concerto No. 2 in C Minor, Op. 18: 2. Adagio sostenuto","Sergei Rachmaninoff, Valentina Lisitsa, London Symphony Orchestra, Michael Francis",10s,4rrrn8OLrttq7r9RgNXalU,2012,2012-01-01,classical,0.05441782805738236,0.1468318661015107,0.009296010027156881,0.9869477441188769,0.953582240161453
"Ständchen in D Minor (After Schubert), S. 560","Franz Liszt, Lise de la Salle",10s,3GecLjGMqzjmgkvy2v41Wf,2011,2011-08-23,classical,0.0140288916193458,0.30659710900989023,0.009191560476289946,0.99698794095051,0.9293642785065591
"Liebestraum No. 3 in A-Flat Major, S. 541 / 3","Franz Liszt, Lang Lang",10s,2u9VGZmVz7Rm01SfDgzcfA,2011,2011-07-25,classical,0.029061994511915237,0.23921312900771657,0.0043868811364111086,0.9909638228515302,0.9101917255297679
Palladio: 1. Allegretto (arr. for Strings Orchestra),"Karl Jenkins, Carmine Lauri, David Alberman, London Symphony Orchestra",00s,4FycxLfl7H5CQnqw9J6LXZ,2008,2008-01-01,classical,0.33954567958644943,0.5120095641778067,0.04418216001671193,0.5692755559229374,0.8819374369323916
Eine kleine Nachtmusik K. 525: Allegro,"Wolfgang Amadeus Mozart, Andrew Watkinson",90s,2mRUmSG3XGjFloqgAT2UJN,1998,1998-01-01,classical,0.13910430768552354,0.33376806868818604,0.29287654063087526,0.888553815168872,0.9212916246215944
Scheherazade: The Tale of the Kalendar Prince,"Nikolai Rimsky-Korsakov, Lars Hjalmar Joakim",90s,04eShjKTWijeJJqGnhxpYK,1999,1999-02-01,classical,0.06383857253672588,0.19139223997391586,0.050658032170461664,0.9658633307724472,0.6084762865792129
"Chopin: Nocturne No. 20 in C-Sharp Minor, Op. Posth.","Frédéric Chopin, Mikhail Pletnev",00s,2MSgFefjK0T7Iwjvr3OKqV,2000,2000-01-01,classical,0.004507926454051823,0.18052385610259752,0.1633590975558805,0.9959839212673467,0.8890010090817356
"Piano Concerto No. 3 in C, Op. 26: 1. Andante - Allegro","Sergei Prokofiev, Behzod Abduraimov, Orchestra Sinfonica Nazionale Della RAI, Juraj Valcuha",10s,3QqPgzOcv9titKufFR0gsQ,2014,2014-01-01,classical,0.2543580965285559,0.3196391696554722,0.07207019009818257,0.9518070552081608,0.8668012108980827
"Zadok the Priest (Coronation Anthem No. 1, HWV 258)","George Frideric Handel, Trevor Pinnock, The English Concert, Simon Preston, The Choir Of Westminster Abbey",90s,30bQxViotttoZ7x2iUP2L9,1995,1995-01-01,classical,0.17819037520620404,0.3424627757852407,0.12366826822644661,0.9236945040795881,0.023713420787083755
Spring 1 - 2012,"Max Richter, Daniel Hope, Konzerthaus Kammerorchester Berlin, Andre de Ridder",10s,5xbuJuQsTVheVZvX2AJVIv,2014,2014-01-01,classical,0.34155009330545866,0.6978589283773503,0.13933570085648633,0.501002217467832,0.9112008072653885
"Piano Concerto in A Minor, Op. 16: I. Allegro molto moderato - Radio Edit","Edvard Grieg, Alexandra Dariescu, Philharmonia Orchestra, Tianyi Lu",20s,4d1ZlOcZYFcjqNJ5VdautO,2024,2024-07-16,classical,0.08508535795822401,0.26964460384740785,0.009609358679757677,0.9718874488714271,0.8799192734611504
William Tell Overture,"Gioachino Rossini, Arthur Fiedler, Boston Pops Orchestra",10s,1ISbc05WTtcVh7q7QOXuu4,2014,2014-06-13,classical,0.6833026323965372,0.28703401804151724,0.6438270315437644,0.7660634138229474,0.6528758829465187
"Bizet: Carmen, WD 31: Prélude","Georges Bizet, Michel Plasson, Orchestre National Du Capitole De Toulouse",00s,7e8ZbMDwjdbUHWsoMOlZCd,2003,2003-02-25,classical,0.27039340628063,0.22182371481360721,0.20722790891999165,0.8795176380204021,0.8728557013118062
Barber: Adagio for Strings,"Samuel Barber, Sir Simon Rattle, Berliner Philharmoniker",10s,1CSaCKPIp2yCIDL3t7Fyau,2010,2010-01-18,classical,0.0732593170160694,0.046842734485382016,0.001253394610403175,0.977911566970407,0.8668012108980827
O Magnum Mysterium: O magnum mysterium,"Morten Lauridsen, Chamber Choir Of Europe, Nicol Matt",00s,0S0YKiEdR9cT9pYgEaTevF,2006,2006-01-01,classical,0.011423153784633763,0.003695250516248234,0.0036557342803425906,0.9949799015841834,0.44904137235116043
Khachaturian: Spartacus Suite No. 2: I. Adagio of Spartacus and Phrygia,"Aram Khachaturian, London Symphony Orchestra",00s,2nVt0n0aSj3AwZjakMvDHX,2007,2007-07-02,classical,0.10603148132187076,0.11531355287468753,0.004177982034677247,0.8102402798821333,0.7891019172552978
Prince Igor (Knyaz Igor): Act II: Polovtsian Dances - Ulyetay na kril'yahk vyetra (Fly away on the wings of the wind) (version for chorus),"Alexander Borodin, Angelina Shvachka, Dmytro Popov, Mykola Koval, Taras Shtonda, Mykola Hobdych, Kiev Chamber Choir, Ukraine National Radio Symphony Orchestra, Theodore Kuchar",00s,4Dcm4KMuDz0l01weeSpD4J,2005,2005-08-01,classical,0.24634044165251884,0.2533420280404304,0.05880509713808231,0.9257025434459146,0.5297679112008072
"Pelléas et Mélisande Suite, Op. 80: III. Sicilienne. Allegretto molto moderato","Gabriel Fauré, Berliner Philharmoniker, Daniel Barenboim",20s,3ynbqSi0Z7e3FdcZrhOnQC,2024,2024-08-23,classical,0.017336174255711077,0.05988479513096403,0.06601211614790055,0.926706563129078,0.8536831483350151
"String Quintet in E Major, G. 275: III. Menuetto","Luigi Boccherini, Orpheus Chamber Orchestra",90s,3MGdBHevIGU82NqTM2S1PF,1993,1993-01-01,classical,0.011122491726782374,0.4424519074013694,0.47670775015667427,0.942770878059691,0.025933400605449044
Piano Concerto in One Movement: Adagio cantabile,"Florence Beatrice Price, Jeneba Kanneh-Mason, Chineke! Orchestra, Leslie Suganandarajah",20s,3Yf8ais15iSDj9i0at2fOC,2023,2023-04-28,classical,0.028560891082162924,0.10335833061623735,0.009400459578023814,0.9879517638020402,0.9041372351160444
"Ravel: Pavane pour une infante défunte, M. 19","Maurice Ravel, Bertrand Chamayou",10s,3MRQn2RYo2VLYMoStnLRxu,2016,2016-01-15,classical,0.01743639494166154,0.4696228670796652,0.06319197827449341,0.9979919606336733,0.9354187689202826
"Violin Sonata in A major, FWV 8: IV. Allegretto poco mosso","César Franck, Joshua Bell, Jeremy Denk",10s,0xX7kREWmOGBWzYNcpZwRN,2012,2012-01-06,classical,0.135095480247505,0.20769481578089335,0.15604762899519528,0.9618472520397939,0.035216952573158426
"Rhapsody on a Theme of Paganini, Op. 43: Variation No. 18 Andante cantabile","Sergei Rachmaninoff, Daniil Trifonov, Philadelphia Orchestra, Yannick Nézet-Séguin",10s,419qlOGNXoyICx4jO0hqaj,2015,2015-08-28,classical,0.0524134143383731,0.15878708835996086,0.022456653436390223,0.9839356850693869,0.9142280524722503
Spiegel im Spiegel - Version for Violin and Piano,"Arvo Pärt, Vladimir Spivakov, Sergej Bezrodny",90s,4wudbbceOZKjRlhTtbHvAs,1999,1999-10-15,classical,0.005810795371407841,0.12726877513313767,0.00908711092542302,0.9026100907331583,3.2694248234106965e-05
"Symphony No. 8 in B Minor, D. 759 ""Unfinished"": I. Allegro moderato","Franz Schubert, Wiener Philharmoniker, Josef Krips",90s,52GmHO5DikTIKc3yBmTTT1,1997,1997-01-01,classical,0.03527567704084394,0.044669057711118364,0.013578441612701062,0.904618130099485,0.8728557013118062
The Sorcerer's Apprentice,"Paul Dukas, Philharmonia Orchestra",90s,2OHnoGjn6X6kDwzO7Rw0Y9,1999,1999-01-01,classical,0.20625216727233367,0.3174654928812085,0.05671610612074368,0.8002000830505002,0.25731584258324924
"The Marriage of Figaro Overture, KV 492","Wolfgang Amadeus Mozart, London Philharmonic Orchestra, Alfred Scholz",00s,23if4cvw0UI7c8Uc5OOvss,2009,2009-01-01,classical,0.12306899793344947,0.2739919573959352,0.18111552120325883,0.9347387205943846,0.9061553985872856
"Petite Suite de Concert, Op. 77: III. Un sonnet d'amour","Samuel Coleridge-Taylor, Chineke! Orchestra, Anthony Parnther",20s,57RRXysNvNZl8f5KPwEvuU,2022,2022-07-29,classical,0.02495294638794626,0.19030540158678405,0.010862753290160851,0.9407628386933644,0.20383451059535823
Back on the Road (feat. Lil Wayne),"Cordae, Lil Wayne",20s,3MsEJbnW0SYWNzQ6D1j5Xm,2024,2024-11-15,hip-hop,0.6752849775205002,0.8837082925768939,0.34196782953833293,0.17067974170710115,0.0
AHHH HA,Lil Durk,20s,2bPI4TKM4oTxl2SijUXM2J,2022,2022-03-11,hip-hop,0.6111437385122038,0.6706879686990546,0.5111761019427616,0.00011085381321806171,1.7457114026236125e-06
Floridaboiii,Yung Rich Cuban,20s,47ePKoUVfNVUZKtzpqLF0y,2022,2022-06-03,hip-hop,0.4808568467766021,0.8858819693511575,0.5571339043242114,0.03312904511372687,0.0
Legend,"Venture Klan, Tacitoak, Li Pierre",20s,0EZbyAbK3nAoqjJPVtlJfD,2024,2024-10-01,hip-hop,0.9408697952892269,0.4837517661123791,0.40777104658449964,0.06304883167199368,0.0
Super Gremlin,Kodak Black,20s,1Y5Jvi3eLi4Chwqch9GMem,2022,2022-02-25,hip-hop,0.41471119404929657,0.8326268883816976,0.07979945686233549,0.002657047729720231,0.0
OverSeas,Nosy!,20s,2EdTP3jUWOd9S9K3JWdPSk,2024,2024-09-30,hip-hop,0.570053257272514,0.7348114335398327,0.24378525172341758,0.0018939927705161107,0.0001644803229061554
U Can't Do That,IZZY MEOCK,20s,5WeEwnUVUiAOPcFyujsqQu,2024,2024-07-03,hip-hop,0.8767285562809306,0.5728725138571894,0.752454564445373,0.1666636629744479,0.0
sharktale,Sopperior,20s,3Sjbcmz4uczwee7uzr7R61,2024,2024-11-07,hip-hop,0.8847462111569676,0.589175089664167,0.2510967202841028,0.0008799328905211616,0.0
Hawk Em,Pop Smoke,10s,2ZRdQMMKtmPLdYp9aP5cK5,2019,2019-07-26,hip-hop,0.60813711793369,0.6750353222475819,0.49759766033006053,0.26505759192445283,1.4026236125126136e-05
Welcome To Brixton,SR,20s,7kQUdVjev73xIuwu7W6YW9,2020,2020-11-27,hip-hop,0.4558016752889864,0.9032713835452668,0.9059954042197619,0.15863150550914135,0.0
Japanese Steel - Eerie Remix,Ollie Twist,20s,7CDzNPH7c38MN47oLJFllv,2024,2024-07-16,hip-hop,0.8386446956197546,0.7543745245082056,0.46939628159598906,0.023289652218726368,0.0
Christopher Walking,Pop Smoke,20s,2IT0T0EqPaUxasjl2o8J2G,2020,2020-02-07,hip-hop,0.7454394576858242,0.7750244538637105,0.7670775015667433,0.011442219957399245,0.0
We Getting Money,Sheff G,10s,4B1HkmoPxGnIiovU1iy4IL,2019,2019-09-27,hip-hop,0.6742827706609955,0.8608846864471253,0.7796114476707751,0.04537808524831932,0.0
Eyes Red,"Lil Durk, Only The Family",20s,327maCobrzQZ20H1LwQ6Bk,2023,2023-11-17,hip-hop,0.44778402041294935,0.706553635474405,0.18529350323793609,0.02509688764842034,0.0
maple maple,baba bonet,20s,2lyf7dCSZ6voEUQnIwsy0r,2024,2024-10-16,hip-hop,0.42673767636335214,0.7858928377350288,0.46626279506998114,0.3082304383004754,0.00014530776992936428
Back in Blood (feat. Lil Durk),"Pooh Shiesty, Lil Durk",20s,7FGdjbZ32vMybPuP0IuE7d,2021,2021-02-05,hip-hop,0.5389848446278706,0.7608955548309967,0.8370587006475871,0.15160336772699815,0.0
Static,2JtheRichest,20s,1PMeWRoz0QBKRcnmtJDOAZ,2024,2024-07-12,hip-hop,0.4016825048757364,0.921747636126508,0.1497806559431794,0.008952251143154222,0.0
Plug Walk,Rich The Kid,10s,1ZAyjvIk9YiD76yYy0TEG6,2018,2018-03-30,hip-hop,0.5199429142972826,0.8837082925768939,0.12993524127846248,0.2038123912514906,0.0
100 Shots,Young Dolph,10s,3TXy6nchgKeYlVwOKNk9lE,2017,2017-04-01,hip-hop,0.6692717363634724,0.8032822519291382,0.12993524127846248,0.1355390527963851,4.641775983854693e-06
Groupies,"Doode, Teto, Matuê",20s,3ua3rqwBNmeGeQfcKnA3bT,2021,2021-09-28,hip-hop,0.6562430471899122,0.8543636561243343,0.5080426154167537,0.23995709984536992,0.0
Boulot,"KeBlack, SDM",20s,1jHHHH1GlrwdO5az2Q6A6K,2024,2024-11-22,afrobeats,0.6752849775205002,0.7358982719269644,0.47252976812199704,0.3534113240428246,0.0
WAHALA (feat. Olamide),"CKay, Olamide",20s,6ZBXya9ewPZa6zXDRfPhog,2024,2024-04-19,afrobeats,0.5670466366940001,0.8619715248342571,0.5331105076248173,0.22188474554843027,0.009596367305751766
Après Minuit (feat. Tiakola),"Wizkid, Tiakola",20s,7JKGyMt8qkTaUHXFpxgjY2,2024,2024-11-22,afrobeats,0.6281812551237825,0.5935224432126943,0.8965949446417381,0.1054184623014856,7.820383451059536e-05
Minimum ça,Dr. Yaro,20s,1lRtRYr979UcWFC0By63Er,2024,2024-08-09,afrobeats,0.7334129753717686,0.7489403325725464,0.9791100898266137,0.6676694848729425,0.0
Tshwala Bam (feat. S.N.E),"TitoM, Yuppe, Burna Boy, S.N.E",20s,6cyXHTix4NQ069gKJEYv41,2024,2024-05-13,afrobeats,0.5530157406609354,0.8195848277361156,0.509087110925423,0.06415325332347332,0.006730575176589304
Satanana (feat. DRE-A),"EBOLOKO, DRE-A",20s,0QgxlcdUM6wUniw0ppYQlG,2024,2024-08-23,afrobeats,0.6231702208262594,0.6174328877295946,0.5696678504282431,0.6415649731106963,0.0
AZAMAN,Rema,20s,4K5lYtD8r6OFRbzWc6MwCS,2024,2024-07-10,afrobeats,0.8987771071900325,0.7163351809585915,0.9216628368498015,0.15361140709332477,0.0
DIS MOI,"DJ Kawest, Joé Dwèt Filé",20s,3XY89uVwerVVtRNiWWxvt6,2024,2024-09-20,afrobeats,0.6532364266113984,0.4533202912726877,0.615625652809693,0.18574003695455088,0.10494450050454086
42,Aya Nakamura,20s,1xHHbz3YLEbqAuQFkM9Zcg,2024,2024-06-19,afrobeats,0.6321900825618011,0.719595696119987,0.5989137246709839,0.1234908165984253,3.7941473259334005e-06
La vie d'un... / Ma préférée,"Dadju, Tayc",20s,3IedXlFglIwo754rxOID4x,2024,2024-02-16,afrobeats,0.7975542143800649,0.43919139223997394,0.7378316273240025,0.024896083711787677,0.0
Toma Toma,"Ruger, Tiwa Savage",20s,40t1l3IPtEIjlhAUPxn7jd,2024,2024-11-15,afrobeats,0.7394262165287964,0.6011303119226171,0.9655316482139127,0.5190745717647717,1.5842583249243188e-06
Presidente,"Gabito Ballesteros, Natanael Cano, Luis R Conriquez, Neton Vega",20s,2q0wKlSmIWLdpCwwKjLPxZ,2024,2024-10-21,latin,0.8226093858676806,0.719595696119987,0.3659912262377272,0.17871189917240765,0.0
"Fronteamos Porque Podemos (feat. Daddy Yankee, Yandel & Nengo Flow)","De La Ghetto, Yandel, Ñengo Flow, Daddy Yankee",10s,0LQsM0KYkSyCdN6TCo63vp,2015,2015-08-28,latin,0.627179048264278,0.7119878274100642,0.5038646333820764,0.2610415131917996,0.0
La Bala,Calle 13,10s,036nr5jRMRlrvtEVvld4lj,2010,2010-11-22,latin,0.7344151822312732,0.451146614498424,0.47357426363066635,0.044876075406737666,0.0
"Latinoamérica (feat. Totó la Momposina, Susana Baca & Maria Rita)","Calle 13, Totó La Momposina, Susana Baca, Maria Rita",10s,1xuYajTJZh8zZrPRmUaagf,2010,2010-11-22,latin,0.8065740761156066,0.6869905445060319,0.8736160434510132,0.5923680086356937,0.0
Digo Lo Que Pienso,Calle 13,10s,2ZR2Cox8oGFMdvPLiNKrJO,2010,2010-11-22,latin,0.8186005584296621,0.719595696119987,0.7806559431794444,0.15361140709332477,0.0
Adentro,Calle 13,10s,5NOtC9vnvCuEy6IaNflffX,2014,2014-02-28,latin,0.8095806966941205,0.29790240191283557,0.5101316064340923,0.45381329235915624,0.0
Epílogo,Canserbero,10s,6hrNshJaEQf0xtbHF1syxS,2010,2010-01-01,latin,0.83764248876025,0.765242908379524,0.505953624399415,0.15160336772699815,0.0
Clima Tropical,Canserbero,10s,5DmUzQkGpAi6Z7hIaP5lwm,2010,2010-01-01,latin,0.7955498006610556,0.5446147157917619,0.8349697096302485,0.62148457944743,0.0
Aceptas,Canserbero,10s,5C0UjpLuu3eGJ0ECK0dTV3,2010,2010-01-01,latin,0.8065740761156066,0.5359200086947071,0.8527261332776269,0.6807217407540656,0.0
1977,Ana Tijoux,10s,7tOAN6w4a1LD0iqkRnIrhZ,2010,2010-04-27,latin,0.6863092529750511,0.693511574828823,0.5728013369542511,0.0038919919400111098,0.0005105953582240162
¿Qué pasa?,Orishas,00s,60ePcJqdI3eYuC4D6j2nDw,2003,2003-02-28,latin,0.805571869256102,0.9489185958048039,0.936285773971172,0.1285109150142419,0.0
Abayarde,Tego Calderón,00s,4AUMwz00G4hFZxY26MyoWV,2003,2003-07-01,latin,0.7454394576858242,0.5554830996630801,0.6354710674744098,0.13353101343005847,0.013521695257315842
La Fokin Moda,Calle 13,00s,6HFRqU7JQf3J4ukXW2NGoA,2007,2007-04-19,latin,0.8015630418180835,0.6380828170850995,0.9707541257572592,0.6947780163183519,0.0
Shock,Ana Tijoux,10s,322LgcUL3uhHbpUQP57WUF,2012,2012-01-01,latin,0.5169362937187687,0.7239430496685143,0.7346981407979946,0.18875209600404083,0.0
Rueda De Prensa,Akapellah,10s,1yxE5zAfz69Z5iHIYigCH4,2014,2014-11-16,latin,0.6652629089254539,0.7424193022497555,0.6950073114685607,0.03945436911765576,0.0
Milki,Akapellah,10s,6y2GBwBg3jE70j5G1xDWxh,2016,2016-08-23,latin,0.4558016752889864,0.921747636126508,0.2020054313766451,0.2730897493897594,0.03693239152371342
La Vida Es Un Freestyle,Akapellah,10s,4vnH1hQW58pgrREpN29pfu,2014,2014-11-16,latin,0.5740620847105325,0.6435170090207587,0.3545017756423647,0.06535807694326931,0.0
Fue un Placer,Los Aldeanos,10s,6Vw2g1lzPoe9hxKn0tsk8a,2014,2014-12-30,latin,0.4848656742146206,0.654385392892077,0.7346981407979946,0.7128503706152917,0.0
Alegria,Tego Calderón,00s,6tU65PBnpDOOpTeMwHKD4l,2007,2007-08-28,latin,0.6752849775205002,0.6391696554722314,0.3106329642782536,0.5512032016259979,0.0
Payaso,"Tego Calderón, Eddie Dee, Voltio",00s,1xk8U9rBakAbCpnQiLnu5q,2006,2006-08-29,latin,0.6211658071072501,0.6272144332137811,0.829747232086902,0.07830993085607608,0.0
Lo Hecho Hecho Esta,"Tego Calderón, Chyno Nyno, Voltio, Pirulo, Ñejo",00s,5z1IjhVtDVXgGC66axmXsJ,2007,2007-08-28,latin,0.6642607020659492,0.6717748070861863,0.6866513473992063,0.2831299462213925,3.8849646821392536e-05
Sakhiyan2.0,"Maninder Buttar, Zahrah S Khan, Tanishk Bagchi",20s,2hTn8oS49IQULxAWs7hEBz,2021,2021-08-13,indian,0.7163754587601899,0.823932181284643,0.3847921453937748,0.18373199758822426,0.0
"Mann Bharryaa 2.0 (From ""Shershaah"")","B Praak, Jaani",20s,3jf5303mzzJ96O8xFTcEn4,2021,2021-08-15,indian,0.46782815760304197,0.4011520486903597,0.17067056611656567,0.6827297801203922,0.0
Lut Gaye,"Jubin Nautiyal, Emraan Hashmi",20s,2rU33n6Fhd6G1MzYhUj6C5,2021,2021-03-19,indian,0.786529938925514,0.6293881099880448,0.5069981199080844,0.18574003695455088,0.0
Kabhii Tumhhe,"Javed-Mohsin, Darshan Raval",20s,6Sflud15ff1KqBzg6wj78S,2021,2021-08-16,indian,0.3385434727269448,0.5587436148244755,0.44015040735324834,0.8674694018224423,4.450050454086781e-06
Not Giving In,Broken Colours,20s,0TfgaukeVsfWATMe9yhgip,2024,2024-03-29,rock,0.9087991757850787,0.4663623519182697,0.632337580948402,0.0024964045804141003,0.0
She Loves You,Reid Anderson,20s,3LDUC6pWq2AdXJ0S2lxEib,2024,2024-11-11,rock,0.1731793409086809,0.3261601999782632,0.12157927720910798,0.9277105828122413,0.0
Hazel Hall,Motrik,20s,1CcBdUpEv1WqlPT8Yekx5Q,2024,2024-03-20,rock,0.7073555970246482,0.5696119986957939,0.9352412784625027,0.005598825401388746,0.7184661957618567
Too Many Songs,Rebecca Aadland,20s,3oLCOTExAEx9gASqeBvXBv,2022,2022-06-13,rock,0.3024640257847781,0.6859037061189001,0.28347608105285144,0.26405357224128956,2.391523713420787e-06
Better Weather,Jay Statham,20s,4quXR0oI7XSPzsFQ5ty4vH,2024,2024-09-13,rock,0.6261768414047733,0.4902727964351701,0.47670775015667427,0.05441426239678916,0.0
Devil Got You,Madame Kapuscinska,20s,1Xzlvc4HyrHuAi8RXDCdXZ,2024,2024-10-19,rock,0.28843312975171326,0.3598521899793501,0.09964487152705243,0.7610433154071309,0.002351160443995964
Just Another Daydream,Jacob Reddy,20s,2Agv1zBkTPNAz7c5mqyYqG,2024,2024-11-01,rock,0.786529938925514,0.3163786544940767,0.7200752036766241,0.3373470091122116,2.7850655903128153e-05
I Saw You Cry,Feet down Below,20s,5j3xL75UoTdh0DT73gwGuf,2024,2024-09-19,rock,0.7374218028097871,0.719595696119987,0.8255692500522247,0.17067974170710115,0.006498486377396569
My Girl,Mayflower,20s,4axoyziQCRxt7B7yuPXm1a,2024,2024-10-24,rock,0.6171569796692317,0.4196283012716009,0.3597242531857113,0.004313680206939702,0.0001231079717457114
To Feel The Sun,The Scarlet Goodbye,20s,13mJjwtOA7LodaWQA9RVu7,2024,2024-11-01,rock,0.7514526988428519,0.5446147157917619,0.6647169417171507,0.011241416020766582,0.0013218970736629666
Pieces,The Juice,20s,2SgTneA7u4FQXHka56mWAS,2024,2024-11-01,rock,0.7795144909089816,0.10770568416476468,0.07092124503864633,0.0007865590599869733,1.231079717457114e-05
Waiting,Grimm Jack,20s,5OeBUptBXGKdhQW9EEJ97P,2024,2024-07-26,rock,0.829624833884213,0.5663514835343985,0.66576143722582,0.00560886559822038,0.00047527749747729566
Ocean Lights,George Knight,20s,0KHgwiEyuQsfg9vA4WgmDS,2023,2023-11-30,rock,0.5179385005782734,0.7674165851537876,0.7973678713181533,0.01826955380290979,0.018970736629667004
I Feel,Beka O,20s,3hnvwcc5XMgDKLfrsTtrLq,2022,2022-08-16,rock,0.6482253923138752,0.4359308770785784,0.2114058909546689,0.04537808524831932,0.023814328960645812
V.,DIAMØND SNAKE,20s,4JR5cGIBTYHtebZi8Fre1V,2024,2024-10-11,rock,0.8446579367767825,0.15661341158569722,0.2291623146020472,0.0007925831780859531,0.002805247225025227
Starlight,The Lone Monkeys,20s,0KuuQk0FYWkjycp1SLT5zp,2023,2023-01-27,rock,0.8105829035536252,0.5511357461145527,0.2740756214748276,0.6837337998035555,0.000455095862764884
Lisztomania,Phoenix,00s,7fmJGzyvOcbh6UANsH8Cp6,2009,2009-05-25,rock,0.7905387663635325,0.6315617867623085,0.29392103613954457,0.03393226086025752,0.003915237134207871
People Watching,Sam Fender,20s,3ZZyUf7WkhfN1JkQZZ00fI,2024,2024-11-15,rock,0.9098013826445834,0.4533202912726877,0.6469605180697724,0.007787588310684775,0.0005580221997981837
Maple Syrup,The Backseat Lovers,10s,4MXE6VCvTsQitHWrAxj7Kg,2019,2019-01-27,rock,0.526958362313815,0.5261384632105206,0.3701692082724044,0.044876075406737666,0.0537840565085772
Murder on the Dance Floor - triple j Like A Version,Royel Otis,20s,1swz9stsbG1p34SJHJqiww,2024,2024-01-29,rock,0.7003401490081158,0.5446147157917619,0.5038646333820764,0.004845810639016259,0.0
My Type,Saint Motel,10s,2Iq6HhIquO7JKr0KfTNLzU,2014,2014-08-16,rock,0.8977749003305279,0.5826540593413759,0.5613118863588886,0.064354057260106,5.872855701311806e-05
Helmet,Steve Lacy,20s,0DmkBOGgEWMbUJlL6VwwF2,2022,2022-07-15,rock,0.6762871843800048,0.6011303119226171,0.766033006058074,0.09979595207577105,0.0
Alesis,Mk.gee,20s,4u7vj352S98d9iA7ac1EVG,2024,2024-02-09,rock,0.6883136666940604,0.8413215954787523,0.405682055567161,0.5823278118040606,0.004571140262361251
Wet Dream,Wet Leg,20s,260Ub1Yuj4CobdISTOBvM9,2022,2022-04-08,rock,0.7023445627271251,0.719595696119987,0.9007729266764153,0.0009271218156298375,0.026236125126135216
Lost In Yesterday,Tame Impala,20s,5JWPUEov2wlX7c0jhYZpeB,2020,2020-02-14,rock,0.8416513161982686,0.5543962612759482,0.7514100689367036,0.02961497622265526,0.00011907164480322905
Kyoto,Phoebe Bridgers,20s,4vjvx7Zxkb4AltGcZ0BBvI,2020,2020-06-18,rock,0.7504504919833473,0.5880882512770351,0.47566325464800496,0.0468841147730643,0.2976791120080726
Nothing Matters,The Last Dinner Party,20s,3p84R45PM75ngq8XRoe45o,2023,2023-04-19,rock,0.7955498006610556,0.5620041299858711,0.5957802381449759,0.022285632535563055,0.00015640766902119072
Mama's Boy,Dominic Fike,20s,65leXqfkdViSssEVN23uYL,2023,2023-06-23,rock,0.3545787824790188,0.8130637974133247,0.5978692291623146,0.15059934804383482,0.7194752774974773
So Cold,Balu Brigada,20s,297PYWIVLP38C1a92ND8Kv,2024,2024-06-07,rock,0.7724990428924492,0.6511248777306815,0.7942343847921455,0.0008929851464022847,0.0010090817356205853
She Wants To Go Dancing,Mt. Joy,20s,3CTBfot80XAOyuaJ1jcN5z,2024,2024-10-11,rock,0.6642607020659492,0.6467775241821542,0.6751618968038439,0.05913315490765675,0.0562058526740666
Are You Looking Up,Mk.gee,20s,1sWYVBg7ix2WAq43J9nY7E,2024,2024-02-09,rock,0.5139296731402548,0.6456906857950223,0.8506371422602883,0.9678713701387739,0.6992936427850656
Temper Temper,Lime Cordiale,10s,3DCU0R5FFaB9GKxZERb5wr,2017,2017-10-13,rock,0.5660444298344955,0.7109009890229323,0.7054522665552538,0.025297691585053003,3.2290615539858726e-06
Shake It Out,Florence + The Machine,10s,4lY95OMGb9WxP6IYut64ir,2011,2011-01-01,rock,0.805571869256102,0.5098358874035431,0.20096093586797578,0.010438200274235929,0.0
Here It Goes Again,OK Go,00s,1pHP4JeQV9wDx87D6qH9hD,2005,2005-01-01,rock,0.883744004297463,0.5196174328877297,0.8151242949655317,0.00034780245844460425,9.142280524722503e-05
Nack Nostalgia,Royel Otis,20s,5MAKcQ6f6QvqZE21KD2AW5,2024,2024-07-19,rock,0.6823004255370326,0.6337354635365722,0.5226655525381242,0.11947473786577203,0.5378405650857719
Don't Take The Money,Bleachers,10s,3ySU5vwQB33iGulwcUL9qQ,2017,2017-06-02,rock,0.8867506248759769,0.6206934028909902,0.2709421349488197,0.0003949913835532801,1.3824419778002018e-06
Think Fast (feat. Weezer),"Dominic Fike, Weezer",20s,4Z59a9hIn8EMsni3OiqGso,2023,2023-07-07,rock,0.4527950547104725,0.5207042712748614,0.1873824942552747,0.36947563897343766,2.2805247225025227e-05
Calling After Me,Wallows,20s,2WGcpz55A2vrvh6foEGCNL,2024,2024-03-21,rock,0.7985564212395696,0.6272144332137811,0.9770210988092751,0.006000433274654072,4.298688193743693e-06
"Dance, Baby!",boy pablo,10s,5EV4bGHxVN0kHpcAFvgnTt,2017,2017-05-19,rock,0.6021238767766621,0.5902619280512987,0.86317108836432,0.037145123846380135,0.004641775983854692
help herself,"bbno$, Diamond Pistols",20s,4YMc3A256xFBS0xcT77Qce,2021,2021-01-29,rock,0.8526755916528195,0.5956961199869579,0.46939628159598906,0.6255006581800832,0.3541876892028254
I Wanna Get Better,Bleachers,10s,1BwhFXqoIsePt21WyWIttb,2014,2014-07-14,rock,0.9168168306611159,0.42071513965873275,0.3847921453937748,0.0028176908790263615,3.905146316851665e-05
New Gold (feat. Tame Impala and Bootie Brown),"Gorillaz, Tame Impala, Bootie Brown",20s,64dLd6rVqDLtkXFYrEUHIU,2022,2022-08-31,rock,0.9248344855371529,0.6913378980545593,0.5445999582201797,0.042667232103778374,0.047325933400605445
1901,Phoenix,00s,1Ug5wxoHthwxctyWTUMGta,2009,2009-05-25,rock,0.8306270407437176,0.5772198674057167,0.7044077710465845,0.06033797852745273,4.0262361251261356e-05
Rawnald Gregory Erickson the Second,STRFKR,00s,4j4pPKE3xAblPIbhxScC1j,2008,2008-09-23,rock,0.5389848446278706,0.9141397674165852,0.7138082306246083,0.2299169030137368,0.8506559031281533
Osmosis,Good Kid,20s,7BDPv8Z4CzJFRnwWmB6C8y,2023,2023-04-14,rock,0.9559028981817963,0.451146614498424,0.9550866931272195,8.544207503719817e-06,1.1806256306760847e-06
Look At Us Now (Honeycomb),Daisy Jones & The Six,20s,7bSlafYF33JHLoB9NtsL9V,2023,2023-03-02,rock,0.7624769742974029,0.28703401804151724,0.45581783998328806,0.009454260984735879,0.000591321897073663
Campus,Vampire Weekend,00s,1eNrlXlW7Cj1QB1YUcZmpb,2008,2008-01-29,rock,0.705351183305639,0.6304749483751767,0.642782536035095,0.22088072586526694,0.08799192734611504
Take A Bite,beabadoobee,20s,7ddVpLW467CLYffbPRQNmH,2024,2024-05-09,rock,0.6321900825618011,0.5196174328877297,0.48193022770002086,0.04547848721663565,0.003027245206861756
Banquet,Bloc Party,00s,2YxXuCdbUpil3P7tRjhW1t,2005,2005-03-22,rock,0.8937660728925093,0.5641778067601347,0.9007729266764153,0.00013595430529714459,0.011200807265388498
Anna Sun,WALK THE MOON,10s,3e0yTP5trHBBVvV32jwXqF,2012,2012-06-19,rock,0.845660143636287,0.44897293772416036,0.32421140589095465,0.0017333496212099803,0.0
$20,"boygenius, Julien Baker, Phoebe Bridgers, Lucy Dacus",20s,38xXr3MkiKNzNDv4JDJagF,2023,2023-03-31,rock,0.6281812551237825,0.5348331703075753,0.38897012742845205,0.006522523509898996,0.06427850655903129
Give Up Baby Go,Peach Pit,20s,6DIMM15oo3kxnCuVypaYGy,2022,2022-03-04,rock,0.6983357352891065,0.6782958374089774,0.5863797785669521,0.16967572202393785,2.4823410696266398e-06
Glum Look,drawn animal,20s,4ZbgM8IdNDQ1G9atMLvKBf,2024,2024-11-10,lofi,0.031767953032577734,0.47940441256385175,0.031648213912680176,0.9869477441188769,0.9212916246215944
on the edge,Zupa Fitz,20s,4loxJClOvjpnA67XzbFyNB,2024,2024-10-27,lofi,0.09079793705740041,0.17400282577980652,0.1132233131397535,0.9929718622178568,0.9475277497477295
pink skies,morning green,20s,497uRS0yJp0mo9eVxI2Nje,2024,2024-10-13,lofi,0.20625216727233367,0.6304749483751767,0.06026739085021934,0.7610433154071309,0.9081735620585267
Eyes Closed,Red Cedar,20s,46vOrwK5aYq71BwwIAv1iO,2024,2024-11-08,lofi,0.1461197557020559,0.22943158352353005,0.043973260914978066,0.7841357681198872,0.8183652875882947
Bottled Message,Coltsfoot,20s,1jPB55XVsJo36Q7qnqr5v4,2024,2024-10-04,lofi,0.18420361636323182,0.42180197804586456,0.12784625026112387,0.5461831032101813,0.9323915237134208
Stairs,only jo,20s,4D0cuc4SuRRv5v1tnoiesI,2024,2024-10-18,lofi,0.2924419571897318,0.8000217367677427,0.21662836849801542,0.6134524219821234,0.8415741675075681
late nights,Slowday,20s,7eFgCZQYH6fHKxwn6HPMas,2024,2024-10-20,lofi,0.1902168575202596,0.49896750353222474,0.008773762272822224,0.9367467599607111,0.9445005045408679
Ghost,"Jmss, PØPE",20s,7KUtNeIY8MfD9cK76wAXFQ,2024,2024-11-14,lofi,0.17418154776818554,0.6000434735354853,0.2667641529141424,0.8865457758025453,0.9364278506559032
Peachy,cloud minor,20s,2WRKH5AuRG6c0uG1dQs9rh,2024,2024-11-01,lofi,0.1651616860326439,0.8804477774154983,0.10591184457906831,0.61244840229896,0.9192734611503532
petra's lullaby,sellar,20s,74AUo4k4CEbm6TvZ3xhQiE,2024,2024-11-10,lofi,0.16015065173512075,0.4598413215954787,0.009400459578023814,0.9036141104163217,0.9323915237134208
Albaizyn,lorleaf,20s,3Qj2ViqEZ2niYq4s8R4Xyw,2024,2024-10-25,lofi,0.2874309228922087,0.6446038474078905,0.17902653018592019,0.5903599692693671,0.9142280524722503
Karma With Some Fries,Origami Boy,20s,6aYmDGMiG4WILsQ2xrRAyN,2024,2024-10-25,lofi,0.3906582294211855,0.5815672209542441,0.16649258408188844,0.910642248198465,0.9263370332996973
after all,softflow,20s,5DO8D1JO6HN67VEvHhaktr,2024,2024-11-10,lofi,0.2774088542971624,0.6293881099880448,0.26258617087946523,0.7439749807933544,0.8415741675075681
Afterhours,cxlt.,20s,1xBkC38ApG8XRhLCDOtVId,2024,2024-11-15,lofi,0.051611648850769395,0.5674383219215302,0.021934405682055565,0.9688753898219372,0.9616548940464177
Beyond the garden,Dizzy Boy,20s,2qpqbfuEx0umWCplWvt8Ym,2024,2024-10-23,lofi,0.051511428164818934,0.6869905445060319,0.29183204512220595,0.9899598031683668,0.9566094853683148
keeping up appearances,Zupa Fitz,20s,0NLSPdAfVk8ArLAH0XqTWJ,2024,2024-10-13,lofi,0.13609768710700965,0.5967829583740898,0.338834343012325,0.885541756119382,0.934409687184662
Lemon Trees,"Louie's Tapes, Lemon Kids",20s,1RploDh8Zwc5W5KIMeXFdd,2024,2024-11-15,lofi,0.15313520371858833,0.7728507770894468,0.2458742427407562,0.8785136183372387,0.2613521695257316
Walking Home,caens,20s,0U2JPr1TKAHPWu5C1xfUz0,2024,2024-11-08,lofi,0.2804154748756763,0.3870231496576459,0.09964487152705243,0.7670674335061107,0.763874873864783
memory,"HM Surf, sove",20s,3ebhxXMw4iM3wbyX9jGX7b,2024,2024-10-18,lofi,0.11104251561939392,0.6956852516030866,0.10800083559640694,0.9096382285153016,0.7991927346115035
Hazy,Sihu,20s,40frhLpVMThTogyowcdNtb,2024,2024-09-03,lofi,0.1240712047929541,0.5478752309531573,0.13933570085648633,0.9518070552081608,0.9404641775983855
random thoughts,softclouds,20s,4bGIc2nxevxRU6FQ22L1mC,2024,2024-05-19,lofi,0.10402706760286151,0.647864362569286,0.16962607060789636,0.9477909764755075,0.9646821392532795
Eclipse,parrow,20s,2HChh5IiMVMDD7BAJ2FCbZ,2024,2024-09-27,lofi,0.11404913619790781,0.3174654928812085,0.004595780238144977,0.8544171459413192,0.9434914228052473
Airy Dream,poems,20s,0EO2YsUyTRDvXgET97TEsF,2024,2024-09-27,lofi,0.16816830661115778,0.4891859580480382,0.21871735951535407,0.9066261694658116,0.5237134207870838
Tiger Tales (of the Concrete Jungle),Tigerpalm*Bay,20s,2Jtxx7JTFeEq7vGG5mxgMV,2023,2023-09-22,lofi,0.05572069697473838,0.5913487664384306,0.005222477543346561,0.9728914685545904,0.9404641775983855
Island Bounce,Hi Hat Henry,20s,1oxbRHkBMJCOSxt6WAL41F,2024,2024-07-17,lofi,0.16315727231363464,0.5989566351483535,0.05170252767913098,0.9769075472872437,0.9596367305751765
Distance,Strehlow,20s,2baDpSKIRz3t7NTs6Z5CAx,2024,2024-10-04,lofi,0.17117492718967167,0.8076296054776656,0.5153540839774389,0.6867458588530455,0.9172552976791121
change of heart,slowburn,20s,4i2hVTtucufjtRw1BqtvCI,2024,2024-10-03,lofi,0.1310866528094865,0.67394848386045,0.06308752872362648,0.6134524219821234,0.9515640766902118
First Things First,Red Cedar,20s,5jEGPAOALEaioHHHHeHesB,2024,2024-10-11,lofi,0.10202265388385225,0.4196283012716009,0.08188844787967411,0.9347387205943846,0.9263370332996973
poseidon,low&slow,20s,6MpZRAlMbG1PvjuMNtzp9t,2024,2024-01-26,lofi,0.3235103698343753,0.6663406151505272,0.19678295383329852,0.9006020513668318,0.9192734611503532
snoozed,lilibu,20s,6HroDUYsLg9I6qtcfwIkmn,2024,2024-08-25,lofi,0.15113078999957907,0.47940441256385175,0.16022561102987254,0.828312634179073,0.8990918264379415
Napwave Nirvana,Dozy Duzzn,20s,1MRxxXsWluxrcyiyy0msBd,2024,2024-07-21,lofi,0.14812416942106518,0.3707205738506684,0.09546688949237518,0.9357427402775479,0.9243188698284561
cocoon,sellar,20s,79nz6puC2rx26h5JHH2sju,2024,2024-08-25,lofi,0.061533496759865226,0.17726334094120202,0.010131606434092333,0.9919678425346935,0.9434914228052473
Low Battery,jeppa.,20s,1D4S66ipaVqV9du7elf89y,2024,2024-10-11,lofi,0.06103239333011291,0.33702858384958156,0.051911426780864835,0.9487949961586708,0.8496468213925328
kinda nice,Earium,20s,3Uuo65tSdVDAQTRITXGTWE,2024,2024-07-07,lofi,0.21627423586737995,0.5674383219215302,0.005744725297681217,0.8644573427729524,0.8789101917255298
Midnight Groove,Nova Night,20s,7gDvDMEIlY8ocNh0OpptRB,2024,2024-06-30,lofi,0.11304692933840317,0.5783067057928486,0.09651138500104449,0.9317266615448946,0.8910191725529768
Tough Night,Thin Wire,20s,2SIG8r7jJLXc9Q3fAOUrwx,2023,2023-10-31,lofi,0.4658237438840327,0.7011194435387458,0.7576770419887194,0.9196784253469348,0.8890010090817356
Lost in the Mail,Dylan Sitts,20s,0AcP7ZjBbHvZoIrk9SJPvP,2024,2024-03-07,lofi,0.3315280247104124,0.7630692316052603,0.10382285356172968,0.37549975707241756,0.8617558022199798
a little sun nap,Kainbeats,20s,7AoV9qLAx0n2B6IOqUDXFh,2024,2024-09-30,lofi,0.023449636098689313,0.5196174328877297,0.08502193440568205,0.9879517638020402,0.8768920282542886
trail running,le gronk,20s,3596EdDGZEzM9UPr9w2I0w,2024,2024-03-15,lofi,0.037781194189605516,0.5207042712748614,0.01316064340923334,0.980923626019897,0.9192734611503532
fika,mellow fox,20s,3HcQcCDKDa5a1rRhH7fsPn,2024,2024-10-11,lofi,0.06684519311523977,0.771763938702315,0.2103613954459996,0.9166663662974448,0.9192734611503532
Melt,eze east,20s,63q1dd02dA3rd9edigSUoZ,2023,2023-10-01,lofi,0.18520582322273646,0.5511357461145527,0.010758303739293918,0.9839356850693869,0.9414732593340062
Multiply,A & C,20s,2hn3t1cwovKmBKdLcTa76c,2023,2023-11-24,lofi,0.3365390590079355,0.8000217367677427,0.41612701065385416,0.6877498785362088,0.9424823410696267
After Hours,Gooee,20s,54Q1fME5hhgFWipi1SkTtU,2023,2023-10-13,lofi,0.3024640257847781,0.7337245951527008,0.5508669312721957,0.38553995390405077,0.7376387487386478
sunny day dreaming,Twiggy Fiz,20s,0rq1ZAwIpU7IahDGxU7QZV,2023,2023-12-31,lofi,0.30146181892527346,0.6663406151505272,0.06120743680802172,0.9317266615448946,0.9465186680121089
omw,Knowmadic,20s,46PM3cvVVSpFnco90yU4zk,2024,2024-05-17,lofi,0.12006237735493558,0.5739593522443213,0.3336118654689784,0.9367467599607111,0.9323915237134208
pawsitive,misty tapes,20s,67yrjUBrvkVHHZL0HgEJLT,2024,2024-05-31,lofi,0.16015065173512075,0.7630692316052603,0.47357426363066635,0.8022081224168268,0.9354187689202826
Flower Kingdom,Mossdeep,20s,1s8hwjA2u5dOpU0SEoxDxz,2023,2023-10-13,lofi,0.143113135123542,0.8543636561243343,0.28243158554418213,0.80923626019897,0.9475277497477295
hjortron,bomull,20s,1eGHzlNpyXAsi4qKfm5z27,2024,2024-06-11,lofi,0.3195015423963568,0.7130746657971959,0.39105911844579067,0.732930764278558,0.5368314833501514
So Very Much,nora haze,20s,5dN8phxVcvz7BAIMuI4wqv,2024,2024-10-04,lofi,0.30146181892527346,0.5652646451472666,0.2709421349488197,0.8865457758025453,0.905146316851665
Days before,Dino P,20s,0Yr84Z0J8XdIFgef0Gm4wC,2023,2023-02-12,lofi,0.09019661294169763,0.5261384632105206,0.18320451222059744,0.9789155866535704,0.8365287588294652
Friday Dazed,Alek Faith,20s,3XxZiDTQflprBVjBFxM8P9,2023,2023-10-13,lofi,0.15814623801611147,0.7293772416041735,0.4328389387925632,0.8162643979811132,0.9475277497477295
shanghai tower,yellofish,20s,0BBtNOB7ofrOJ9PLM74EQn,2024,2024-02-23,lofi,0.13008444594998186,0.7130746657971959,0.492375182786714,0.5983921267346737,0.9041372351160444
late night walking,Rustique Beats,20s,0jaGw9MKg6t9z9wfzWAK0a,2023,2023-10-01,lofi,0.05802577275159902,0.6315617867623085,0.46626279506998114,0.7630513547734574,0.8557013118062563
afternoon walk,herbstreit,20s,1dnSIg4ulPAEIWDmuWA5Cf,2023,2023-12-08,lofi,0.02755868422265829,0.5261384632105206,0.040213077083768534,0.9608432323566306,0.9112008072653885
Beam Me Up,Adam Space,20s,4iuQ5DwUqpOXfazF3S4pHG,2024,2024-09-13,lofi,0.2673867857021161,0.908705575480926,0.3294338834343012,0.6706815439224324,0.9334006054490415
BAGS,Seame,20s,41xZsXzZ4koVBLi5OQfAQZ,2024,2024-08-02,lofi,0.20524996041282903,0.6696011303119227,0.026634635471067477,0.7208825280805982,0.9112008072653885
Indigo,Lazlow,20s,2Q0Sgox8fZRoqE61pD9m2y,2023,2023-09-22,lofi,0.3976736774377179,0.6652537767633954,0.2312513056193858,0.7158624296647815,0.9364278506559032
Stones,W8lss,20s,1EDesWUrHjghCMZb0jjbS3,2023,2023-10-13,lofi,0.2854265091731994,0.7804586457993696,0.11844579068310004,0.7570272366744776,0.905146316851665
SoulShower,Bus Topp,20s,5aeQDI9LxC5Aiuc5Vqo65K,2023,2023-11-26,lofi,0.09089815774335086,0.3946310183675687,0.07154794234384793,0.8744975396045855,0.8940464177598386
projection,love_eight,20s,5ot2Nv3COru7DqNd8PaFy5,2022,2022-08-12,lofi,0.22830071818143552,0.9391370503206173,0.4944641738040526,0.7831317484367238,0.939455095862765
Natural Midst,Illum Noyz,20s,0T0Qw9dfYjTf6umYfjC5zf,2023,2023-09-08,lofi,0.332530231569917,0.6652537767633954,0.5017756423647378,0.7640553744566208,0.9122098890010091
Sunflower,Velvet Static,20s,3a2fLFjazrZlinsXTZB3T3,2024,2024-09-27,lofi,0.38564719512366236,0.719595696119987,0.3639022352203885,0.8835337167530554,0.8486377396569121
watercolour,Zoe Reed,20s,0x0XaXiKrUFoCTnrDFXgdt,2023,2023-12-10,lofi,0.04790348347060227,0.8445821106401478,0.20722790891999165,0.1937721944198574,0.9021190716448032
Who's Driving?,Galva-Nice,20s,6ilctnbVwEWTURCfY6kCWH,2023,2023-10-06,lofi,0.3064728532227966,0.6369959786979676,0.10591184457906831,0.7891558665357037,0.06750756811301716
Paris,Trippy Park,20s,6lAh5CErP733AMCPR83AUB,2023,2023-10-13,lofi,0.2774088542971624,0.73915878708836,0.6354710674744098,0.844376949109686,0.9011099899091827
Car Ride,Gittiye,20s,6WJjp4tweyEM415TtdFsqx,2024,2024-03-14,lofi,0.32050374925586145,0.8130637974133247,0.7869229162314603,0.3503992649933347,0.9142280524722503
Flow State,Poof Tricks,20s,71XyPCA7lYpu2IH6OVGlvr,2023,2023-11-06,lofi,0.3004596120657688,0.8576241712857298,0.2740756214748276,0.6576292880413093,0.9233097880928356
happy moggie,louke's beats,20s,6mnuzqUm6MObdHHk59Tg4E,2023,2023-11-26,lofi,0.11505134305741244,0.7978480599934791,0.04992688531439314,0.6636534061402892,0.9374369323915238
Surf Tiger,ohlos,20s,0jwpEqWMwo5fR1XQXic4lg,2023,2023-10-18,lofi,0.2834220954541901,0.3663732203021411,0.04167537079590558,0.904618130099485,0.9283551967709385
Forgotten Dreams,Holy Jamie,20s,1YjAqVamDxZouwyHBfsap3,2024,2024-07-19,lofi,0.25936913082607904,0.6706879686990546,0.044913306872780445,0.6666654651897792,0.8748738647830474
Sunset Boulevard,Phive O,20s,7uNB5da4RZLnfWIE8xIQZk,2023,2023-11-17,lofi,0.06564254488383421,0.7315509183784371,0.9498642155838729,0.6897579179025355,0.6982845610494449
midnight escape,sellar,20s,1H1wSRhMTiGB6cgrNQO4gw,2024,2024-06-16,lofi,0.17819037520620404,0.4815780893381154,0.12575725924378525,0.9216864647132614,0.9424823410696267
glow,low&slow,20s,35YOc3y59Yuplqg2SJLV7P,2023,2023-11-24,lofi,0.3475633344624864,0.9043582219323987,0.31481094631293083,0.9447789174260176,0.939455095862765
cashmere,Zatsuma,20s,47MNGiSMKGEEnI7DAP3BwJ,2023,2023-01-13,lofi,0.37462291966911143,0.882621454189762,0.5508669312721957,0.8845377364362187,0.9202825428859738
spring is coming,jaackson,20s,3S0NnkTIk3LbDoL8dUY1Tc,2024,2024-02-25,lofi,0.24934706223103273,0.9043582219323987,0.23438479214539376,0.9799196063367337,0.9606458123107972
my own practice,hoodeeny,20s,1vM9obDatOvogSVdo1hxDR,2024,2024-11-01,lofi,0.3385434727269448,0.5489620693402891,0.22080635053269268,0.9718874488714271,0.9122098890010091
Shifting Sands,G:sson,20s,4oikNLzA8VDnsEXrsiHQA9,2023,2023-10-06,lofi,0.08588712344582773,0.9097924138680579,0.05922289534155003,0.8052201814663168,0.9283551967709385
Sunset,"Lotus Beats, Notation",20s,1aswhgX6xYksPefv9z1phm,2024,2024-04-08,lofi,0.16215506545413,0.602217150309749,0.3618132442030499,0.8333327325948895,0.9021190716448032
Hazel Eyes,Loomington,20s,18te6JAwwL6xrKnVgYgXvA,2023,2023-11-24,lofi,0.3405478864459541,0.6750353222475819,0.4307499477752245,0.7670674335061107,0.8657921291624622
Expected Events,Poof Tricks,20s,7e2CntkyYlYKlTufrSOCGl,2024,2024-10-16,lofi,0.2713956131401346,0.706553635474405,0.27720910800083554,0.9367467599607111,0.8869828456104945
Vortex,Zeitgeister,20s,5gUG9ivCY3V5DRW8301SbS,2024,2024-08-18,lofi,0.0924014680326078,0.7685034235409195,0.21662836849801542,0.9006020513668318,0.9424823410696267
temporary approved,Oroshi,20s,2kt3LN3iDaQMRINPRsGaJJ,2024,2024-10-11,lofi,0.2353161661979679,0.8098032822519292,0.41612701065385416,0.9628512717229573,0.9112008072653885
"High five, low-fi",Dusty Kadinsky,20s,6mCHWvDL7kXZdVhc8ovk0y,2024,2024-03-08,lofi,0.24934706223103273,0.8782741006412347,0.729475663254648,0.7791156697040705,0.9212916246215944
letter to amtis,nightnotes,20s,1xrkythjTGJM8rClZQdZ5V,2024,2024-03-08,lofi,0.2112632015698568,0.6576459080534726,0.15813662001253392,0.888553815168872,0.851664984863774
Up In The Clouds Again,astra division,20s,5UkHAPnb2Vyx0DvOmnBklI,2024,2024-07-12,lofi,0.20625216727233367,0.6467775241821542,0.5508669312721957,0.9377507796438744,0.8879919273461151
Autumn Stroll,Pi Teddy,20s,5EAColl6xt8Gnm8fNG05hO,2023,2023-10-11,lofi,0.1872102369417457,0.8206716661232475,0.6406935450177564,0.9347387205943846,0.8486377396569121
Lush,Cal Credence,20s,5pbMjvDEHdFVRkxjNeaUFu,2023,2023-09-22,lofi,0.10803589504088003,0.771763938702315,0.3597242531857113,0.8805216577035654,0.922300706357215
The City,Audio Phill,20s,4lZQn9ZVkTbzehDoj3SQin,2023,2023-11-14,lofi,0.25335588966905126,0.6598195848277362,0.15813662001253392,0.9096382285153016,0.8950554994954592
Seasons,M.I Hakone,20s,6RUXqsK0MlNGXFWBfZs400,2023,2023-10-20,lofi,0.35157216190050494,0.8098032822519292,0.7420096093586798,0.8905618545351985,0.8960645812310797
the clearing,Zoe Reed,20s,3oY2RXnYoPhtf6r552KfbN,2023,2023-11-19,lofi,0.21827864958638923,0.8913161612868167,0.6615834551911427,0.5682715362397741,0.7971745711402624
Make It,Berhanio,20s,2teI76KKFE6qkpLZJs7tZ7,2024,2024-09-08,lofi,,,,,
Softly Whispering,Convivial,20s,6CVpyt67DY1JwuR8prqPmP,2023,2023-10-20,lofi,0.04068759408216894,0.634822301923704,0.12784625026112387,0.828312634179073,0.9293642785065591
Matcha,"Yawuh, Koralle",20s,7M9vscwYkaJkTInBY2y6jv,2024,2024-04-30,lofi,0.3796339539666346,0.6641669383762635,0.5456444537288491,0.5983921267346737,0.7679112008072654
Sunny Side,ninetytwo.,20s,50IYpgJ4swioyNFfti9M6l,2024,2024-05-24,lofi,0.27941326801617167,0.7608955548309967,0.425527470231878,0.39859220978517385,0.8062563067608477
New Season,sunala.,20s,4KFkKyUl1er3ta67yoQHHz,2023,2023-11-24,lofi,0.1340932733880004,0.7989348983806108,0.4297054522665552,0.9277105828122413,0.9364278506559032
act n' chill,HPY DAYZ,20s,1Q4eNqqua4EeURDyCA0sbE,2024,2024-05-26,lofi,0.3425523001649633,0.6804695141832411,0.35032379360768745,0.6506011502591661,0.7093844601412714
starry night,Mathis,20s,4EpMnMxqGXNfmDmEV4Uq6E,2023,2023-11-10,lofi,0.42473326264434286,0.7989348983806108,0.28556507207019005,0.9477909764755075,0.958627648839556
Bar Breeze,Hammocks & Lime,20s,4cPDwwClSmyI85odEgVVgm,2023,2023-03-10,lofi,0.2693911994211254,0.9141397674165852,0.6104031752663464,0.5100383946163018,0.6922300706357215
Winter Artifacts,Carl Borg,20s,3J82z7LudT4vCsgj7GfPVV,2024,2024-02-27,lofi,0.2102609947103522,0.8467557874144115,0.6051806977229998,0.5672675165566108,0.953582240161453
park stroll,Fya Playce,20s,6lDAtiAKi02GGDLGxZb1OO,2023,2023-12-10,lofi,0.26438016512360224,0.5120095641778067,0.057238353875078335,0.9889557834852035,0.9323915237134208
fliff,Zonyo,20s,4WuNnBS0bhE9WuXky2VBCl,2023,2023-11-12,lofi,0.36660526479307437,0.7935007064449517,0.1487361604345101,0.8383528310107061,0.425832492431887
camping trip,Collinsworthy,20s,1SadNNfKugUYlaXTZO9g7c,2024,2024-01-19,lofi,0.04539796632184069,0.6043908270840126,0.008773762272822224,0.9457829371091809,0.9293642785065591
imstillfallingfor,ELEWAKA,20s,2hug5L1Q26tKppSYubogeh,2024,2024-10-18,lofi,0.2102609947103522,0.5815672209542441,0.03405055358261959,0.8905618545351985,0.9364278506559032
Incredibly happy,Silk Soul,20s,6FVL1EGTz7nWEzuUz6VpvF,2023,2023-10-20,lofi,0.529964982892329,0.6804695141832411,0.34823480259034884,0.34136308784486485,0.8980827447023209
rose quartz,Cyan_95,20s,6QCZUHBxTk7Fa05l0RFhMn,2024,2024-01-12,lofi,0.20925878785084756,0.7489403325725464,0.29914351368289116,0.7791156697040705,0.8980827447023209
Lo-fi Love Letters,Idris Kelly,20s,1vwVgDd0EHURAjoTb2glnM,2023,2023-10-06,lofi,0.31048168066081516,0.4044125638517552,0.4996866513473992,0.7740955712882539,0.9011099899091827
Borrowed Car,slowvibe,20s,3wwUV04m85SsAqbn04dpnR,2024,2024-06-28,lofi,0.16616389289214853,0.5956961199869579,0.21558387298934611,0.7259026264964148,0.4308779011099899
Flash,Aurora 10,20s,4YzZwV3CsUsT2orcj9yTUg,2024,2024-01-23,lofi,0.1280800322309726,0.9000108683838713,0.649049509087111,0.8042161617831535,0.934409687184662
Marbles,"Maggotts&Becketts, chill.farm",20s,4JwQjAOrGDCQEpySgCAEtl,2023,2023-11-03,lofi,0.33754126586744015,0.706553635474405,0.2698976394401504,0.9246985237627513,0.9243188698284561
fuzzy felt,lilibu,20s,6O3xwq4eNvNfNJNMwcOoHv,2024,2024-09-22,lofi,0.37662733338812066,0.86957939354418,0.14664716941717154,0.6104403629326334,0.7810292633703331
find whats lost,mutedvibes,20s,2iDjJIo3TsomxvqSNd2k1i,2024,2024-11-03,lofi,0.1100403087598893,0.5500489077274209,0.05232922498433256,0.9638552914061206,0.9747729566094854
Behind the stars,Slumbering Elk,20s,2Qu8fz0Ae2tNvBefZoZIJF,2023,2023-11-08,lofi,0.24032720049549106,0.5348331703075753,0.13202423229580112,0.732930764278558,0.9596367305751765
Lazy Locomotive,Cmd q,20s,0l8GPSRbZlKMXM5sxKni49,2023,2023-11-07,lofi,0.27239781999963925,0.47940441256385175,0.20096093586797578,0.9036141104163217,0.953582240161453
Honestly,Blank x Blank,20s,5CzVTEr2Ue7Ac7CFKLp75Y,2024,2024-06-28,lofi,0.36860967851208365,0.6239539180523856,0.05264257363693336,0.7981920436841735,0.9263370332996973
head in the clouds,drewbee,20s,0GdZ6vlb3nC8t5B5MP6TqP,2024,2024-03-08,lofi,0.4257354695038475,0.6522117161178134,0.39105911844579067,0.29116210368669904,0.9081735620585267
Dance The Night,Analog Bow,20s,40YoFnCDboRZe6lmoXcGvM,2023,2023-11-10,lofi,0.3044684395037874,0.647864362569286,0.47566325464800496,0.9457829371091809,0.8970736629667003
Heroes Retreat,Conjure kid,20s,1iD0vEZSvlpsDRSN6y3o0J,2024,2024-02-16,lofi,0.3565831961980281,0.7478534941854147,0.22498433256736994,0.9136543072479548,0.9656912209889
Donuts,Loomington,20s,29aKlnFemuICJhqZPuZ1po,2023,2023-10-06,lofi,0.36259643735505587,0.54352787740463,0.7315646542719866,0.793171945268357,0.9374369323915238
the neighborhood,ninetytwo.,20s,6nZIx6Ck3oNPR1L5FblIY0,2023,2023-09-29,lofi,0.4708347781815558,0.6065645038582763,0.41508251514518485,0.40260828851782715,0.5307769929364279
Early Birds,"FloFilz, HNNY",20s,1FnSnpMEQF0USjUgeuOf4y,2024,2024-06-07,lofi,0.3255147835533846,0.44897293772416036,0.12680175475245456,0.8995980316836685,0.9233097880928356
The Day Before Yesterday,merīkurisumasu!,20s,7peXxoGUQw6hVftcKNIN6J,2023,2023-10-02,lofi,0.19823451239629666,0.8391479187044886,0.14038019636515564,0.9467869567923443,0.7467204843592331
Laundry Tessomancy,Violet Blanca,20s,043xe58AMUGPJgCnRJynj9,2024,2024-03-08,lofi,0.4908789153716484,0.5685251603086621,0.15186964696051805,0.732930764278558,0.9132189707366297
Snooze Groove,Dozy Duzzn,20s,0Pvu5OJLVcukLnrLFZ8YgH,2024,2024-08-18,lofi,0.05171186953671986,0.30007607868709923,0.2813870900355128,0.9879517638020402,0.9445005045408679
devotion,Summer Clarke,20s,2LgVhJxRPvs9sNxMbsZPX5,2024,2024-03-15,lofi,0.3355368521484309,0.8315400499945658,0.4881972007520367,0.9086342088321383,0.922300706357215
semi-hollow,Ponzi Skeemz,20s,0WZmg03i0vltH03r3pDuex,2024,2024-01-12,lofi,0.27640664743765775,0.6869905445060319,0.5028201378734071,0.8142563586147866,0.8799192734611504
Smoking at Sundown,peerless,20s,7fZE886mHBzgaeA5SlMSaa,2022,2022-11-25,lofi,0.37863174710712993,0.6272144332137811,0.3095884687695843,0.2590334738254729,0.8557013118062563
rolling,Collinsworthy,20s,6b0G1mrrgS9isDGFnd8yCd,2024,2024-03-01,lofi,0.16315727231363464,0.6859037061189001,0.29287654063087526,0.9357427402775479,0.9455095862764885
deep reverie,buggy beats,20s,6qSwCH11dUzTMU6dxvDtRo,2024,2024-03-22,lofi,0.09290257146236013,0.5044016954678839,0.16962607060789636,0.9226904843964248,0.893037336024218
Bareru Rōru,d.w.h,20s,2euw7YmuTYRuBx0DQTgvqq,2023,2023-11-10,lofi,0.3195015423963568,0.6424301706336268,0.39105911844579067,0.7811237090703972,0.9243188698284561
pistachios forever,uniqlesse,20s,0fs6IBGLB7LfiZZ2avlJUF,2024,2024-03-15,lofi,0.17919258206570868,0.8348005651559612,0.16127010653854187,0.9026100907331583,0.8950554994954592
Satin Soul,"Ghostnaut, Lunath",20s,2ArzG3wZ8AtiTyAZ4ErUyV,2024,2024-08-30,lofi,0.2102609947103522,0.6815563525703728,0.15291414246918736,0.9156623466142815,0.9354187689202826
Con Bajo Fidelidad,The Fly Guy Five,20s,0Ti4yQxF7IyyhK3rIT1cdw,2023,2023-10-13,lofi,0.46682595074353733,0.6293881099880448,0.2949655316482139,0.831324693228563,0.9172552976791121
Green Coco,Alana Coello,20s,5lQhlSIPhc0x7VQ2cPLe6P,2023,2023-11-03,lofi,0.3545787824790188,0.8489294641886751,0.29287654063087526,0.8514050868918293,0.8819374369323916
catch me,knock on wood,20s,2YWzE3OlGyjqMF33UvIay1,2023,2023-10-22,lofi,0.1381021008260189,0.6239539180523856,0.010549404637560055,0.9618472520397939,0.9545913218970736
yo!,H I K E,20s,76Bwn0o3omms1v8BmIryYL,2023,2023-09-18,lofi,0.37261850595010215,0.5598304532116074,0.24065176519740963,0.7951799846346836,0.9081735620585267
neutron,Cyan_95,20s,0EctAgmIOVOUkyliA8Wgx4,2023,2023-10-27,lofi,0.2744022337186485,0.7511140093468102,0.3618132442030499,0.7008021344173319,0.9112008072653885
looking back,nearly monday,20s,0dxMj3mOuLH0igqGZQYEPe,2024,2024-03-08,lofi,0.3295236109914031,0.8706662319313119,0.3377898475036557,0.7981920436841735,0.9212916246215944
All downhill from here,Art Vandeley,20s,2MFbMTRA9SYAZJvjv0mzbm,2023,2023-12-22,lofi,0.27039340628063,0.654385392892077,0.13620221433047838,0.9447789174260176,0.905146316851665
con leche,Camden Clown,20s,5ORMaylKqIYBtAFedOVIXD,2024,2024-01-07,lofi,0.2854265091731994,0.7543745245082056,0.1800710256945895,0.9327306812280579,0.9354187689202826
The Jam,Audio Phill,20s,7xJqP2LZrVpJhUR6ZukE9q,2024,2024-02-05,lofi,0.22629630446242627,0.6130855341810673,0.48297472320869017,0.8032121420999901,0.9313824419778003
Let's Puddle,Lime Nyorobon,20s,6yMtuNltStGSJyv6LLytcE,2024,2024-01-12,lofi,0.3255147835533846,0.5641778067601347,0.20827240442866096,0.901606071049995,0.9384460141271443
piece of cake,"Beats Me, Innit?",20s,4rwk2fkjHLRF5hnJiZRIAw,2023,2023-11-10,lofi,0.3385434727269448,0.6261275948266494,0.35136828911635676,0.8734935199214222,0.9354187689202826
luminescence,"steezy prime, luv pug",20s,4C5PiNdh6l3qJZyXGZnzAr,2024,2024-09-27,lofi,0.11404913619790781,0.5793935441799805,0.008564863171088363,0.8584332246739724,0.934409687184662
Ayways,A & C,20s,1divZI9KtgP416oHCwBJE1,2023,2023-10-06,lofi,0.2353161661979679,0.4424519074013694,0.3461458115730102,0.9086342088321383,0.875882946518668
morning coffee,bearé,20s,22YaZEoX2OiG5yA2O3cHDv,2024,2024-03-08,lofi,0.2443360279335096,0.8119769590261929,0.3315228744516398,0.6736936029719224,0.9283551967709385
Slowmotion,Zauvage,20s,62FD9nH97vjBJ7UJBlusRA,2023,2023-11-24,lofi,0.35157216190050494,0.693511574828823,0.46730729057865045,0.9538150945744874,0.8819374369323916
ottos visa,bomull,20s,2UIfKmFnpMjSLONtCxZw7B,2023,2023-12-26,lofi,0.2744022337186485,0.8130637974133247,0.19364946730729057,0.796184004317847,0.8203834510595358
Their Name Is Jazz,yoranda,20s,7k489KmPZjNkvEMgSZdY2g,2023,2023-09-29,lofi,0.4457796066939401,0.8445821106401478,0.3074994777522457,0.5471871228933446,0.46316851664984865
sandwhich beach,Grace Belly,20s,76tl9K8j78xxjG3lKQwvWD,2023,2023-11-03,lofi,0.11605354991691706,0.6402564938593631,0.4787967411740129,0.9728914685545904,0.9031281533804238
Inner Peace,Moon Cheese,20s,547YTV2dWMOpgxdjGi8Nn8,2023,2023-09-10,lofi,0.2343139593384633,0.6119986957939355,0.15186964696051805,0.8594372443571358,0.9202825428859738
horizon,Lunar Lullaby & yorukaze,20s,6Cg95Z9BbsoylM4DKPF0qu,2023,2023-10-22,lofi,0.2914397503302272,0.8348005651559612,0.14769166492584085,0.6064242841999802,0.8768920282542886
no way but up,Phresh Milk,20s,4M7gbh6sluTRP6BXnYpzyz,2024,2024-02-04,lofi,0.41070236661127807,0.6815563525703728,0.305410486734907,0.8463849884760126,0.8597376387487387
My Promise,myndstream,20s,2tLMEIVC98DSoq8jjypvg6,2023,2023-12-26,lofi,0.13309106652849576,0.7032931203130094,0.48193022770002086,0.8805216577035654,0.8597376387487387
Avocades,Breakfast For Brunch,20s,72VPz6obgR5JjPCv8uRotp,2024,2024-01-19,lofi,0.20424775355332442,0.6652537767633954,0.34301232504700224,0.9226904843964248,0.939455095862765
Lost Without You,chill.farm,20s,1AqN43ZIZzz74aAtnsovZ1,2023,2023-11-10,lofi,0.46682595074353733,0.7706771003151832,0.4432838938792563,0.9538150945744874,0.9414732593340062
Memories & Notes,Juliette,20s,0LJeA9BFfwRfsOTxzhWzCF,2022,2022-10-14,lofi,0.29444637090874104,0.5870014128899033,0.17589304365991226,0.9297186221785679,0.9384460141271443
Watching Walls,"Sleepermane, Dontcry",20s,5Pv4jIAe9BM9QZJxvMQTZG,2024,2024-08-30,lofi,0.2353161661979679,0.5543962612759482,0.06183413411322331,0.726906646179578,0.9122098890010091
benice,okayokay,20s,0n5px9dEnPHgNMEJk8F2MH,2024,2024-06-28,lofi,0.25936913082607904,0.6728616454733182,0.1633590975558805,0.2891540643203724,0.8456104944500504
favour the brave,Rustique Beats,20s,2TLObOpKa82LXdJwzEgP2M,2023,2023-12-03,lofi,0.03998604928051569,0.7467666557982828,0.29914351368289116,0.980923626019897,0.9374369323915238
Ham On Rye,Worn Tape,20s,1YHe10629RcHU4qusWR9b1,2023,2023-02-05,lofi,0.18219920264422257,0.576133029018585,0.4411949028619177,0.17369180075659107,0.7961654894046418
Everything I Need,Stekt,20s,7foqp1x0ieFKdG9CKnYyHu,2024,2024-08-23,lofi,0.2834220954541901,0.6391696554722314,0.2698976394401504,0.6255006581800832,0.8869828456104945
Through The Garden,eze east,20s,1oAFrGbUMmg7pPXVzrVrS6,2023,2023-12-03,lofi,0.2673867857021161,0.5598304532116074,0.14664716941717154,0.9869477441188769,0.939455095862765
Wait For Spring,Fya Playce,20s,65RlTv8r06C7Jm5sDMbyu4,2023,2023-10-01,lofi,0.15012858314007443,0.34354961417237256,0.11844579068310004,0.9839356850693869,0.9101917255297679
Wistful Silhouettes,"Chill Def, alt.bin.beats",20s,5Ltgq6XMTilOXhNiSQZrVT,2023,2023-10-13,lofi,0.11505134305741244,0.6446038474078905,0.48088573219135156,0.9337347009112212,0.922300706357215
Through the Portal,iasilma,20s,5wPmobhPmZI7p0jWIBb3eT,2022,2022-12-16,lofi,0.2653823719831068,0.6304749483751767,0.11008982661374557,0.6957820360015152,0.8425832492431886
big buddha,Max Hayward,20s,3ctgxH0ZpE50qscnZYBY1H,2023,2023-12-24,lofi,0.19723230553679202,0.6489512009564179,0.5132650929601003,0.8373488113275428,0.4863773965691221
Our Feelings,Akkoro,20s,6Afhf3If4W91Y1SaubBPQK,2024,2024-10-06,lofi,0.17217713404917628,0.7109009890229323,0.08606642991435137,0.9859437244357135,0.9717457114026236
Do not forget,Perry Goldfish,20s,1rUtzvQGTNYap9gPlEg1Er,2024,2024-05-24,lofi,0.24533823479301423,0.9228344745136399,0.5111761019427616,0.17770787948924435,0.8314833501513622
Beauty,W8lss,20s,5qVYvn1qfR6oIsV2O3WgxN,2023,2023-09-29,lofi,0.4277398832228568,0.7945875448320835,0.2740756214748276,0.7540151776249876,0.9192734611503532
ting,_tag,20s,2EpkC5rovFu6Kqb6Rw9uYA,2022,2022-12-16,lofi,0.0962098540987254,0.8032822519291382,0.29287654063087526,0.5170665323984451,0.8133198789101918
poolside,May-Flowa,20s,23qAxDhazTIB0AvnmPKaFS,2023,2023-11-26,lofi,0.2333117524789587,0.5315726551461798,0.32212241487361604,0.9036141104163217,0.9212916246215944
blue bird,"Slipp, Nick's chill factory",20s,6qCw0yjnCxxASxV87RMudj,2023,2023-09-22,lofi,0.39166043628069014,0.33376806868818604,0.4777522456653436,0.9186744056637715,0.9293642785065591
Garden Suitcase,hello low,20s,7M7F46ZhsjjQrat1xsSBnZ,2024,2024-01-26,lofi,0.24634044165251884,0.7152483425714596,0.8443701692082723,0.6666654651897792,0.9182643794147326
Autumn Briefs,Dasunny,20s,1kcXids1llWtkF7wTQ8HfL,2023,2023-12-01,lofi,0.30146181892527346,0.7413324638626236,0.5999582201796533,0.9136543072479548,0.9152371342078709
traffic,Lunar Lullaby & yorukaze,20s,7rfwtpxQF4UBT7cQMslOb6,2023,2023-09-24,lofi,0.45479946842948177,0.8315400499945658,0.48088573219135156,0.27810984780557596,0.9112008072653885
fastback ride,Nitta' Gritta',20s,2J4JxUvNa8zqP6N5BUitlt,2023,2023-11-24,lofi,0.3796339539666346,0.6141723725681991,0.3200334238562774,0.9026100907331583,0.8496468213925328
One more for the road,Attic Dizzt,20s,3Sp8yHw4Ss2gLNlvv5FJGz,2023,2023-10-20,lofi,0.31649492181784294,0.5011411803064885,0.3628577397117192,0.29819024146884227,0.9364278506559032
Preciso,Tom Doolie,20s,6PLpXbbUnefm7DrWaJ2Mr7,2023,2023-07-21,lofi,0.2984551983467596,0.6130855341810673,0.4317944432838939,0.8604412640402991,0.9031281533804238
Tea,Osian Lewis,20s,2a2Cu4OIJIhmlVCaSGkngS,2024,2024-03-01,lofi,0.43475533123938914,0.8054559287034019,0.061938583664090247,0.8263045948127463,0.9475277497477295
less-than-flattering,Slow Bounce,20s,7ay42oCBar4ZtjwlvqyKyt,2023,2023-10-13,lofi,0.25335588966905126,0.732637756765569,0.30018800919156047,0.8644573427729524,0.9364278506559032
Mister you forgot your hat,Meryl Street,20s,7HHLfthMPLGO4INZtNjxHW,2023,2023-11-03,lofi,0.5660444298344955,0.8076296054776656,0.23229580112805512,0.4748977057055858,0.9525731584258325
Laurel Canyon,cuttingwood,20s,44qZfwmOOTfLY8eBwhHRsW,2023,2023-01-27,lofi,0.4578060890079957,0.5228779480491251,0.3294338834343012,0.6094363432494702,0.6316851664984864
Hidden Cataract,Carl Borg,20s,7kvIF3LgW4rUbwUhk1auws,2024,2024-06-21,lofi,0.25335588966905126,0.54352787740463,0.35867975767704197,0.6857418391698822,0.8647830474268415
until we meet again,LVTA,20s,4WwnDyJgETzTG7tjHdlM27,2023,2023-12-01,lofi,0.3315280247104124,0.54352787740463,0.3607687486943806,0.6425689927938596,0.9101917255297679
Peaceful Ghost,"Salvador, Nick's chill factory",20s,0xHlJoGrK2vxMT4rBOGqy5,2023,2023-09-15,lofi,0.3024640257847781,0.5185305945005978,0.24169626070607894,0.8102402798821333,0.9071644803229062
fruta verde,Mirá,20s,5r8OKzdJadvERTJyPPCUCg,2023,2023-09-29,lofi,0.6883136666940604,0.8358874035430931,0.7357426363066639,0.07158299897888187,0.0002986881937436932
saveme.,"Dpsht, tenkousei.",20s,1WydprqiHcF4Xl7IdQoOzt,2024,2024-08-29,lofi,0.2443360279335096,0.758721878056733,0.5957802381449759,0.9327306812280579,0.9061553985872856
Dad's Typewriter Feels,Looper Boy,20s,5HnINSPgOBtvkLvCdywObE,2024,2024-07-09,lofi,0.135095480247505,0.752200847733942,0.5905577606016295,0.8915658742183619,0.6982845610494449
Meltdown,Arlos,20s,4gLJWrqUpHLaiDH7K276l9,2023,2023-10-09,lofi,0.1421109282640374,0.5457015541788937,0.35554627115103404,0.8724895002382589,0.9081735620585267
The Way To Eden,louke's beats,20s,5hwn92Fpw0VK8y7taEHPrF,2023,2023-11-12,lofi,0.13008444594998186,0.6500380393435496,0.3043659912262377,0.20481641093465386,0.3440968718466196
Arboreous,"Bogomolove, Senn",20s,4yu1zpAy9PDX2p8NVdtXm1,2024,2024-08-23,lofi,0.17718816834669943,0.6304749483751767,0.25631919782744933,0.9216864647132614,0.5065590312815338
Adamant,Kuma,20s,1rj0JZBZJhBa0LL2sQ7ro9,2024,2024-01-12,lofi,0.46682595074353733,0.6782958374089774,0.4955086693127219,0.7570272366744776,0.8728557013118062
Hokkaido Breeze,Furry Beats,20s,20aWMDQFYgx0da54JctdZd,2023,2023-10-13,lofi,0.3836427814046531,0.2924682099771764,0.4213494881972007,0.9919678425346935,0.9434914228052473
fantasize,bdazzled.,20s,6YTpB8MmcAwNmet2FtfuTm,2023,2023-03-17,lofi,0.2924419571897318,0.5348331703075753,0.6448715270524337,0.6485931108928394,0.8668012108980827
Humble Thoughts,Somebody's Son,20s,38QAKMfUQMUVOkVsDJ1tlh,2022,2022-12-16,lofi,0.39566926371870864,0.7130746657971959,0.18216001671192814,0.8544171459413192,0.9364278506559032
Piano Roll,Vancgroover,20s,1mgu8HfJP14u5czwRJlGVp,2023,2023-10-31,lofi,0.4738413987600697,0.8674057167699163,0.846459160225611,0.6335328156453898,0.4248234106962664
Walk in the Park,NogEgg,20s,3DVl3BS24V9w8jqlgE8GYG,2023,2023-09-29,lofi,0.2072543741318383,0.7880665145092925,0.35867975767704197,0.022285632535563055,0.007063572149344097
King of the Road,George Claymon,20s,1UKtFpdPEJIgU0rFchWKqt,2022,2022-04-20,country,0.4056913323137549,0.6815563525703728,0.6709839147691665,0.6134524219821234,0.0
Ring of Fire,Johnny Cash,00s,5rDkA2TFOImbiVenmnE9r4,2002,2002-02-12,country,0.518940707437778,0.654385392892077,0.6751618968038439,0.2680696509739428,0.00015943491422805247
Always on My Mind,Jason Morrigan,20s,1PcHxke0IW95xoesZDq7ZJ,2022,2022-06-20,country,0.421726642065829,0.6098250190196718,0.3639022352203885,0.7148584099816183,4.682139253279515e-06
Crazy,Jess Sharon,10s,44XTUEb5jMvHL1XFdYLFo3,2016,2016-06-20,country,0.40468912545425034,0.5196174328877297,0.3304783789429705,0.5361429063785481,0.00023511604439959636
"Take Me Home, Country Roads (Original Version) [Remastered]",John Denver,10s,448mZKZ9AizlUi3zcaBgD6,2010,2010-12-13,country,0.4457796066939401,0.4304966851429192,0.6626279506998121,0.6656614455066159,0.0
"Forever and Ever, Amen",Randy Travis,10s,4rQSLX4qMiUWL81hEQOuPY,2010,2010-09-24,country,0.6812982186775279,0.6978589283773503,0.7044077710465845,0.30421435956782217,1.5237134207870837e-05
Lay Down Sally,Monica Lopez,10s,42fdl7mANFrA28509zeyvr,2014,2014-06-20,country,0.6893158735535649,0.589175089664167,0.7890119072487989,0.47590172538874914,0.0010393541876892029
"Please Help Me, I'm Falling",Hank Locklin,00s,0dc0eU5THc1uE0Q0KV73XN,2003,2003-03-03,country,0.3365390590079355,0.5359200086947071,0.5466889492375183,0.831324693228563,0.0
Can’t Wait For You,Mary J. Blige,20s,5n2wrLDldsLbFWi8dmqJua,2024,2024-11-15,soul,0.7183798724791992,0.6989457667644821,0.48193022770002086,0.060940390337350714,1.8970736629667003e-05
Timeless,"Byron Juane, Kenyon Dixon",20s,3EkBW1RjjYnjDl1DJKTT7m,2024,2024-03-29,soul,0.5389848446278706,0.5652646451472666,0.3545017756423647,0.5843358511703872,0.0
DO 4 LOVE,Snoh Aalegra,20s,3FImu2LpSuH6gDHBuFgIbS,2021,2021-10-29,soul,0.1421109282640374,0.3348549070753179,0.07353248381031961,0.9166663662974448,0.0037033299697275483
Anyways,Elmiene,20s,2Oz4HbXcWm8kFWptHFEUW0,2024,2024-10-21,soul,0.3646008510740651,0.33268123030105423,0.16127010653854187,0.8373488113275428,0.0007598385469223007
When I'm in Your Arms,Cleo Sol,20s,47s5hKfwGXliAAB8wKMiNo,2020,2020-03-27,soul,0.46281712330551883,0.5837408977285078,0.6532274911217882,0.4779097647550758,0.058627648839556006
Out My Hair,Mack Keane,20s,1TtdzDwa2r0REWVcFihwmT,2024,2024-10-25,soul,0.46281712330551883,0.7152483425714596,0.8078128264048465,0.19076013537036746,0.00015640766902119072
YA YA,Beyoncé,20s,0K9tfzrxJyCQIf7oAlPwaK,2024,2024-03-29,soul,0.9057925552065649,0.6065645038582763,0.7670775015667433,0.31827063513210857,0.0
Glad You Came,Mario,20s,6kLEz38AjUXwYj9XUTiT5j,2024,2024-11-08,soul,0.7835233183470001,0.602217150309749,0.5028201378734071,0.370479658656601,0.00011301715438950555
Good & Plenty,"Alex Isley, Masego, Jack Dine",20s,1VAKnb1btGrQXcVZVSRkPe,2020,2020-07-17,soul,0.6201636002477455,0.6511248777306815,0.338834343012325,0.7911639059020303,0.06730575176589303
somebody new,Mac Ayres,20s,5hiKumtJTCHaaWwgxdpnoD,2024,2024-11-08,soul,0.18821244380125035,0.4239756548201282,0.12680175475245456,0.9869477441188769,3.269424823410696e-06
Go Baby,Cleo Sol,20s,3NiL2JcFIncyshy4KOKA73,2023,2023-09-15,soul,0.1761859614871948,0.5598304532116074,0.4881972007520367,0.9317266615448946,0.4409687184661958
alone,Tiana Major9,20s,62JbZPGa7SEYbF0rJJXT05,2024,2024-11-11,soul,0.5750642915700371,0.5065753722421475,0.4620848130353039,0.14658326931118154,0.00016851664984863772
Fear When You Fly,Cleo Sol,20s,0BDlu6AEeWxdjmKwFc0rI0,2024,2024-11-01,soul,0.18420361636323182,0.4261493315943919,0.188426989763944,0.5562233000418144,0.04177598385469223
In Limbo,"Pale Jay, Ironsides",20s,0ehGcL48kQnjyvhe8P49pq,2024,2024-04-02,soul,0.4407685723964169,0.1924790783610477,0.3659912262377272,0.7700794925556007,0.5782038345105953
HiYA,Ray Lozano,20s,0EszgYPRpVpz4pVaXttpiJ,2024,2024-11-07,soul,0.6281812551237825,0.6978589283773503,0.7514100689367036,0.45481731204231957,0.10393541876892028
God Gave Me Feet For Dancing (feat. Yazmin Lacey),"Ezra Collective, Yazmin Lacey",20s,3t5jf0Qgk9oJU6kOOHU7cZ,2024,2024-06-18,soul,0.6632584952064446,0.6630800999891316,0.45895132650929593,0.4919660403193622,0.02169525731584258
Free Fallin',Amaria,20s,4hmmx1yd7U5LKmU8jkrzuV,2024,2024-10-11,soul,0.2333117524789587,0.7228562112813824,0.3701692082724044,0.5150584930321185,0.02815338042381433
Messy,Olivia Dean,20s,2iq1qD2ifqpYS5J2I35u7h,2023,2023-06-30,soul,0.44778402041294935,0.5978697967612217,0.4328389387925632,0.8162643979811132,0.045711402623612514
I USED TO (feat. Baby Rose),"Leon Thomas, Baby Rose",20s,7Lx9TY1fYMAvOxk9GWFNkQ,2024,2024-09-27,soul,0.5710554641320187,0.5946092815998261,0.6615834551911427,0.4558213317254829,4.843592330978809e-06
Made For Me (with Mariah Carey),"Muni Long, Mariah Carey",20s,7A237bWglHPhH3nKGgBsRr,2024,2024-05-21,soul,0.4818590536361067,0.6696011303119227,0.05055358261959473,0.14156317089536496,0.0
All I Want Is You,"October London, Boney James",20s,69Z7UBjpKY5VesBHwpiQjH,2024,2024-10-11,soul,0.6462209785948659,0.6424301706336268,0.5936912471276373,0.24899327699383977,8.486377396569123e-06
DESERT EAGLE,Beyoncé,20s,2dklP2sRuvcJROlrM8F7Dp,2024,2024-03-29,soul,0.48987670851214377,0.6869905445060319,0.6605389596824734,0.6475890912096761,1.6246215943491424e-06
SOS (Sex on Sight) (feat. USHER),"Victoria Monét, USHER",20s,2iNMrWUMlqf03NrHCQZY71,2024,2024-08-27,soul,0.4708347781815558,0.6326486251494403,0.41299352412784623,0.21987670618210362,0.03198789101917255
Promises,Cleo Sol,20s,6aQ7nlAEOhhRnsHi6eY0zT,2021,2021-08-20,soul,0.26638457884261146,0.8021954135420064,0.682473365364529,0.2901580840035357,0.037134207870837536
Sweet Little Rainbows,Allen Stone,20s,0eFp7ULoYiRgaYZH0xq79i,2024,2024-10-25,soul,0.6251746345452687,0.49896750353222474,0.7054522665552538,0.3624475011912945,1.3925327951564077e-06
Smoke,Ari Lennox,20s,6Z0yKCHpLXoDVqFSlWh9OM,2024,2024-10-18,soul,0.8155939378511482,0.6837300293446364,0.7639440150407354,0.019675181359338434,0.0
Light Work,Elmiene,20s,2N9pTSlybRM6XIqOvSfkM1,2024,2024-08-19,soul,0.7614747674378982,0.5685251603086621,0.5362439941508252,0.21887268649894032,2.108980827447023e-06
You Ain't The Only One,Mary J. Blige,20s,2PYmLWYQKcyiDoduL1ewVO,2024,2024-10-18,soul,0.6943269078510881,0.7119878274100642,0.5811573010236056,0.04186401635724772,0.0
Fight for Love,SAULT,20s,1LPQheJpIsG8rlUkCmZx2D,2022,2022-11-11,soul,0.41170457347078265,0.8445821106401478,0.8516816377689576,0.4216846624979301,0.3854692230070636
Space,Mario,20s,7eLiZCx55Yds7xwRiXOfRR,2024,2024-09-27,soul,0.4968921565286762,0.7000326051516139,0.405682055567161,0.10742650166781224,6.791120080726538e-05
Waiting on the Right Time,Thee Sacred Souls,20s,7rqR6MqQX8x2eDlAmleCRl,2024,2024-09-10,soul,0.5670466366940001,0.5348331703075753,0.7232086902026321,0.17770787948924435,2.4722502522704338e-05
Celebrate,"Jordan Rakei, STUTS",20s,0wDTskEQUKP63CjogXK6yc,2024,2024-11-08,soul,0.38163836768564385,0.5935224432126943,0.10695634008773762,0.5773077133882439,0.0
Anyone In Love,Jalen Ngonda,20s,5fjaHwIsvJKxkhODCYY0EB,2024,2024-09-26,soul,0.5399870514873752,0.5196174328877297,0.5414664716941718,0.27810984780557596,7.517658930373359e-05
Crystal Tears,Elmiene,20s,4z6YXURKvs98NXUlVGyevf,2024,2024-03-13,soul,0.4187200214873151,0.6837300293446364,0.32212241487361604,0.672689583288759,0.0008809283551967709
Simply Beautiful,Maxwell,20s,4nYMxYwlymkLGpP1nBtkJV,2024,2024-08-02,soul,0.45079064099146327,0.5826540593413759,0.47357426363066635,0.7530111579418243,0.016851664984863773
That's You,Lucky Daye,20s,3rgPcA3yCtvVCxvcVFcBxs,2023,2023-11-01,soul,0.4888745016526391,0.6163460493424628,0.5477334447461877,0.43072083964639996,0.0
Something We Can Make Love To,"Eric Benét, Tamar Braxton",20s,0Tr10myuWpSZmXEZhoXjxR,2024,2024-06-28,soul,0.5760664984295418,0.41528094772307356,0.2730311259661583,0.30622239893414877,0.0
That's What I Love,Leon Bridges,20s,6qxPXbJammkI5JkjVctXED,2024,2024-09-27,soul,0.5279605691733197,0.6087381806325399,0.6918738249425527,0.389556032636704,0.008072653884964682
All I Want Is You [Feat. October London],"Boney James, October London",20s,2YKgKQeaYc2sIZIGooyLw0,2024,2024-07-19,soul,0.6231702208262594,0.6174328877295946,0.6542719866304575,0.47590172538874914,7.870837537840565e-06
Don't Sleep (feat. Thundercat),"Victoria Monét, Thundercat",20s,3p0xEoo2jRjshhCplkF8S5,2024,2024-10-04,soul,0.6592496677684261,0.7174220193457232,0.34719030708167953,0.47690574507191247,0.048839556004036326
MoveOn,"NxWorries, Anderson .Paak, Knxwledge",20s,6NkpXwmHBAWYQmMDV0AVdw,2024,2024-06-14,soul,0.627179048264278,0.5500489077274209,0.8391476916649259,0.634536835328553,0.5408678102926338
2 Much,Qendresa,20s,4QySScdQnRDZjDaAdpY0AM,2024,2024-02-22,soul,0.3886538157021762,0.7532876861210738,0.5268435345728014,0.31224651703312867,0.009969727547931382
Bend,Wizkid,20s,2GZNKi3rgaT1ZKpkKDkA0Y,2024,2024-11-22,afrobeats,0.8175983515701575,0.8152374741875884,0.7921453937748069,0.018169151834593462,0.005711402623612513
Bad Vibes (feat. Seyi Vibez),"Ayra Starr, Seyi Vibez",20s,6HTjqv0AsiZ34fOMcGCbSX,2024,2024-05-09,afrobeats,0.6732805638014909,0.6902510596674274,0.8088573219135159,0.3082304383004754,0.0
Higher,Burna Boy,20s,7fA7mrYaXVDVVGCAV65NRN,2024,2024-06-27,afrobeats,0.5129274662807503,0.7880665145092925,0.8485481512429497,0.0954786674381688,0.00033703329969727544
Lomo Lomo,"KiDi, Black Sherif",20s,12jJRu9yInIX7oTxoXtM0S,2024,2024-07-30,afrobeats,0.589095187603102,0.8261058580589066,0.7054522665552538,0.5602393787744677,8.546922300706357e-05
Saint Tropez,"Juls, Victony",20s,6o4oHv1VSmHmHjWfQf8yp0,2024,2024-10-25,afrobeats,0.41471119404929657,0.856537332898598,0.45477334447461876,0.2439731785780232,0.0
Favourite Girl (with Rema),"Darkoo, Rema",20s,3eRaxLLhyYHKr8oiR6NeYI,2024,2024-08-08,afrobeats,0.813589524132139,0.4304966851429192,0.8287027365782327,0.37349171770609096,0.0
Marhaba,Kizz Daniel,20s,5FzsdlFgAFN1aSe9YwoN6s,2024,2024-09-25,afrobeats,0.7664858017354214,0.5859145745027714,0.8506371422602883,0.2761018084392493,0.0
everyday,Fireboy DML,20s,2yskKhqtDAHJ73obmJh8tf,2024,2024-05-02,afrobeats,0.6582474609089215,0.9000108683838713,0.9425527470231879,0.15361140709332477,0.0003662966700302724
Asylum,Olivetheboy,20s,1Cek6PV24GtEk4GDWqFbCk,2024,2024-03-01,afrobeats,0.5931040150411205,0.8315400499945658,0.7566325464800502,0.6767056620214124,0.06226034308779011
新時代 - ウタ from ONE PIECE FILM RED,Ado,20s,2l2yRJWgMiJkfPbRNiuC25,2022,2022-06-08,j-pop,0.9879735176859444,0.47288338224106075,0.40881554209316895,0.0506993895690849,4.450050454086781e-06
SPECIALZ,King Gnu,20s,5oQpH1uuZte4axR411rIlN,2023,2023-11-29,j-pop,0.8877528317354816,0.5446147157917619,0.5968247336536453,0.059534762780922075,0.0
廻廻奇譚,Eve,20s,5MVjxslIF7mVtYo75Nk445,2020,2020-12-23,j-pop,0.9118057963635927,0.5717856754700577,0.5978692291623146,0.013851867196991203,0.0
ミックスナッツ,OFFICIAL HIGE DANDISM,20s,60ReNXcPcsVFd7nUuQw5HZ,2022,2022-04-15,j-pop,0.9198234512396297,0.5250516248233887,0.7879674117401295,0.010136994369286934,0.0
One Last Kiss,Hikaru Utada,20s,5RhWszHMSKzb7KiXk4Ae0M,2021,2021-03-09,j-pop,0.5409892583468798,0.5793935441799805,0.338834343012325,0.6947780163183519,0.0018869828456104943
炎,LiSA,20s,0cSkn2l67csUljEy0EEBPn,2020,2020-10-12,j-pop,0.6863092529750511,0.45440712965981955,0.29078754961353664,0.1054184623014856,0.0
すずめ,"RADWIMPS, Toaka",20s,1huqzMaPdQkXuOJaLxrC2s,2022,2022-09-30,j-pop,0.4157134009088012,0.5565699380502119,0.3263003969082933,0.6174685007147767,0.0
青春コンプレックス,結束バンド,20s,0jpP8AlQLVtaMwA3vQYpYB,2022,2022-10-09,j-pop,0.9408697952892269,0.33811542223671337,0.45268435345728014,0.001653028046556915,2.1594349142280524e-06
トウキョウ・シャンディ・ランデヴ,"MAISONdes, 花譜, ツミキ",20s,2MmgGuQzr0kkiA04lMdPXW,2022,2022-10-21,j-pop,0.9749448285123843,0.7337245951527008,0.9195738458324629,0.04367125178694169,0.0005529767911200807
オレンジ,SPYAIR,20s,6M6ZNRplLNspFEn6Ab3mOv,2024,2024-02-14,j-pop,0.8797351768594445,0.3728942506249321,0.34301232504700224,0.00023936833266296613,0.0
花になって - Be a flower,Ryokuoushoku Shakai,20s,2EmkTBTh964LQen4Vz0svg,2023,2023-10-29,j-pop,0.9549006913222916,0.5543962612759482,0.46730729057865045,0.1666636629744479,5.832492431886982e-06
LOST IN PARADISE,"ALI, AKLO",20s,7kRKlFCFLAUwt43HWtauhX,2020,2020-10-10,j-pop,0.9057925552065649,0.6402564938593631,0.729475663254648,0.09648268712133211,2.0887991927346116e-06
Symphony Of Destruction,Megadeth,90s,51TG9W3y9qyO8BY5RXKgnZ,1992,1992-07-14,metal,0.8907594523139954,0.5989566351483535,0.49759766033006053,0.0007935871977691165,0.08728557013118061
Down with the Sickness,Disturbed,10s,4ImIJRZNJhNQLLdUFSYJoS,2010,2010-03-22,metal,0.8977749003305279,0.641343332246495,0.9341967829538333,0.0003166778482665415,1.2008072653884964e-05
Hellraiser - 30th Anniversary Edition,"Ozzy Osbourne, Lemmy, Motörhead",20s,7iD5t0YgWvIIrvZtw6IIxQ,2021,2021-09-13,metal,0.9358587609917037,0.6141723725681991,0.3983705870064758,0.002325721234276337,2.6942482341069626e-05
Holy Wars...The Punishment Due - 2004 Remix,Megadeth,90s,5LyRtsQLhcXmy50VXhQXXS,1990,1990-10-04,metal,0.9869713108264399,0.2892076948157809,0.19991644035930647,0.001773510408536513,0.10797174571140263
Roots Bloody Roots,Sepultura,90s,6ursmCnbc9oDRGa2yHKkoZ,1996,1996-02-20,metal,0.875726349421426,0.4011520486903597,0.24169626070607894,0.00033475020256348116,0.04228052472250252
Painkiller,Judas Priest,90s,0L7zm6afBEtrNKo6C6Gj08,1990,1990-09-26,metal,0.988975724545449,0.40875991740028256,0.07353248381031961,0.0001921794075542903,0.08869828456104945
Pull Me Under,Dream Theater,90s,5CPXR6lDTvngxtmMZxnWmC,1992,1992-06-30,metal,0.942874209008236,0.5141832409520705,0.2594526843534573,0.0005777229658890036,0.05317860746720484
Tears Don't Fall,Bullet For My Valentine,00s,5pKCDm2fw4k6D6C5Rk646C,2005,2005-01-01,metal,0.9328521404131899,0.16856863384414736,0.21245038646333822,0.0007042294459675813,3.1180625630676086e-06
Wait and Bleed,Slipknot,00s,2gscB6kDOmrv1P6qs2KXE3,2009,2009-09-09,metal,0.9979955862809907,0.35115748288229537,0.3106329642782536,0.0020847565103171407,0.0
War Eternal,Arch Enemy,10s,0WZZENH0kt3O2cBE8q5IRq,2014,2014-06-10,metal,0.9819602765289167,0.4196283012716009,0.2667641529141424,2.0994051574944933e-05,0.1644803229061554
Raise Your Horns,Amon Amarth,10s,5gNyrx8elXaXXs3vFC1ufZ,2016,2016-03-25,metal,0.8777307631404352,0.4359308770785784,0.4902861917693754,6.517091763413083e-05,0.805247225025227
19,Dan Whitlam,20s,7uCtddSloI5jRSUWUdbEyY,2024,2024-11-13,hip-hop,0.6311878757022964,0.7315509183784371,0.45999582201796524,0.504014276517322,5.5701311806256305e-05
Non Stop Action,"Ki!, Al Agami",20s,3Ta3MCtEXbXFUTwOs4tI5y,2024,2024-11-08,hip-hop,0.8707153151239029,0.29464188675144004,0.44641738040526424,0.08343043124020899,0.000562058526740666
Keep It Alive,"Alias Molombo, Skee",20s,49xjPtr0qFNGgAFdOvqeUh,2024,2024-11-08,hip-hop,0.7905387663635325,0.7435061406368874,0.6615834551911427,0.1234908165984253,0.0
LAST NIGHT WAS LOVELY,STRIPE,20s,60W7UB7K2muBkq8qlomkFq,2024,2024-11-14,hip-hop,0.8015630418180835,0.7902401912835562,0.7357426363066639,0.4578293710918095,0.00023208879919273462
Words of Wisdom,Aastn,20s,3tJNlqotp1HpaDDtboxoFs,2024,2024-11-01,hip-hop,0.6722783569419862,0.660906423214868,0.45268435345728014,0.3594354421418045,0.0
breathe,Earl Hondo,20s,1rRwEeIXxEPnmOGUXoqcXC,2024,2024-11-13,hip-hop,0.6762871843800048,0.6587327464406043,0.509087110925423,0.26304955255812623,0.0
2 BOLD,Jomega,20s,0UAKNfIiKuDbMwNr9vojxb,2024,2024-11-01,hip-hop,0.6502298060328844,0.8717530703184436,0.6720284102778359,0.08704490209959694,0.00013118062563067606
Worldwide,"MC Random, Mista Ed",20s,0ahgiRIQe7gFf7XfEenSwY,2024,2024-10-04,hip-hop,0.7113644244626668,0.8228453428975111,0.6104031752663464,0.02579970142663466,0.00013319878910191725
GOSSIP,Killloane,20s,6opHWDru6Yf9ddi7OsCcjt,2024,2024-11-01,hip-hop,0.6702739432229771,0.9587001412889903,0.5842907875496135,0.04005678092755375,2.0181634712411707e-05
Talk Show,Humble Francis,20s,16ao5yZuNEPSetxzwQM4Ne,2024,2024-11-08,hip-hop,0.367607471652579,0.9369633735463537,0.5038646333820764,0.0910609808322502,0.6821392532795157
Hoopty,The ART MuZeum,20s,2UsdXWoJI0dDlMAtxeBBg7,2024,2024-06-18,hip-hop,0.7113644244626668,0.6000434735354853,0.5456444537288491,0.4588333907749728,0.0
Caesar,Inventor Ace,20s,1uwZAnifkJA63F8Gca6T2U,2024,2024-10-11,hip-hop,0.6642607020659492,0.9434844038691448,0.6177146438270316,0.025398093553369333,0.0003380423814328961
Back in 09,Voodoo Benji,20s,1O1VyrlKPdDp9K2oXXfmZC,2024,2024-11-07,hip-hop,0.6512320128923891,0.8728399087055755,0.9613536661792353,0.6044162448336535,0.0
Don't You Cry,ROC,20s,3nVEQbxiAOLTKQIcEvPqRY,2024,2024-11-08,hip-hop,0.7223886999172177,0.4446255841756331,0.816168790474201,0.351403284676498,0.0
NEW CHOP,Malone the Chemist,20s,2fnLDFHDunnBmFlgt8nVsz,2024,2024-11-08,hip-hop,0.7444372508263195,0.5783067057928486,0.5989137246709839,0.023189250250410038,3.1786074672048435e-06
BIG DEAL,Pink Jagg,20s,6rY95249WCGIi3uR2wy2dS,2024,2024-08-30,hip-hop,0.5961106356196344,0.8217585045103792,0.5602673908502193,0.4397570167948698,0.06458123107971746
"Wifey, Shordy, Bae",G DUBS,20s,4VWuPlrOBX9Od2ssCBMe6L,2024,2024-11-07,hip-hop,0.6402077374378381,0.5478752309531573,0.5205765615207855,0.08172359777883136,0.0
I Can See Clearly Now,Jimmy Cliff,90s,2RcbRwAFUxaiO3rszuEqsz,1995,1995-08-10,reggae,0.6191613933882408,0.8163243125747203,0.8088573219135159,0.013952269165307535,0.00025630676084762864
Here I Come,Barrington Levy,10s,4abVwdCy5QUcyI3KS2lMJK,2012,2012-12-14,reggae,0.6642607020659492,0.5728725138571894,0.692918320451222,0.1616435645586313,0.0
Revolution,Dennis Brown,90s,14uaxEtvwwTR2WnnvAfaj9,1996,1996-01-01,reggae,0.45880829586750027,0.7554613628953375,0.746187591393357,0.15762748582597805,5.913218970736629e-06
True To Myself,Ziggy Marley,00s,0sgx4UjoIrLB8rFURf3tIr,2007,2007-12-28,reggae,0.5540179475204401,0.8934898380610804,0.8412366826822645,0.07529787180658613,0.0
Badfish,Sublime,90s,4paJ10JPNCyOaLtz2cY928,1991,1991-01-01,reggae,0.5490069132229168,0.8065427670905337,0.6239816168790474,0.08573967651148462,0.00023410696266397578
Stone Love,Pepper,00s,1AO26gK1sI6PoFY9eUF8yV,2002,2002-03-26,reggae,0.47885243305759284,0.8456689490272796,0.8151242949655317,0.05732591947796278,0.0013017154389505549
All My Loving,Prince Buster,10s,5zKlKlmfKl5xnALE2ZskEB,2016,2016-04-01,reggae,0.43976636553691234,0.7739376154765787,0.9007729266764153,0.977911566970407,0.00045610494450050454
If I Ruled the World (Imagine That) (feat. Lauryn Hill),"Nas, Ms. Lauryn Hill",90s,5PQmSHzWnlgG4EBuIqjac2,1996,1996-07-02,hip-hop,0.5650422229749908,0.8913161612868167,0.5153540839774389,0.047586928551278614,9.515640766902118e-06
93 'Til Infinity,Souls Of Mischief,90s,0PV1TFUMTBrDETzW6KQulB,1993,1993-02-13,hip-hop,0.6732805638014909,0.5772198674057167,0.6876958429078754,0.12549885596475194,1.0494450050454088e-06
Ms. Fat Booty,Mos Def,90s,0IVAlb0cFCH1cQ974iR1TU,1999,1999-10-12,hip-hop,0.5900973944626066,0.7858928377350288,0.8767495299770212,0.1485913086775082,0.0
Intergalactic - Remastered 2009,Beastie Boys,90s,5fpizYGbi5IQoEraj6FP0R,1998,1998-07-14,hip-hop,0.8657042808263796,0.7337245951527008,0.45999582201796524,0.022084828598930392,9.939455095862766e-06
Keep Their Heads Ringin',Dr. Dre,90s,1rylJ0VXvhOzLGNm401iaI,1995,1995-03-07,hip-hop,0.7384240096692918,0.6652537767633954,0.17484854815124293,0.03393226086025752,0.003471241170534813
Big Pimpin',"JAY-Z, UGK",90s,7m97yKVzPpXV9Z4ezEziOD,1999,1999-12-28,hip-hop,0.8155939378511482,0.8924029996739485,0.9529977021098809,0.16867170234077453,0.006781029263370333
I'll Be Missing You (feat. Faith Evans & 112) - 2014 Remaster,"Diddy, 112, Faith Evans",90s,1yy2DlSDtEt90d54rPDPXz,1997,1997-01-01,hip-hop,0.6201636002477455,0.8413215954787523,0.9101733862544391,0.11144258040046551,2.1493440968718465e-05
Jump,Kris Kross,90s,27AHAtAirQapVldIm4c9ZX,1992,1992-03-17,hip-hop,0.7464416645453288,0.7500271709596783,0.47148527261332773,0.0004994094306022649,0.0040665993945509585
Electric Relaxation,A Tribe Called Quest,90s,0eEXcw3JLVXcRxYrVYMy68,1999,1999-10-26,hip-hop,0.5349760171898521,0.8771872622541028,0.8475036557342803,0.18473601727138755,0.2684157416750757
Tha Crossroads,Bone Thugs-N-Harmony,90s,5KSJ9k1FYjFLnIRlJT2wF8,1995,1995-07-25,hip-hop,0.5099208457022363,0.67394848386045,0.5268435345728014,0.08594048044811728,0.0
Full Clip,Gang Starr,90s,30oTS7bm0aH3p7lqjEIu8q,1999,1999-07-13,hip-hop,0.7464416645453288,0.8869688077382893,0.752454564445373,0.022787642377144715,2.4217961654894044e-06
Who Shot Ya? - 2005 Remaster,The Notorious B.I.G.,90s,2KFg8kjYy0rYjWsXGhEQHN,1994,1994-09-13,hip-hop,0.6833026323965372,0.8391479187044886,0.5957802381449759,0.25702543445914633,0.0
This D.J.,"Warren G, O.G.L.B.",90s,2ImuQo1g14CTR9hZAZD3aQ,1994,1994-06-07,hip-hop,0.44377519297493084,0.8098032822519292,0.5748903279715897,0.0313218096840329,0.022704339051463168
Twinz (feat. Fat Joe),"Big Pun, Fat Joe",90s,0B8drtTSp68pZdkmVrG9ZA,1998,1998-04-28,hip-hop,0.7644813880164122,0.6250407564395175,0.5111761019427616,0.32128269418159855,3.43087790110999e-06
Protect Ya Neck,Wu-Tang Clan,90s,1Sgj10byiGzPpI2IrXSFEn,1993,1993-11-09,hip-hop,0.5099208457022363,0.8293663732203022,0.8287027365782327,0.03543829038500249,7.3259334006054495e-06
I Get Around,"2Pac, Digital Underground",90s,4voEoczU7Ijborps9XF1n3,1993,1993-02-16,hip-hop,0.41671560776830585,0.8554504945114662,0.642782536035095,0.15662346614281472,9.424823410696267e-06
Got Your Money (feat. Kelis),"Ol' Dirty Bastard, Kelis",90s,6YYd5MLpu45J0uLrMdivF7,1999,1999-01-01,hip-hop,0.4598105027270049,0.9510922725790676,0.6970963024858993,0.051803811220564544,0.0
Hard Knock Life (Ghetto Anthem),JAY-Z,90s,5Tl0HJvynZtKdSUMKbFVVX,1998,1998-11-29,hip-hop,0.6802960118180233,0.8967503532224759,0.5863797785669521,0.09608107924806678,0.002108980827447023
Nas Is Like,Nas,90s,3gY6tiCNsuVi6s8kPV6aQg,1999,1999-04-06,hip-hop,0.8466623504957917,0.6250407564395175,0.9394192604971799,0.006040594061980605,5.338042381432896e-06
What You Want (feat. Total),"Mase, Total",90s,6hxn98poTu1O4YZfafvC18,1997,1997-01-01,hip-hop,0.7213864930577131,0.8467557874144115,0.8516816377689576,0.0313218096840329,1.1200807265388498e-05
"Burning Heart - From ""Rocky IV"" Soundtrack",Survivor,90s,2VN7uPrbryJ7nE2MXX3f9a,1993,1993-01-01,rock,0.6101415316526992,0.6446038474078905,0.6438270315437644,0.2991942611520056,8.869828456104946e-06
Oh qu'elle est belle,"Jul, DYSTINCT",20s,7wwQoJtPLBVeMIZlW11cp6,2024,2024-01-19,hip-hop,0.5019031908261993,0.6087381806325399,0.6198036348443702,0.6646574258234526,0.0008153380423814329
Faut pas,"PLK, Jul",20s,2cqtTAnI9E7buORFB9q4ts,2024,2024-02-01,hip-hop,0.6692717363634724,0.8206716661232475,0.7169417171506163,0.024896083711787677,0.0
Ailleurs,Josman,20s,7ujxY1bqVRvMe1sR5iFmxt,2023,2023-10-28,hip-hop,0.5941062219006251,0.7380719487012282,0.46730729057865045,0.3584314224586412,0.0
barcelona92,"Green Montana, SDM",20s,0ex0EZnrO2mMPIkYp3ewZX,2024,2024-04-04,hip-hop,0.5309671897518335,0.7261167264427779,0.4328389387925632,0.43574093806221653,0.0003955600403632694
Step,T-Koor,20s,2cBCseNc96alP1hVEstZvf,2024,2024-08-07,hip-hop,0.7233909067767224,0.628301271600913,0.3764361813244203,0.12650287564791524,0.0
Sensations,Jul,20s,2cwZ9X7gkT2GVsZ3acLRUo,2023,2023-12-08,hip-hop,0.5610333955369724,0.9010977067710032,0.866304574890328,0.47690574507191247,2.260343087790111e-06
NOTRE DAME,"Gazo, Tiakola",20s,5RJcEoBhxDo8QgmKfr3JG8,2023,2023-12-01,hip-hop,0.6692717363634724,0.5935224432126943,0.5613118863588886,0.2038123912514906,0.0
CARTIER,"Gazo, Tiakola",20s,7AUMxm5ArZPHojwDbdi8Vi,2023,2023-12-01,hip-hop,0.6792938049585187,0.7348114335398327,0.7085857530812617,0.5773077133882439,4.006054490413724e-05
LOCO,"GIMS, Lossa",20s,36sechlCLEmV6QHNt8ryrF,2024,2024-01-25,hip-hop,0.66225628834694,0.7793718074122379,0.9749321077919365,0.48292986317089237,6.760847628657922e-06
777,RST,20s,4FIEXqpBbhCZ09ozCB3WqU,2024,2024-09-13,hip-hop,0.4086979528922688,0.7804586457993696,0.3304783789429705,0.052908232872044186,0.011402623612512612
Merco Benz,Key Largo,20s,48qDY5Dl2EOKogGOAPLtuL,2020,2020-07-09,hip-hop,0.40468912545425034,0.9358765351592219,0.5153540839774389,0.23292896206322675,7.911200807265389e-06
Aller sans retour,"Zola, Koba LaD",20s,4RTtj1vGu82hjp3cDtiqOj,2023,2023-12-08,hip-hop,0.7243931136362269,0.5652646451472666,0.6198036348443702,0.26405357224128956,1.6851664984863773e-05
J'fais plaisir à la zone,"Jul, SDM",20s,64nnRXRBDbgDCVILmMqSeK,2023,2023-12-07,hip-hop,0.7314085616527594,0.7848059993478971,0.575934823480259,0.018671161676175115,0.0
ON DÉGAINE,Guy2Bezbar,20s,53rGZ9nMZsUa55XYkdIjGJ,2023,2023-11-17,hip-hop,0.7925431800825418,0.8098032822519292,0.40986003760183826,0.21485660776628704,0.0
Amer,"Le U, Akim Beats",20s,6SIt9WSH4cQGxeotAnIDBj,2024,2024-07-25,hip-hop,0.5650422229749908,0.8130637974133247,0.5905577606016295,0.13353101343005847,0.0
Chaque matin,"Key Largo, LEDG",10s,22RouMg8y4SBF8SSFp1hYV,2018,2018-01-24,hip-hop,0.5319693966113381,0.9402238887077492,0.5247545435554628,0.1425671905785283,0.0
LOYAL,La Fève,20s,5W9JWRvM5nTLCz8Z9aW2NS,2023,2023-11-23,hip-hop,0.5009009839666947,0.6293881099880448,0.3200334238562774,0.4799178041214024,2.1796165489404642e-06
intensément,AMO,20s,324a3OezCidLllriMfMKDu,2024,2024-10-04,hip-hop,0.5730598778510279,0.5641778067601347,0.3116774597869229,0.3303188713300684,6.972754793138244e-05
Les Flammes,Josman,20s,4i6CKsl0vgzFF97h5nzpS3,2023,2023-10-28,hip-hop,0.5850863601650834,0.8000217367677427,0.6856068518905369,0.23995709984536992,0.0
HELLO (feat. JEY BROWNIE & Josman),"Guy2Bezbar, JEY BROWNIE, Josman",20s,4TOYNpOzNJIwpvjwqysA9m,2023,2023-11-17,hip-hop,0.6772893912395095,0.7750244538637105,0.44850637142260286,0.2590334738254729,2.129162462159435e-06
VIBES,Favé,20s,6Xp82kv8pd7GVvpjYdgMdx,2023,2023-10-13,hip-hop,0.7013423558676204,0.882621454189762,0.5362439941508252,0.0793139505392394,4.248234106962664e-05
Magot,"Werenoi, SCH",20s,3lplytmhfrA7rHrIDeBx9E,2023,2023-09-21,hip-hop,0.7484460782643381,0.5163569177263341,0.5153540839774389,0.23192494238006342,0.0
Gaza,"Un jour de paix, PNL",20s,2e6LkWTmEDqlUmODfIpZsb,2023,2023-12-09,hip-hop,0.8186005584296621,0.4891859580480382,0.11426780864842281,0.3644555405576211,0.23511604439959638
Hot Mess,aespa,20s,1SaLI6o5GhfcaxPVAJoD3r,2024,2024-07-03,k-pop,0.6031260836361668,0.706553635474405,0.8506371422602883,0.12047875754893535,6.357214934409687e-05
Boom Boom Bass,RIIZE,20s,6Ixrp3yXfzv5brZXmZuXXN,2024,2024-06-17,k-pop,0.7604725605783936,0.817411150961852,0.8360142051389179,0.019775583327654764,9.323915237134207e-06
Cosmic,Red Velvet,20s,3pDGJRDN3p6kCNZcD97FYY,2024,2024-06-24,k-pop,0.5690510504130094,0.7185088577328551,0.6312930854397326,0.03242623133551255,0.0
Give Me That - Korean Version,WayV,20s,4Ta60nUTt3W1JU0AxctPyG,2024,2024-06-03,k-pop,0.8807373837189492,0.5293989783719161,0.5957802381449759,0.029715378190971593,0.0
KING KONG,TREASURE,20s,0gZenxCArrqlFm4lLXevTq,2024,2024-05-28,k-pop,0.8326314544627269,0.7674165851537876,0.7817004386881137,0.024092867965257024,0.0
Siren,RIIZE,20s,0ECkPMDQlTtL373y7BByup,2024,2024-06-17,k-pop,0.829624833884213,0.8130637974133247,0.6709839147691665,0.0010104554493323929,7.98183652875883e-06
NANA,Yung Caza,20s,18Crh1Nd55lRX4MVoJegO1,2024,2024-11-08,latin,0.6943269078510881,0.5587436148244755,0.8433256736996031,0.6114443826157967,0.004278506559031282
felices los 3,Auggie Velarde,20s,3DxGCIEyDKX0WcZrljujz0,2024,2024-10-08,latin,0.6361989099998197,0.8065427670905337,0.2678086484228117,0.2831299462213925,0.0004934409687184662
No es Cierto - Versión Acústica,caoba,20s,2wwDs8GGN8jdb45Qw0RGFk,2024,2024-07-05,latin,0.26838899256162074,0.43375720030431475,0.3189889283476081,0.80923626019897,0.0
Loto,"Sunny Laurent, 93bustdown, Scottie",20s,3bpTGBkcnAsWkPQ9sULQIb,2024,2024-04-04,latin,0.41070236661127807,0.6945984132159547,0.16649258408188844,0.022285632535563055,0.0
¿Puedo parar un instante?,Afroboy,20s,3ThzhYcCMxj0Zs6e4iaBVl,2023,2023-12-01,latin,0.5389848446278706,0.42723616998152375,0.3012325047002298,0.36345152087445776,0.010595358224016147
NO HAGO MUSIC PA PEGARME,Chill Vif,20s,3fI6MhwyjBENpDkjfuctZU,2023,2023-06-02,latin,0.3385434727269448,0.6489512009564179,0.48088573219135156,0.5732916346555907,0.0
Gracias por Todo,RAFIK,20s,08LQUEIr3H2IE8pmRDz9Y3,2024,2024-08-16,latin,0.5910996013221113,0.7109009890229323,0.4850637142260288,0.6064242841999802,5.5196770938446015e-05
5 Senti 2,Cupido,10s,2ZdhQh3f6vbofunkey8HlA,2019,2019-02-14,latin,0.5019031908261993,0.6782958374089774,0.21349488197200753,0.7630513547734574,6.892028254288597e-06
U Know,Cupido,10s,39Ds12O7TtdKYw4610wNSk,2019,2019-02-14,latin,0.5720576709915233,0.6956852516030866,0.3659912262377272,0.2791138674887393,0.0
No Sabes Mentir,Cupido,10s,4B1HM5y11fFdxnWH01nUCN,2019,2019-02-14,latin,0.8777307631404352,0.7880665145092925,0.509087110925423,0.03212502543056355,0.02330978809283552
Autoestima,Cupido,10s,09wL8ap99BLKM7BtMlol2y,2019,2019-02-14,latin,0.45379726156997713,0.7945875448320835,0.5863797785669521,0.7881518468525404,0.0
Be Honest,"Denilson, WMC",20s,7HlX46jXCR6ydeOppJPeUU,2021,2021-06-04,latin,0.5289627760328243,0.8511031409629388,0.46626279506998114,0.15762748582597805,0.003491422805247225
Me Gusta,Gretch'N,20s,6wWGi3Jy1VYx7rE3yvrLca,2023,2023-11-03,latin,0.829624833884213,0.7511140093468102,0.9195738458324629,0.3835319145377241,0.0
High,FL,20s,16LTMFgZ6Z43Ht0W1F4fwZ,2024,2024-08-23,latin,0.5219473280162918,0.8837082925768939,0.7378316273240025,0.38654397358721404,0.007124117053481332
Dame,Felix Rovitto,20s,6oguvzEqRENyqIWDZPEVdY,2024,2024-04-19,latin,0.7835233183470001,0.6945984132159547,0.8892834760810528,0.19477621410302073,0.004712411705348133
Both Ways,WMC,20s,0cVblLzgMfLJwvyMLfb3qB,2022,2022-07-15,latin,0.4497884341319586,0.660906423214868,0.372258199289743,0.408632406616807,0.04359233097880929
Te Quiodio,Pol Granch,10s,70VMbawI1hLFXejOo5eG5w,2019,2019-08-23,latin,0.5470024995039077,0.4652755135311379,0.4349279298099018,0.1345350331132218,0.0
22:23,Don Patricio,10s,3PtT7oWa1bKzIEkZY2tGvR,2019,2019-12-23,latin,0.8226093858676806,0.7750244538637105,0.5435554627115105,0.036141104163216815,0.0002330978809283552
Ya No Te Hago Falta,Sen Senra,10s,4RIi1gNmKDzSH04Vvws2DK,2019,2019-11-29,latin,0.3114838875203198,0.5446147157917619,0.4411949028619177,0.9377507796438744,6.074672048435923e-05
Por Ti,"Lucía Fernanda, Rocco S",20s,1vJg0bCR0zESD3fgUcKnwb,2020,2020-03-27,latin,0.5359782240493567,0.7619823932181286,0.492375182786714,0.6526091896254927,1.029263370332997e-05
Ojos de Serpiente,DORA,20s,4SutBECg5t8YqY1hz8SbwX,2020,2020-03-06,latin,0.27239781999963925,0.5848277361156397,0.32525590139962396,0.7098383115658017,0.0
Dolores,Choclock,10s,1S9p6tw40qw45jm7IyZtp1,2019,2019-11-29,latin,0.4157134009088012,0.8445821106401478,0.10591184457906831,0.05772752735122811,0.0005277497477295661
llueve,"Natalia Lacunza, mori",20s,5NliUthcviXaUsZ2YELGq1,2020,2020-03-12,latin,0.41370898718979193,0.4359308770785784,0.10277835805306038,0.7791156697040705,1.8163471241170533e-06
untitled2,mori,10s,2uFLVa1exzgGdupAT1k6Wm,2019,2019-06-09,latin,0.1461197557020559,0.693511574828823,0.4203049926885314,0.9608432323566306,0.003562058526740666
todo lo que hago cuando no estás,mori,20s,2BMPfM4z28eGKOKy6HBisG,2020,2020-03-06,latin,0.33754126586744015,0.6630800999891316,0.2792980990181742,0.8242965554464197,0.012008072653884965
licor y hielos,Kiddie Gang,20s,0u6a2q1zX7TWezsP83Um09,2020,2020-02-12,latin,0.5850863601650834,0.6685142919247908,0.07144349279298098,0.3644555405576211,0.23107971745711403
309,Nsqk,20s,0q37bjxhRwzjtZynlU9ZsI,2020,2020-01-31,latin,0.3084772669418059,0.33376806868818604,0.07342803425945268,0.24798925731067648,2.2502522704339053e-05
En Verano,Gabriela Richardson,10s,0lYfYKlHsMSBgtKUiOwGdd,2019,2019-07-26,latin,0.7384240096692918,0.6011303119226171,0.5247545435554628,0.7660634138229474,0.02462159434914228
Cacería,Yarea,20s,0kZKpOLObAOKeIM36VvScx,2020,2020-04-03,latin,0.5860885670245881,0.778284969025106,0.4349279298099018,0.5110424142994652,0.30978809283551967
vanish,"$kyhook, mori",20s,6mXwMQgK5G2AVtjoIZnS79,2020,2020-04-24,latin,0.3505699550410003,0.4315835235300511,0.21245038646333822,0.6676694848729425,0.02421796165489405
I Had a Dream,LANE,20s,6XPldQYNwSYMtIH3ydxw3h,2020,2020-02-21,latin,0.6562430471899122,0.6869905445060319,0.1644035930645498,0.34035906816170153,3.864783047426842e-06
Por Si Apareces,Alice Wonder,20s,2Fqbq7cwUiGWIPqIQfiYt2,2020,2020-04-24,latin,0.4086979528922688,0.457667644821215,0.4641738040526425,0.6506011502591661,0.0
Barcelona,"Pajaro Sunrise, Yuri Méndez",20s,4ksOH8hJAZJpqWzOJJ5fCV,2020,2020-04-24,latin,0.3044684395037874,0.9021845451581351,0.615625652809693,0.7168664493479449,0.32694248234106965
Nunca Estoy,C. Tangana,20s,6f4LYJwICqxoAILj82kwB0,2020,2020-04-23,latin,0.3776295402476253,0.9326160199978264,0.3847921453937748,0.47590172538874914,0.0037033299697275483
Your Face,"Evol December, Duccbod",10s,4VKnxrhjNUyQJK99BoWPvW,2018,2018-12-20,latin,0.6572452540494168,0.5380936854689707,0.4265719657405473,0.7690754728724374,0.0
Ojitos de Md,Axel Fiks,20s,0Pkc9prDMNlz3WhP9MkwMx,2020,2020-02-14,latin,0.3575854030575327,0.7663297467666559,0.5456444537288491,0.6506011502591661,0.0
Dos X Tres (Demo),"Sebastián Cortés, Roy Borland",10s,5uOdakRKQbRu6HJnorQ5on,2019,2019-09-23,latin,0.3124860943798244,0.647864362569286,0.4432838938792563,0.542167024477528,0.3077699293642785
La Playa,Myke Towers,10s,0jeS8PyyIRAG0A3t5DtL71,2019,2019-04-09,latin,0.6843048392560418,0.8011085751548745,0.3377898475036557,0.10843052135097556,0.0
5AM,Volver,20s,3hbQZgr6kAH6zo8pqOivwT,2020,2020-02-28,latin,0.5399870514873752,0.6945984132159547,0.19156047628995196,0.41566054439895017,2.6337033299697278e-05
Estoy que muerdo,Santi Pidal,20s,2uobgdXNLVHOjPWc7VA61I,2020,2020-01-27,latin,0.6662651157849585,0.8554504945114662,0.562356381867558,0.12047875754893535,0.0006710393541876892
No Sentir Nada,Marem Ladson,20s,5yO08ego5Exs0acRhxs6tn,2020,2020-02-28,latin,0.5680488435535047,0.6261275948266494,0.4276164612492166,0.7590352760408042,0.015438950554994954
Lejos de Mi,FLORIAN,20s,5cQYgeDRWXclW31bJ3yRTp,2020,2020-04-10,latin,0.2573647171070698,0.6598195848277362,0.32107791936494673,0.2299169030137368,0.0002653884964682139
Girasoles De Van Gogh,Cometta,20s,0yD7X7Tc6erimyCZ02QUrI,2020,2020-05-07,latin,0.483863467355116,0.6554722312792088,0.48297472320869017,0.23594102111271667,0.002260343087790111
Como habla una mujer (feat. C. Tangana),"Paula Cendejas, C. Tangana",20s,1pJeLDLduCZS4hLuc1JByJ,2020,2020-06-18,latin,0.767488008594926,0.660906423214868,0.4871527052433674,0.39056005231986735,2.8758829465186682e-05
Antes de Morirme (Remix),GA,10s,0SGDbXGQzimQmqyT4uud7T,2019,2019-04-17,latin,0.7765078703304678,0.6532985545049452,0.35763526216837266,0.055117076175003485,0.0005055499495459132
no estás,daniel sabater,20s,7itgLKp7i4CmGi0FglXcbP,2020,2020-08-07,latin,0.33052581785090773,0.8717530703184436,0.5769793189889283,0.6034122251504902,0.00015842583249243189
Mal,"SAG, Lvtin Mvfia",20s,17w5Qhze4YpP0WWDegsdDt,2020,2020-06-05,latin,0.7073555970246482,0.6826431909575047,0.7608105285147274,0.022988446313777375,0.17356205852674064
Borracho,Sebastián Cortés,20s,6D4d7V82Y86m3PJw7vUJVF,2020,2020-05-15,latin,0.5490069132229168,0.8489294641886751,0.6521829956131189,0.10742650166781224,0.0
Chiquillo,OjosPielCanela,10s,0wYzaN0CvLp6VOJU3eD3Ed,2019,2019-11-28,latin,0.41370898718979193,0.7000326051516139,0.4913306872780447,0.6034122251504902,0.013420787083753783
Trihte,Kimberley Tell,20s,6LDb3XvUAm1m5r9NjTlTWI,2020,2020-01-20,latin,0.4387641586774077,0.8076296054776656,0.24378525172341758,0.31525857608261865,0.014429868819374369
Aguaceros,Vale,10s,3l5ajytlWxPY6Ans3h5jnY,2019,2019-12-22,latin,0.4497884341319586,0.6000434735354853,0.40150407353248374,0.2931701430530257,0.0005660948536831483
Barcelona,Frank Yates,10s,4PJqXBjm7fDMLZbaTAA75g,2019,2019-08-02,latin,0.3195015423963568,0.38593631127051403,0.3628577397117192,0.44276907584435976,0.0
cómo quieres que me enfade,"daniel sabater, ROJAZ",20s,1JoZpWoOpDZWCbfhVgjRiC,2020,2020-04-16,latin,0.3295236109914031,0.5837408977285078,0.2657196574054731,0.5793157527545706,0.0
Sueño (con Pablo Alborán),"Beret, Pablo Alborán",10s,71M1szVbVYZM5M6QlIm6aC,2019,2019-10-25,latin,0.6141503590907177,0.660906423214868,0.5331105076248173,0.37349171770609096,0.0
Islas Desiertas,Casero,20s,5b19IPegprOMgLPDtC1Cyf,2020,2020-03-19,latin,0.3044684395037874,0.5837408977285078,0.02632128681846668,0.00907273350513382,0.2391523713420787
Ya,"Flavio, daniel sabater",20s,3WcZfSkqdtVbNYVw9IwAAT,2020,2020-10-30,latin,0.600119463057653,0.5272253015976525,0.6542719866304575,0.5672675165566108,1.24117053481332e-05
Nada Y Nadie,Sen Senra,20s,5jpYOzDqu7xv75FHk0KIw2,2020,2020-05-06,latin,0.18219920264422257,0.7130746657971959,0.3795696678504282,0.732930764278558,5.973763874873865e-05
Me mata,Beret,10s,4nkqwaMRa1mLvTaOSyYkx2,2019,2019-10-25,latin,0.8476645573552963,0.732637756765569,0.9728431167745979,0.31023847766680207,0.0
Todo me sabe a poco,Alizzz,20s,7Kzn9GAvx70B8AupNR3JTz,2020,2020-09-16,latin,0.5550201543799447,0.7826323225736334,0.3837476498851055,0.34939524531017135,0.11503531786074672
Oh Keira,Miren,10s,5Mi624HZtHnUUsz3JbM4FO,2019,2019-08-21,latin,0.2633779582640976,0.5576567764373438,0.2709421349488197,0.885541756119382,0.00019071644803229064
Todo contigo,Yoly Saa,10s,6syVXJ8MF5axHLZ6A1TGMn,2019,2019-11-22,latin,0.507916431983227,0.8619715248342571,0.48924169626070607,0.35441534372598793,5.03531786074672e-06
Mi Condena,"Vic Mirallas, MARO",20s,0UGxC1uqeDHBmAU4Pvd8xi,2020,2020-06-19,latin,0.6221680139667548,0.8424084338658842,0.7242531857113015,0.33533896974588495,0.0006922300706357215
3weeks,mori,20s,2OJTsDhNJsDGUmVvdc56Im,2020,2020-06-05,latin,0.3285214041318985,0.628301271600913,0.17798203467725088,0.793171945268357,4.833501513622603e-05
Daiwal,"Marc Seguí, Xavibo",20s,1P3S2GX1Q9sWKAgZMsSrvP,2020,2020-05-29,latin,0.47684801933858356,0.8076296054776656,0.6417380405264258,0.2931701430530257,0.0
This City Remix (con Camilo),"Sam Fischer, Camilo",20s,0NjK0U6gTKcl6pMjqUwmGe,2020,2020-05-28,latin,0.31649492181784294,0.4685360286925334,0.5696678504282431,0.7680714531892741,0.0
Al Margen de Ojalá,Andrés Iwasaki,20s,5cBArlwbcWbtM1bojUohLx,2020,2020-03-13,latin,0.41771781462781044,0.5989566351483535,0.2302068101107165,0.34939524531017135,0.12815338042381433
corazón mármol,Alice Wonder,20s,2Y6tzqIUm0CQ9Tb63bMPFg,2020,2020-05-29,latin,0.49588994966917155,0.46201499836974236,0.33570085648631703,0.5752996740219174,0.0
No Te Debí Besar,"C. Tangana, Paloma Mami",10s,1KdwnsWOvhM53vezy5ROuf,2019,2019-09-12,latin,0.6853070461155465,0.6663406151505272,0.6166701483183622,0.12549885596475194,0.026337033299697277
Ritmo Desconocido,"Dan García, Sergio Mayer Mori",10s,2DrPg3ZrR2t634g3c8jdFC,2019,2019-08-30,latin,0.6452187717353612,0.6967720899902184,0.27825360350950484,0.23192494238006342,0.012512613521695257
Culpable,DEVA,20s,6wNjRwGU8auA5WkeNtUONI,2020,2020-11-13,latin,0.7785122840494769,0.5793935441799805,0.08293294338834342,0.008711286419195026,2.0988900100908175e-06
Dimelo,Sofi de la Torre,10s,01gltC5OR4isA1lsAg6z6Z,2019,2019-10-18,latin,0.4598105027270049,0.7358982719269644,0.44850637142260286,0.6656614455066159,0.0
a otro lado,Natalia Lacunza,20s,2oVYnyDY1NA9SmJrxXhyWd,2020,2020-03-12,latin,0.3004596120657688,0.7413324638626236,0.41508251514518485,0.4648575088739527,0.0
Comerte Entera,"C. Tangana, Toquinho",20s,6OqGa8qpssC8tkbaeAUe10,2021,2021-01-14,latin,0.39967809115672714,0.8065427670905337,0.34405682055567155,0.5311228079627315,1.513622603430878e-06
La Luna,Kora,20s,3acgh01QCvLcLaXnIL3vyf,2021,2021-01-14,latin,0.4086979528922688,0.8663188783827845,0.5351994986421559,0.8775095986540755,0.07658930373360241
Mañana,"Xadi, Nina Cobham",20s,6Rzk7iqpQRMZALiC9yr9Zr,2020,2020-10-29,latin,0.4517928478509679,0.6098250190196718,0.2960100271568832,0.8905618545351985,0.0
La Luz - A COLORS SHOW,María José Llergo,20s,5jRnVQbjB6qgN3MARS4xw7,2020,2020-11-16,latin,0.3575854030575327,0.7206825345071188,0.6386045540004178,0.8172684176642765,0.15640766902119072
Verdadero,Marc Seguí,20s,6KppZWZukkqGotkYiUgH3B,2021,2021-01-26,latin,0.45680388214849105,0.7348114335398327,0.4432838938792563,0.44176505616119643,0.0
Mp3,Mario Puglia,20s,0PWLHDSK39Kh8Adc83Ltw6,2020,2020-06-26,latin,0.705351183305639,0.6043908270840126,0.47461875913933566,0.4066243672504804,4.177598385469223e-05
Párteme La Cara,"C. Tangana, Ed Maverick",20s,5gEUDNQvoQjdjklrwPdGwD,2021,2021-02-26,latin,0.2964507846277503,0.7630692316052603,0.5738458324629204,0.5532112409923244,0.000496468213925328
menta,"daniel sabater, KICKBOMBO",20s,3rtixWnBuPwiCOzpl5TyXM,2021,2021-03-05,latin,0.5650422229749908,0.7250298880556462,0.5111761019427616,0.4809218238045657,0.0
Ebai,Marc Seguí,20s,7jD3EH2CJXgMvbBzHPVkxf,2021,2021-03-05,latin,0.5580267749584585,0.6989457667644821,0.6187591393357009,0.13252699374689514,0.00040161453077699295
Don't Wanna Lie,LANE,20s,6bW0YFLe6RFscsRP7jgqB7,2020,2020-07-09,latin,0.48286126049561134,0.43375720030431475,0.10277835805306038,0.26304955255812623,0.005751765893037337
EGO,Bad Milk,20s,354pCNhr685jh0QEaGTAHH,2021,2021-01-28,latin,0.39967809115672714,0.8413215954787523,0.7921453937748069,0.8242965554464197,0.0
Arizona,"Lojay, Olamide",20s,3SA6Rfor4ghxWbyxxdpV3c,2023,2023-11-24,arabic,0.6833026323965372,0.8782741006412347,0.46521829956131183,0.11144258040046551,2.4924318869828457e-06
Born Fi Dis,Balloranking,20s,4jL2U9V8qa4aQH4IHQ6hTv,2023,2023-11-20,arabic,0.32050374925586145,0.7152483425714596,0.7200752036766241,0.5763036937050806,0.0
Sakara,Zinoleesky,20s,27ljhWE3Or1KGydIHcMiiH,2023,2023-12-15,arabic,0.6311878757022964,0.719595696119987,0.8245247545435554,0.20481641093465386,0.014429868819374369
Canada - Remix,"Magnito, Olamide, Wizzy Flon",20s,0EqCLk5naTfUvWnGBbCXcI,2023,2023-10-11,arabic,0.8707153151239029,0.8597978480599935,0.8548151242949655,0.48794996158670895,0.00032996972754793135
Sunny Ade,Zinoleesky,20s,2JtrWZrpNkbSEzG5m9phAV,2024,2024-01-05,arabic,0.7745034566114585,0.8587110096728616,0.1487361604345101,0.18875209600404083,0.00013521695257315844
My Brother,Bella Shmurda,20s,2bKcKMDU9JHtLJ8xeHR46X,2023,2023-10-06,arabic,0.4157134009088012,0.5359200086947071,0.6511385001044496,0.8032121420999901,8.213925327951565e-06
Disconnect,Young Jonn,20s,26ie1qNqSkk62pgFBvOpKc,2023,2023-11-17,arabic,0.7003401490081158,0.758721878056733,0.4840192187173595,0.04798853642454395,2.3814328960645813e-06
Account Balance,"Mohbad, Zlatan",20s,5C6r3u5SjqyBcE4ex7WqrS,2023,2023-06-30,arabic,0.7704946291734399,0.8739267470927073,0.8715270524336746,0.561243398457631,0.0
Shazam,Seyi Vibez,20s,78tFy3vJclsTgNS0AXqgWp,2023,2023-12-08,arabic,0.6111437385122038,0.44027823062710575,0.869438061416336,0.41566054439895017,0.00016548940464177598
Id.Me,Rybeena,20s,4rPaeHBlWY8MIruSNe5yZl,2023,2023-10-13,arabic,0.6211658071072501,0.5924356048255625,0.5748903279715897,0.6355408550117163,4.91422805247225e-05
Never Ever,Shallipopi,20s,3sil7Oby0Ig9BeY70nKmZv,2023,2023-11-10,arabic,0.5389848446278706,0.7261167264427779,0.35659076665970335,0.4799178041214024,3.289606458123108e-06
Man of The Year,Seyi Vibez,20s,6OhEAnxF6FzPoUU3KxH44F,2023,2023-06-23,arabic,0.6111437385122038,0.6630800999891316,0.4035930645498224,0.23694504079587997,0.0
Lowkey!,Mayorkun,20s,5GEJ9JlbSlPleQU3yb2P5y,2023,2023-10-12,arabic,0.7845255252065048,0.7337245951527008,0.6312930854397326,0.11545865913311877,4.9949545913218967e-05
Popo,Zerrydl,20s,6bBQmflDHD8a35PeZjw44J,2023,2023-12-15,arabic,0.6863092529750511,0.7141615041843278,0.7952788803008147,0.313250536716292,0.0
10 Bottles,Zlatan,20s,2OES8BEd3LwImek13bYb1p,2023,2023-11-23,arabic,0.8657042808263796,0.7174220193457232,0.7984123668268227,0.23393298174639005,0.009081735620585266
NO SLEEP $$$ (feat. Young Jonn),"Blaqbonez, Young Jonn",20s,7ydy7ryXw7XM5QtE3bNYaW,2023,2023-10-27,arabic,0.7835233183470001,0.5152700793392022,0.7002297890119072,0.4337328986958899,0.0
Sabi,Mohbad,20s,3IJdiBkuHpr2IJm8EksMba,2023,2023-06-30,arabic,0.5419914652063845,0.7739376154765787,0.40254856904115305,0.7128503706152917,0.0005015136226034309
Go Hard,Young Jonn,20s,2GWkO5XkrxGJJWrKxLLRjA,2023,2023-11-17,arabic,0.7955498006610556,0.8206716661232475,0.6469605180697724,0.24096111952853325,1.5640766902119072e-06
Different Pattern,Seyi Vibez,20s,7FB5261Iv3MRbSz13HYP5l,2023,2023-12-08,arabic,0.8005608349585789,0.6869905445060319,0.9843325673699603,0.5783117330714073,0.0
Blessing,Mohbad,20s,0aJa1qkgXRI4CrrRsTekTG,2023,2023-06-30,arabic,0.5730598778510279,0.7435061406368874,0.15604762899519528,0.17168376139026448,0.011099899091826437
Karma,Seyi Vibez,20s,4kdLYxqvPduwC5oAdXhMLh,2023,2023-06-23,arabic,0.5860885670245881,0.4598413215954787,0.5163985794861082,0.36043946182496783,0.0
Beast & Peace,Mohbad,20s,2NFBDZFK95swjezcgK6cfu,2023,2023-06-30,arabic,0.6582474609089215,0.5815672209542441,0.4411949028619177,0.5532112409923244,0.0031987891019172555
PARIWO,"Mohbad, Bella Shmurda",20s,35UGCXaOBmhBUmKK81NQBH,2023,2023-06-30,arabic,0.8506711779338102,0.5630909683730029,0.6782953833298517,0.3072264186173121,0.005660948536831484
DND,Bella Shmurda,20s,24RnCHp1JaRJAANJXAZCPu,2023,2023-07-07,arabic,0.7534571125618612,0.5054885338550158,0.8109463129308545,0.33533896974588495,0.00491422805247225
Hat-trick,Seyi Vibez,20s,6kq3Twa8T9Rf9nxpf111hx,2023,2023-06-08,arabic,0.6151525659502224,0.6239539180523856,0.6636724462084813,0.4859419222203823,0.0
Dejavu,Seyi Vibez,20s,4o9Byedt716sEyVFu1cQjZ,2023,2023-06-08,arabic,0.5470024995039077,0.7206825345071188,0.7179862126592855,0.29819024146884227,0.0
Wet on Me,"Shallipopi, Zerrydl",20s,1V0fn2z6DXgpCAeyC0qd9k,2023,2023-11-10,arabic,0.6762871843800048,0.9782632322573633,0.6271151034050554,0.035940300226584156,0.0
NDI IKE,"Falz, Flavour, ODUMODUBLVCK",20s,0YGSh7YrEtSQ6z4icTszc1,2023,2023-08-09,arabic,0.802565248677588,0.7358982719269644,0.6856068518905369,0.17871189917240765,6.902119071644803e-06
Cana,Seyi Vibez,20s,652eb66Jp9rLJ3erEwaCio,2023,2023-12-08,arabic,0.7153732519006852,0.5283121399847843,0.8213912680175475,0.28614200527088246,0.0003743693239152372
Shkran Lak,BhadBoi OML,20s,1LI2n5x6htKLCAzc6lCN8k,2023,2023-08-31,arabic,0.5650422229749908,0.6706879686990546,0.28347608105285144,0.24698523762751315,0.0012916246215943492
Today,Seyi Vibez,20s,1jYIMLLTKnecfOgccQnaHb,2023,2023-12-08,arabic,0.6742827706609955,0.752200847733942,0.06371422602882808,0.024092867965257024,5.539858728557013e-05
La Pio Pio,Mohbad,20s,6nK5Zt2RI6xqEaU8CgMojZ,2023,2023-06-30,arabic,0.6863092529750511,0.889142484512553,0.7503655734280342,0.3594354421418045,0.0012613521695257316
BAD TILL ETERNITY (feat. Zlatan),"Blaqbonez, Zlatan",20s,6vGIf9ajywvcQzIdQVGnwG,2023,2023-10-27,arabic,0.5850863601650834,0.621780241278122,0.7670775015667433,0.2801178871719026,0.0
Hushpuppi,Seyi Vibez,20s,4VanaQ2X3B4k3WBSFkgWca,2023,2023-06-23,arabic,0.8045696623965973,0.5848277361156397,0.5143095884687696,0.5291147685964048,0.0
Realize,"Balloranking, Seyi Vibez",20s,37xumKXReRyER0jlfM3iVL,2022,2022-12-08,arabic,0.4908789153716484,0.6565590696663407,0.5769793189889283,0.61244840229896,1.5338042381432898e-06
Suddenly (feat. Young Jonn),"Seyi Vibez, Young Jonn",20s,1JmuRVKRhEg27KYXWR5o0y,2023,2023-06-08,arabic,0.7143710450411807,0.5652646451472666,0.6803843743471903,0.3072264186173121,3.340060544904137e-05
Apala Interlude,Seyi Vibez,20s,6p7wYE8Dn8qR4ZWbi0glTK,2023,2023-12-08,arabic,0.7564637331403751,0.6054776654711445,0.9300188009191561,0.22489680459792022,9.253279515640767e-06
Street Jam,Olamide,20s,2ciHkdcs9fuSaMn5NhvUNA,2023,2023-08-08,arabic,0.8125873172726343,0.7532876861210738,0.5571339043242114,0.370479658656601,0.0
Oganigwe,"Zlatan, ODUMODUBLVCK, Jeriq",20s,7DRGQ7JVWzXxHbPXOU172t,2023,2023-04-28,arabic,0.7364195959502825,0.4750570590153244,0.6396490495090872,0.704818213149985,0.0001220988900100908
+234,Seyi Vibez,20s,4jcMUbPIu4CAfTwNJw4HGZ,2022,2022-11-02,arabic,0.6923224941320788,0.7119878274100642,0.6835178608731983,0.348391225627008,1.432896064581231e-05
M.A.D (feat. MohBad),"Zoro Swagbag, Mohbad",20s,40q38o0RyEBtbidicwvfhm,2023,2023-10-27,arabic,0.8105829035536252,0.8837082925768939,0.8287027365782327,0.5341348670122215,5.8123107971745706e-05
A1 (Feeling Disorder),Zinoleesky,20s,5lsnlGFJTOytJFgJH5tuMu,2023,2023-06-04,arabic,0.7755056634709631,0.6717748070861863,0.7587215374973888,0.45381329235915624,0.0
Mukulu,"Olamide, Rema",20s,5kYxdQaX15bCWOltfEUmvM,2023,2023-08-08,arabic,0.7664858017354214,0.6250407564395175,0.4213494881972007,0.637548894378043,0.0
Kun Faya Kun (Be and it is),Seyi Vibez,20s,7qaEB6ReLMRHQjfXnjzRZ6,2022,2022-12-09,arabic,0.8827417974379584,0.7348114335398327,0.7085857530812617,0.4176685837652768,3.7537840565085774e-05
What's Up My G,Asake,20s,2LjZYCOYldHWhzQ1G5XJ81,2023,2023-06-15,arabic,0.6823004255370326,0.7445929790240191,0.7576770419887194,0.33935504847853826,0.0
Sharpally,Young Jonn,20s,19IAoqAkRQ5tC1U0p7SWpZ,2023,2023-07-21,arabic,0.7033467695866297,0.7043799587001413,0.6020472111969919,0.6576292880413093,0.0
For the Gods,Seyi Vibez,20s,25nJlTvkgFCFIzV3rhumZ9,2023,2023-06-08,arabic,0.6853070461155465,0.752200847733942,0.5602673908502193,0.3835319145377241,0.0
I Believe,Asake,20s,4PKxskDMb62jvG5Li46vkH,2023,2023-06-15,arabic,0.7073555970246482,0.5576567764373438,0.13411322331313977,0.03804874156122712,0.01231079717457114
Try,T.I BLAZE,20s,2P8GdpevIzNxDQWRtGgmYq,2022,2022-02-16,arabic,0.597112842479139,0.5739593522443213,0.8078128264048465,0.7238945871300881,0.23107971745711403
Backside,Mohbad,20s,4NG1th0egF9bbKOGUKvca7,2021,2021-12-10,arabic,0.7073555970246482,0.8098032822519292,0.5634008773762272,0.1345350331132218,0.000663975782038345
Sweet Tea (Aduke),Bnxn,20s,7eo9YPXQqZjB1DxYAnvHqy,2023,2023-10-04,arabic,0.4968921565286762,0.6837300293446364,0.41090453311050756,0.07108098913730021,0.2936427850655903
NO MORE CONDITION,"Rexxie, Zinoleesky",20s,3IuQSKeEESohwnwwgPeDCF,2023,2023-03-09,arabic,0.7394262165287964,0.8380610803173568,0.35136828911635676,0.12650287564791524,0.00011301715438950555
Ara (Gen Gen Tin),Bella Shmurda,20s,1j9I9JrUTXNblSWazCq9CU,2023,2023-03-10,arabic,0.6843048392560418,0.8141506358004565,0.7712554836014206,0.2961822021025156,0.011200807265388498
Ask About Me,Mohbad,20s,4bE2eWDiGBzRgfTl5IPBW4,2023,2023-06-30,arabic,0.6933247009915834,0.7380719487012282,0.8401921871735951,0.11947473786577203,0.009445005045408678
Ebelebe (feat. Wizkid),"Wande Coal, Wizkid",20s,2mwNqgMNrguu5Xlns3kqeg,2023,2023-05-17,arabic,0.8747241425619213,0.7641560699923922,0.442239398370587,0.024594877806838684,0.0
New Born Fela,Bella Shmurda,20s,3Zlc8GxhUIJdARBKUHoubG,2022,2022-10-26,arabic,0.5610333955369724,0.8065427670905337,0.45372884896594945,0.3192746548152719,0.0
For Daddy,Mayorkun,20s,3AqnDZV9TZJU6SfuXK90iT,2023,2023-04-27,arabic,0.8145917309916435,0.7380719487012282,0.746187591393357,0.42469672154742005,0.003077699293642785
PRAY,Bnxn,20s,731NDNG7VQOA2KBnS43jqr,2023,2023-10-04,arabic,0.5951084287601298,0.7858928377350288,0.6803843743471903,0.15762748582597805,0.4843592330978809
Shina Peters,"Reminisce, Mohbad",20s,5J15zGhzVH8axqej2mLn5t,2023,2023-10-27,arabic,0.6231702208262594,0.5696119986957939,0.6438270315437644,0.4176685837652768,4.016145307769929e-05
Last Time,"Zinoleesky, Omah Lay",20s,14nSbMQqRo1BxshIjprVDO,2022,2022-12-23,arabic,0.6452187717353612,0.7815454841865015,0.45999582201796524,0.06274762576704469,0.00011604439959636731
Currency,"Young Jonn, Olamide",20s,59VpttBOjuFDpOOdqeTDiI,2023,2023-02-08,arabic,0.6953291147105927,0.7750244538637105,0.5216210570294547,0.5642554575071209,0.014833501513622603
Feeling Funny,"Lil Kesh, Young Jonn",20s,73MwJHhrrDbOlzWTCziVJr,2023,2023-07-06,arabic,0.8165961447106528,0.8489294641886751,0.6500940045957803,0.28614200527088246,0.0033299697275479315
Traboski,Bnxn,20s,2woGTVY8Vx46aYuXfMmwwE,2022,2022-11-24,arabic,0.557024568098954,0.8032822519291382,0.9101733862544391,0.3654595602407844,8.385469223007065e-06
Popori,"T.I BLAZE, Balloranking",20s,4LN4wqCdEA9eiwMcsTTObG,2023,2023-08-04,arabic,0.6141503590907177,0.8521899793500707,0.39210361395446,0.5291147685964048,1.0696266397578204e-05
Remember,Asake,20s,0Q1bMs3xLQiDEeaneehdxv,2023,2023-06-15,arabic,0.6762871843800048,0.7565482012824694,0.7869229162314603,0.5140544733489552,1.4228052472250254e-06
Right Energy,Bnxn,20s,5wpcDwftRL2zbwPvA2Tp6F,2023,2023-10-04,arabic,0.7203842861982084,0.8967503532224759,0.36494673072905787,0.18875209600404083,0.0005782038345105954
Great Guy,Asake,20s,16aRxdbEl0smktrm0hK0eX,2023,2023-06-15,arabic,0.6552408403304075,0.7837191609607652,0.26258617087946523,0.27007769034026946,2.0988900100908175e-06
Do I,Phyno,20s,3sKWRWuDKm0NODw7kB8xUD,2023,2023-08-31,arabic,0.7855277320660093,0.8684925551570482,0.729475663254648,0.7941759649515203,0.00014228052472250254
Call of Duty,Zinoleesky,20s,5q56SF85lKZBWF597tOcX2,2022,2022-12-23,arabic,0.8416513161982686,0.9065318987066624,0.8172132859828704,0.1616435645586313,1.5842583249243188e-06
Billion Bucks,Balloranking,20s,00it9oh1VE9eerx6gkUqFQ,2023,2023-09-08,arabic,0.5710554641320187,0.8804477774154983,0.45686233549195737,0.36144348150813116,0.006770938446014127
Kilometer,Bnxn,20s,6bZ9RWQGYr7XKQhxs9XT6a,2021,2021-10-27,arabic,0.8546800053718288,0.9010977067710032,0.6250261123877168,0.351403284676498,0.02462159434914228
Rocking,Zinoleesky,20s,1uHBrLxqREA0hbNA8yc58K,2022,2022-12-23,arabic,0.7424328371073102,0.9315291816106945,0.9007729266764153,0.00669320685603676,3.087790110998991e-06
For Days,Bnxn,20s,7sSpKoxxtecQry1wxVmpIz,2022,2022-03-30,arabic,0.616154772809727,0.8130637974133247,0.7378316273240025,0.24598121794434982,0.004974772956609486
Bad Since '97,Bnxn,20s,5t5oLw5209yleTnJSqM097,2022,2022-08-24,arabic,0.8286226270247083,0.7674165851537876,0.6574054731564655,0.217868666815777,0.0
Come Alive,"Olamide, Bnxn",20s,7j2XUgQz7PLCUPzUStwOJf,2023,2023-08-08,arabic,0.5710554641320187,0.5109227257906749,0.7357426363066639,0.348391225627008,7.39656912209889e-06
Mogbe,Asake,20s,3YPtN5X0HxIzeRCHxfoXTy,2023,2023-06-15,arabic,0.7795144909089816,0.8587110096728616,0.7106747440986003,0.40260828851782715,0.00016145307769929366
NSV,"Bella Shmurda, Tiwa Savage",20s,7sIUw9iU1eVB0qq3wFrwBb,2023,2023-05-12,arabic,0.6321900825618011,0.8597978480599935,0.8495926467516189,0.49397407968568885,4.318869828456105e-06
Many Things,Zinoleesky,20s,7rIHP8C7oHYONnJpLjVnAc,2023,2023-04-21,arabic,0.6552408403304075,0.5674383219215302,0.6866513473992063,0.3463831862606814,2.0181634712411707e-05
Personal,Zinoleesky,20s,4iL7caaYvGopP9d6hdlMAi,2022,2022-12-23,arabic,0.5429936720658891,0.7358982719269644,0.7691664925840819,0.45381329235915624,0.0
Many Roads,"Zinoleesky, Ayra Starr",20s,4KHSKFMQr0PGkWIzIueg8v,2022,2022-12-23,arabic,0.6572452540494168,0.6978589283773503,0.6114476707750157,0.17871189917240765,1.5842583249243188e-06
Body,Naira Marley,20s,1Ut1vSnb0hM58jFbPVhZaC,2023,2023-05-10,arabic,0.7344151822312732,0.9239213129007717,0.6511385001044496,0.15963552519230467,0.10898082744702321
Gbese,"Majeeed, Tiwa Savage",20s,1Qb4AOYjKD8w7BGSxVYuO7,2023,2023-09-06,arabic,0.6572452540494168,0.7685034235409195,0.6344265719657406,0.04507687934337033,0.0
Yan Yan Yan,Zinoleesky,20s,0CLcMRrX7bhICfmxhuKNam,2022,2022-12-23,arabic,0.7123666313221714,0.7761112922508423,0.692918320451222,0.03292824117709421,0.002573158425832493
Odinaka,Zinoleesky,20s,5M451NFsHwBrVwu3OEzueh,2022,2022-12-23,arabic,0.6572452540494168,0.6130855341810673,0.46521829956131183,0.5552192803586511,0.0016649848637739658
Modupe,"Bnxn, Olamide",20s,36K05kVkROaAvURHCGJyYb,2022,2022-08-24,arabic,0.5590289818179632,0.6652537767633954,0.8025903488614999,0.5682715362397741,0.0
Don Perignon,"Balloranking, Shallipopi",20s,0A8ljJ6GHdW7NG0FiOLWPS,2023,2023-11-19,arabic,0.5219473280162918,0.8750135854798392,0.3628577397117192,0.14658326931118154,0.0
7AM in Lekki,BhadBoi OML,20s,6iaJo4mAS7qmob0xtJ17sQ,2023,2023-08-31,arabic,0.5830819464460743,0.7109009890229323,0.46939628159598906,0.26304955255812623,3.5015136226034314e-05
Enough,BhadBoi OML,20s,0W0Fx4N2tsxQqZUWdnQxdv,2023,2023-08-31,arabic,0.7123666313221714,0.7315509183784371,0.34823480259034884,0.12047875754893535,0.002401614530776993
Party Don't Stop,Bnxn,20s,3e9ZwwMZACRvj2cOXuOOyP,2023,2023-10-04,arabic,0.597112842479139,0.7011194435387458,0.34510131606434086,0.5532112409923244,0.00450050454086781
On The Road (feat. Meek Mill & Lil Baby),"Post Malone, Meek Mill, Lil Baby",10s,12Fkyg9lpmaz2zmKOfw2Y2,2019,2019-09-06,arabic,0.7384240096692918,0.41528094772307356,0.19887194485063714,0.05923355687597308,0.0
Trap [Feat. Lil Baby],"SAINt JHN, Lil Baby",10s,46KjZQkVOB5rvzSCGKJrIO,2019,2019-08-22,arabic,0.8416513161982686,0.7956743832192154,0.3377898475036557,0.08423364698673964,0.0
Gbona,"Meeza, Zinoleesky",20s,42TG6DA1g7djgzBfOH6FqM,2023,2023-06-02,arabic,0.875726349421426,0.8728399087055755,0.49759766033006053,0.11445463944995546,0.02875882946518668
Vanessa,"Albertmp3, Jusjay, Zinoleesky",10s,6XJ0DN6mD0bocCMe6yIL09,2019,2019-06-28,arabic,0.8386446956197546,0.5304858167590479,0.9352412784625027,0.3433711272111915,3.077699293642785e-05
Jaiye Foreign,"Tiwa Savage, Zinoleesky",20s,3iRKwxW8ZDjmL9nKk3nisz,2022,2022-08-10,arabic,0.8175983515701575,0.8271926964460384,0.8683935659076666,0.021683220725665066,7.880928355196771e-05
Like Dat,"Lil Frosh, Zinoleesky",20s,48GKLh6nZzWSYZnkptPPQd,2022,2022-02-01,arabic,0.8777307631404352,0.9597869796761221,0.7514100689367036,0.09577987334311779,0.012815338042381432
Cityboiz,"Feranbanks, Zinoleesky",20s,3Ltm40eaHRss4nAg9EeAwV,2023,2023-02-17,arabic,0.7875321457850186,0.8663188783827845,0.980154585335283,0.07148259701056553,1.291624621594349e-05
o'dun,"Naira Marley, Zinoleesky",20s,5e6Em24aptMFZaDCsvBJpu,2022,2022-05-30,arabic,0.8316292476032222,0.7880665145092925,0.8757050344683518,0.29116210368669904,0.15338042381432895
Romeo Must Die (RMD),"Ruger, Bnxn",20s,10TygH7MoyZQFRMPDE2N6Z,2024,2024-02-29,arabic,0.6592496677684261,0.8348005651559612,0.5445999582201797,0.30019828083516886,7.063572149344096e-05
The Life I Chose,Adekunle Gold,20s,48kCxQOtSAeyB3YucB8Ccs,2024,2024-02-21,arabic,0.7875321457850186,0.6804695141832411,0.7754334656360978,0.726906646179578,0.0
Only Me,Asake,20s,0GeZh7YiQRqYwHS2IdEskL,2024,2024-01-12,arabic,0.7123666313221714,0.8206716661232475,0.8099018174221851,0.4979901584183421,3.1079717457114027e-06
JELO,"Pheelz, Young Jonn",20s,2p2IUL7Wn1W4bSCxrYSFEh,2023,2023-08-31,arabic,0.6762871843800048,0.7337245951527008,0.7576770419887194,0.0055385842203989465,0.0
Realize (feat. taves),"Bnxn, taves",20s,5odFUgF0MS8DAnvlJpYdUd,2023,2023-10-04,arabic,0.5770687052890464,0.5772198674057167,0.6939628159598913,0.46686554824027937,0.0
My Life,Bnxn,20s,44EoPxCHwUXdGLrmVg8yqa,2023,2023-10-04,arabic,0.6782915980990141,0.43484403869144655,0.29392103613954457,0.20883248966730714,0.0035418768920282544
Pop Sermon,"Dope Caesar, FAVE, Ajebo Hustlers",20s,3jGkAgjo3IwwcCsuUptm0W,2023,2023-10-04,arabic,0.6502298060328844,0.6750353222475819,0.6887403384165448,0.05762712538291178,0.0
Lever,"Vusic, Zinoleesky",20s,1evISIAjBrtmaYRrYYflES,2024,2024-02-29,arabic,0.41170457347078265,0.6174328877295946,0.7336536452893253,0.5190745717647717,0.0
Big Big Things (feat. Kizz Daniel & Seyi Vibez),"Young Jonn, Kizz Daniel, Seyi Vibez",20s,7MaM9JVq1UXAGZQ4JFNXMg,2024,2024-02-23,arabic,0.6873114598345558,0.4707097054667971,0.3785251723417589,0.28112190685506594,0.0
turned your back,Gunna,20s,7Aq3pnhSzI8FnHt7T6TPsX,2023,2023-06-16,arabic,0.6502298060328844,0.5000543419193566,0.5341550031334866,0.48794996158670895,0.0
Do I - Remix,"Phyno, Burna Boy",20s,7yKjDDd9w01nFEOD5adoHq,2023,2023-12-19,arabic,0.8266182133056991,0.856537332898598,0.7273866722373094,0.7429709611101911,0.00017658930373360242
Back On,"Quality Control, Lil Baby",10s,5WptmsWwi6FEsTNxN1gUh1,2019,2019-08-16,arabic,0.7554615262808705,0.5109227257906749,0.19051598078128265,0.012948249482144219,0.0
Detox,Lil Baby,20s,7fSM2taFBEB1WNZl8AOIoo,2022,2022-09-02,arabic,0.5039076045452086,0.8543636561243343,0.4035930645498224,0.027104927014746972,0.0
Death Ain't Easy,Lil Durk,20s,4d6NmHDQ64zEbzSAnr844z,2020,2020-12-24,arabic,0.5480047063634123,0.7674165851537876,0.5237100480467934,0.042667232103778374,0.0
Mukulu,Bnxn,20s,7f3xivnGz4HU0UigVxvlEe,2023,2023-10-04,arabic,0.43074650380137064,0.850016302575807,0.6688949237518279,0.7008021344173319,0.0007184661957618567
Efejoku,Lil Kesh,10s,0hRH2wkhem4ayDNR4dpsOb,2015,2015-07-28,arabic,0.961916139338824,0.6239539180523856,0.8485481512429497,0.5100383946163018,1.4127144298688192e-06
Backdoor,Lil Durk,20s,0UnVRlnakHYqA4bCRua63X,2021,2021-01-29,arabic,0.5520135338014308,0.7109009890229323,0.21662836849801542,0.10742650166781224,3.6932391523713424e-06
Rebellious,Lil Durk,10s,0KclzJGZgosZbTCDx5sANn,2019,2019-08-02,arabic,0.7845255252065048,0.5663514835343985,0.5936912471276373,0.02680372110979798,0.0
HIGHEST IN THE ROOM (feat. ROSALÍA & Lil Baby) - REMIX,"Travis Scott, ROSALÍA, Lil Baby",10s,7h0d2h0fUmzbs7zeFigJPn,2019,2019-12-27,arabic,0.49188112223115305,0.54352787740463,0.08815542093168999,0.05692431160469746,0.0
Basquiat,Asake,20s,2H0w7oYDjUvgsFlNQ5swIg,2023,2023-06-15,arabic,0.7684902154544306,0.8326268883816976,0.8642155838729894,0.5491951622596712,4.641775983854693e-06
Metro,"Hotkeed, Yo X",20s,3ncCdwV4rnFY9YNzsh4KGo,2023,2023-12-30,arabic,0.918821244380125,0.8815346158026302,0.7900564027574682,0.10341042293515898,0.0029162462159434918
New Religion,"Olamide, Asake",20s,0U6EtYtNKv8t3o9cjniLn2,2023,2023-08-08,arabic,0.4016825048757364,0.8521899793500707,0.9018174221850846,0.2951781824193523,1.0191725529767912e-05
Mamba (With Bella Shmurda & Seyi Vibez),"larrylanes, Bella Shmurda, Seyi Vibez",20s,2dyny0cqxTu0hEVLBUMyV2,2024,2024-02-08,arabic,0.7654835948759168,0.6467775241821542,0.8934614581157301,0.15762748582597805,0.0
Pidgin & English,Bnxn,20s,4jcrO2T6XJ1B7hXsAEJ3ve,2023,2023-10-04,arabic,0.5009009839666947,0.5543962612759482,0.09233340296636723,0.18373199758822426,0.0
My Friend,Bella Shmurda,20s,4lkScrQ9Hy3384o8aFFxS7,2022,2022-01-27,arabic,0.8165961447106528,0.6304749483751767,0.6187591393357009,0.18975611568720416,0.0
Happiness (feat. Asake & Gunna),"Sarz, Asake, Gunna",20s,6rOqLUy3kp0PVQQEtNPpbQ,2023,2023-12-07,arabic,0.7454394576858242,0.8119769590261929,0.7681219970754126,0.1877480763208775,0.3985872855701312
Twe Twe,Kizz Daniel,20s,02qAdqcn1HGt3RMWMTDkSe,2023,2023-12-11,arabic,0.8396469024792593,0.48049125095098355,0.8349697096302485,0.5351388866953848,6.357214934409687e-06
Wahala,Naira Marley,20s,1O1xBIB1utaWzFsvMG2B9w,2023,2023-12-29,arabic,0.7434350439668149,0.9587001412889903,0.41299352412784623,0.01174342586234824,0.0022906155398587287
Majo,"Dj 4kerty, Bella Shmurda",20s,1KGfaZEtWCSFujgbANw7NO,2021,2021-03-26,arabic,0.8356380750412408,0.5109227257906749,0.6897848339252141,0.10341042293515898,0.0
IDK (feat. Zlatan),"Wizkid, Zlatan",20s,5KV5UXd1uNZZafWTudrVft,2023,2023-12-21,arabic,0.7484460782643381,0.5706988370829258,0.8025903488614999,0.1054184623014856,0.0013118062563067608
Ololufe (feat. Wande Coal),"Wizkid, Wande Coal",20s,0x3sDnom0itB72oEVrRE7v,2023,2023-12-21,arabic,0.8326314544627269,0.850016302575807,0.5790683100062669,0.08674369619464795,0.0013824419778002018
Diamonds,Wizkid,20s,0UEct6UTSjqEex8AHOUf5z,2023,2023-12-21,arabic,0.7895365595040279,0.7608955548309967,0.7451430958846877,0.04869135020275827,3.7033299697275476e-05
Energy,Wizkid,20s,6GxsePQAbaPlzWefozE62n,2023,2023-12-21,arabic,0.5690510504130094,0.7500271709596783,0.5634008773762272,0.5481911425765079,0.0011503531786074672
Bad To Me,Wizkid,20s,2HYcI74UpbMMxLZ1m7Xnfn,2022,2022-11-11,arabic,0.8155939378511482,0.86957939354418,0.9195738458324629,0.064052851355157,0.011402623612512612
Many Ways (feat. Wizkid),"Bnxn, Wizkid",20s,0lWW0X74IvjNlgY5glykvY,2022,2022-08-24,arabic,0.526958362313815,0.7761112922508423,0.8182577814915395,0.5813237921208972,0.0029969727547931382
Loju (feat. Wizkid),"SPINALL, Wizkid",20s,4U3RTbBmft10cAQqMYw7At,2023,2023-06-30,arabic,0.7795144909089816,0.5652646451472666,0.9268853143931481,0.05240622303046254,0.020686175580222
7 DAYS,Ayo Maff,20s,4G5IYu1QYKo7DeSecKtNXA,2024,2024-01-26,arabic,0.38163836768564385,0.7413324638626236,0.6218926258617088,0.6425689927938596,0.0
STREET ANTHEM,Ayo Maff,20s,5naA4orxOXq250NoTEoNg6,2024,2024-01-26,arabic,0.5389848446278706,0.8413215954787523,0.09337789847503655,0.4738936860224225,0.00028456104944500507
Egwu,"Chike, Mohbad",20s,1IMRi5UVOV77PsAgdWDvzh,2023,2023-12-15,arabic,0.7233909067767224,0.8902293228996848,0.5644453728848966,0.36746759960711106,0.0031382441977800203
Husk,Men I Trust,20s,0iMSUfh4oQplV5OrmrlIbm,2024,2024-09-10,pop,0.6963313215700973,0.7261167264427779,0.6709839147691665,0.408632406616807,0.9656912209889
Sexy to Someone,Clairo,20s,2Nq4SFbvYYZa8AF7lD7CWU,2024,2024-05-23,pop,0.546000292644403,0.7141615041843278,0.8255692500522247,0.33935504847853826,0.003471241170534813
I Said What I Said,The Softies,20s,2etUjNggUGmR9rbD91qvzP,2024,2024-08-23,pop,0.23932499363598644,0.40875991740028256,0.16127010653854187,0.9939758819010202,0.06770938446014128
magic 8 ball,"Cavetown, Frankie Cosmos",20s,0c2p1YJtbjydKF2dbGAuyk,2024,2024-10-10,pop,0.45379726156997713,0.5837408977285078,0.32734489241696263,0.8483930278423393,2.1796165489404642e-06
What’s This About (La La La La),Kate Bollinger,20s,5JHKt7k6aKdfRs2flAT4je,2024,2024-07-30,pop,0.6792938049585187,0.6837300293446364,0.8099018174221851,0.1746958204397544,0.013420787083753783
time waits,Glitter Party,20s,4wkwlPgwsQPr1Gcl2IB1Zz,2023,2023-04-30,pop,0.7634791811569075,0.4880991196609064,0.5080426154167537,0.0013217015511130207,0.5963673057517659
Skin,Dijon,10s,467t3218y3yihFcyDGWjr0,2018,2018-04-19,pop,0.6171569796692317,0.6685142919247908,0.5445999582201797,0.5140544733489552,2.119071644803229e-06
magic,strongboi,20s,0O4SLaYDqG9rQSJV8P34jS,2024,2024-04-12,pop,0.4467818135534447,0.6369959786979676,0.5707123459369124,0.4809218238045657,0.00013319878910191725
Tired Boy,Sunday (1994),20s,1eaRpdsgUxH5AY0W9W3Mcc,2024,2024-02-23,pop,0.5069142251237224,0.3870231496576459,0.27825360350950484,0.13353101343005847,0.00025731584258324925
dirty dancer,Orion Sun,20s,1ciQU7ZQGHq129m3njp9en,2022,2022-02-08,pop,0.5259561554543104,0.6989457667644821,0.5069981199080844,0.3775077964387442,0.06730575176589303
apart of me,Takayoshi,20s,6Qvwt9H76n1FfWyw5aT6JJ,2023,2023-01-06,pop,0.7634791811569075,0.6630800999891316,0.8840609985377063,0.06656290056306528,0.8496468213925328
The Dress,Dijon,20s,0YMe6PHRbeDcN7KJdCG0bW,2021,2021-11-05,pop,0.5319693966113381,0.7478534941854147,0.7890119072487989,0.2670656312907795,1.8163471241170533e-06
Morning Sex,Ralph Castelli,10s,2fGRJzoiYJYAzlQAyBONMb,2019,2019-06-07,pop,0.35357657561951417,0.8163243125747203,0.7326091497806559,0.04748652658296229,0.00010494450050454086
bad,wave to earth,20s,5TZKpQFKCbIlWGD8DzHbC6,2023,2023-04-20,pop,0.5520135338014308,0.5467883925660255,0.372258199289743,0.707830272199475,0.11402623612512613
Room For You,"grentperez, Lyn Lapid",20s,7G2om18d9kfV3aNtNfQkzA,2024,2024-07-26,pop,0.394667056859204,0.7608955548309967,0.492375182786714,0.8463849884760126,0.0016952573158425834
Care For You,The Marías,20s,2CBtdZVcpSwaxOcLUi1AGo,2020,2020-10-16,pop,0.41370898718979193,0.8913161612868167,0.8767495299770212,0.8192764570306031,0.22300706357214936
Radio,Freak Slug,20s,1gyIYA98zceKTnjISviYRz,2020,2020-09-15,pop,0.5289627760328243,0.6891642212802956,0.5926467516189681,0.7018061541004952,0.8536831483350151
Golden Light,STRFKR,10s,1rPYEWQfIRo5A4fvLgFbBe,2013,2013-02-19,pop,0.6702739432229771,0.5587436148244755,0.13515771882180908,0.523090650497425,0.8133198789101918
Heaven,Clairo,10s,4XYo3W8U6IY42EbB01rnR4,2018,2018-09-07,pop,0.26237575140459296,0.732637756765569,0.4328389387925632,0.22489680459792022,4.833501513622603e-06
Call Me Up,daydreamers,20s,1E9T8kPAQV2zMSf0hz3K6A,2024,2024-04-04,pop,0.7113644244626668,0.719595696119987,0.6835178608731983,0.34437514689435483,0.045408678102926335
Cool with You,Her's,10s,5wv2XK6ms7KBBVDD1cOwlx,2017,2017-05-12,pop,0.6211658071072501,0.5163569177263341,0.5404219761855025,0.012446239640562561,0.0007426841574167507
Frankenstein,Claire Rosinkranz,20s,1xSmjB0t19q4CSJ0X0ymGB,2021,2021-05-14,pop,0.7464416645453288,0.8337137267688295,0.8913724670983915,0.1305189543805685,1.3319878910191726e-05
Bedroom,Litany,10s,2x1Up4aNJ9mpmiPFJ83MX3,2017,2017-06-07,pop,0.45479946842948177,0.6967720899902184,0.6166701483183622,0.037345927783012794,0.0
Flook,Hector Gachan,10s,4uJygJrv9ZRqkxfDijPxod,2017,2017-12-01,pop,0.5089186388427317,0.6978589283773503,0.188426989763944,0.7349388036448846,0.8032290615539859
Creep,Radiohead,90s,6b2oQwSGFkzsMtQruIWm2p,1993,1993-02-22,rock,0.43074650380137064,0.49570698837082927,0.07771046584499686,0.010237396337603268,0.00014228052472250254
Zombie,The Cranberries,20s,68HyvTUsmlpH1UJo9tn5v3,2021,2021-05-25,rock,0.7394262165287964,0.20986849255515702,0.23647378316273238,0.014554680975205524,0.0005015136226034309
Back for More,Hurricane on Saturn,20s,5JFZ9Dn9Br9d0C3BEaO75L,2023,2023-02-24,rock,0.7434350439668149,0.67394848386045,0.5456444537288491,0.036141104163216815,0.0
Smells Like Teen Spirit - Remastered 2021,Nirvana,90s,4TMhakloPMPS84lNHNTSa3,1991,2021-11-12,rock,0.9198234512396297,0.46744919030540155,0.6908293294338834,3.183746415310874e-05,7.709384460141271e-05
Bitter Sweet Symphony,The Verve,90s,3Z9PJ6xiEGmcqo2hESEB5n,1997,1997-09-29,rock,0.9128080032230973,0.3294207151396587,0.48924169626070607,0.03373145692362486,0.0
Here Without You,3 Doors Down,00s,5IXk34xSm6rxNgXkCveC3r,2002,2002-01-01,rock,0.546000292644403,0.5402673622432345,0.17067056611656567,0.063751645450208,0.0
Monsters,"Hurricane on Saturn, Deuce",20s,0YiqstoUoXgePF6Oi7ySra,2022,2022-08-15,rock,0.8957704866115186,0.5565699380502119,0.4411949028619177,0.04427366359683968,6.2058526740666e-06
The Reason,Hoobastank,00s,6Gn02ZC8juXwQ10Xk7ACXx,2003,2004-04-27,rock,0.6602518746279307,0.451146614498424,0.04742009609358679,0.012546641608878894,0.0
Losing My Religion,R.E.M.,90s,2wVXSc0IrQVodHESUxVUJA,1991,1991-03-12,rock,0.8536777985123241,0.6576459080534726,0.8119908084395238,0.1746958204397544,0.0
Rescue Light,Hurricane on Saturn,20s,2U64TRs9DKbGzs2fPxSGdx,2024,2024-01-27,rock,0.9448786227272453,0.4011520486903597,0.6010027156883225,0.0016229074560620154,0.0
Heathens,Twenty One Pilots,20s,4wDEMzcoKArzAcUesqULIT,2023,2023-07-28,rock,0.3966714705782133,0.7315509183784371,0.5414664716941718,0.0844344509233723,3.572149344096872e-05
YOUtopia,Bring Me The Horizon,20s,24l3mfIPWVa645a9LEwSHx,2024,2024-05-24,rock,0.9328521404131899,0.24356048255624385,0.3346563609776477,0.0031791379649651554,0.0
Perfect Soul,Spiritbox,20s,7FjRNlmPtWb1ra46t14rUN,2024,2024-11-17,rock,0.9679293804958519,0.3261601999782632,0.2709421349488197,1.2058276394791423e-05,0.034006054490413724
Hell You Call A Dream,The Warning,20s,03A89GAR9MPybXei4sZiYh,2024,2024-06-28,rock,0.8747241425619213,0.43484403869144655,0.5571339043242114,0.002727329107541663,0.0
Dystopia,ONE OK ROCK,20s,4WVcTxy8lZqrz3wp0Mp1DF,2024,2024-10-25,rock,0.8626976602478658,0.4370177154657103,0.7002297890119072,0.003229338949123321,0.0
Will You Love Me When I’m Dead,Amira Elfeky,20s,4z4JQxp5ddY3Z8ETnaPPAK,2024,2024-10-23,rock,0.7855277320660093,0.30007607868709923,0.3168999373302695,0.014052671133623866,0.0014833501513622602
TAKE ME IN,blink-182,20s,2EKpybTASGXP5DdTA3r6aP,2024,2024-09-06,rock,0.7765078703304678,0.3598521899793501,0.19260497179862127,0.00732573925642965,0.0
the garden,unpeople,20s,70yMk0UK1BTtPvhqcSXvnF,2024,2024-10-15,rock,0.8827417974379584,0.451146614498424,0.38897012742845205,0.0001620588170593908,0.00019677093844601412
Pitch Black,The Amazons,20s,667WclCD8TE4oLsoWkRoNy,2024,2024-11-06,rock,0.9228300718181436,0.3609390283664819,0.2521412157927721,0.028711358507808277,2.613521695257316e-06
Jerkin',Amyl and The Sniffers,20s,3rZwj7e7m61R5e9Tn3YTFa,2024,2024-10-25,rock,0.9599117256198147,0.5098358874035431,0.5822017965322749,0.0029984144219957582,0.0
HURT,Dead Poet Society,20s,0E0GPPvheTzleZgWckjef2,2024,2024-01-26,rock,0.9238322786776483,0.5196174328877297,0.7785669521621057,0.0014120633225977192,0.0
Metaverse,Cage The Elephant,20s,49ukvVBtVT9Y575F6VY33G,2024,2024-05-17,rock,0.9057925552065649,0.45440712965981955,0.6876958429078754,1.1656668521526097e-05,1.8768920282542887e-06
Sad In Carolina,Dexter and The Moonrocks,20s,4q3jPOs1eS4BoHtG08r9QW,2024,2024-05-01,rock,0.8366402819007454,0.4294098467557874,0.2813870900355128,0.0007313379774129909,5.761856710393542e-06
Your House,Inhaler,20s,20xfgpCbTJBDjrTFh916Av,2024,2024-10-29,rock,0.7504504919833473,0.4565808064340832,0.5696678504282431,0.004544604734067264,1.160443995963673e-05
Takes One To Know One,The Beaches,20s,7Jc79lucvYoqo3YA44EG8f,2024,2024-07-12,rock,0.8386446956197546,0.4304966851429192,0.5299770210988093,0.0029180928473426927,4.611503531786075e-06
"Always, Everytime",The Wrecks,20s,1DbeTcnfS7kLnHhVsRlvqg,2024,2024-10-04,rock,0.8997793140495371,0.5870014128899033,0.766033006058074,0.0007714987647395236,2.0988900100908175e-06
You Got Me Searching,Jack White,20s,0MP463h7yiFtZmxQAZKh9r,2024,2024-11-15,rock,0.8927638660330047,0.4837517661123791,0.4861082097346981,0.04748652658296229,0.005761856710393542
Showbiz,Palaye Royale,20s,2M000btuOeRwAaOdx3WeFa,2024,2024-06-26,rock,0.8356380750412408,0.5478752309531573,0.3659912262377272,0.030518593937502246,5.0756811301715445e-05
Detroit,Badflower,20s,2NgvsclHyE5KaOVSxJxPTu,2024,2024-07-26,rock,0.8937660728925093,0.5511357461145527,0.35241278462502607,0.0005365581588793075,0.0
Fuse,House of Protection,20s,0UYOncanPfTJVemojPksIP,2024,2024-09-13,rock,0.988975724545449,0.4935333115965656,0.34196782953833293,0.0034100624920927174,0.030474268415741676
The Rumbling (Attack on Titan),"Ryuven, Ner Leva",20s,4m1slXE2kaXbXVfZQ0q3Om,2022,2022-03-09,metal,0.8336336613222315,0.47940441256385175,0.5884687695842907,0.019173171517756774,0.0002179616548940464
Holiday,Green Day,10s,4VgEM12OeaN3GyBV487Me7,2017,2017-11-17,punk,0.8917616591735,0.5359200086947071,0.7169417171506163,0.00013997038402979787,0.0
That's What You Get,Paramore,00s,1JdKrFyoU05abww0Zv0ayQ,2007,2007-06-11,punk,0.8326314544627269,0.5098358874035431,0.629204094422394,9.107462545974438e-05,0.0
The Great Escape,BOYS LIKE GIRLS,00s,56Tl3UgyZTqfZtvFNS31wm,2006,2006-01-01,punk,0.9418720021487315,0.39571785675470056,0.4965531648213912,0.0016630682433885482,0.0
When You're Gone,Avril Lavigne,00s,54JKnDB3CzVu8wNAOM27BI,2007,2007-04-17,punk,0.7203842861982084,0.4326703619171829,0.1445581783998329,0.19176415505353078,0.0
I'd Do Anything,Simple Plan,00s,4uVjbl6daCwjhDur7qLddu,2002,2002-03-19,punk,0.918821244380125,0.36528638191500923,0.5571339043242114,0.0014321437162609855,0.0
Addicted,Simple Plan,00s,1B8MHa0NveCF1ViBEOZWO5,2002,2002-03-19,punk,0.7524549057023566,0.5033148570807521,0.6010027156883225,0.0004893692337706318,2.240161453077699e-06
The Reason,Hoobastank,00s,77loZpT5Y5PRP1S451P9Yz,2003,2003-12-09,punk,0.6722783569419862,0.451146614498424,0.04031752663463547,0.012948249482144219,0.0
It Ends Tonight,The All-American Rejects,00s,1FMHNVeJ9s1x1l1WlaRs2I,2005,2005-01-01,punk,0.6372011168593242,0.4294098467557874,0.2960100271568832,0.002285560446949804,0.0
My Immortal - Band Version,Evanescence,00s,3PYdxIDuBIuJSDGwfptFx4,2003,2003-03-04,punk,0.3405478864459541,0.3348549070753179,0.04261541675370796,0.7580312563576409,1.574167507568113e-05
Move Along,The All-American Rejects,00s,2l57cfmCnOkwNX1tky02n1,2005,2005-01-01,punk,0.9178190375206204,0.49896750353222474,0.6438270315437644,0.00014499048244561442,0.0
Young Forever,"JAY-Z, Mr Hudson",00s,35srNkJVToAzYiZzron1FY,2009,2009-09-08,blues,0.6913202872725741,0.628301271600913,0.07666597033632755,0.41867260344844015,0.0
(Everything I Do) I Do It For You,Bryan Adams,90s,6eBK3edMW7bEzecF1eCezc,1991,1991-09-24,blues,0.36560305793356973,0.5076622106292794,0.23438479214539376,0.07780792101449442,1.3824419778002018e-05
Bad (feat. Rihanna) - Remix,"Wale, Rihanna",10s,5yhKaacMZGRo4s6evJx9vk,2013,2013-06-25,blues,0.7033467695866297,0.8130637974133247,0.4359724253185711,0.3082304383004754,0.0
All By Myself,Céline Dion,90s,0gsl92EMIScPGV1AU35nuD,1996,1996-03-11,blues,0.3255147835533846,0.3098576241712857,0.050031334865260076,0.351403284676498,0.022502522704339053
I'll Make Love To You,Boyz II Men,90s,61sQYdFNS6sEBYCyr1q5gn,1994,1994-01-01,blues,0.5019031908261993,0.5522225845016846,0.17902653018592019,0.09979595207577105,0.0
I Wanna Know,Joe,00s,1m2xMsxbtxv21Brome189p,2000,2000-04-18,blues,0.4878722947931345,0.7239430496685143,0.5947357426363067,0.2610415131917996,1.099899091826438e-05
"Beauty and the Beast - from the Soundtrack ""Beauty and the Beast""","Céline Dion, Peabo Bryson",90s,7B3UAPLYAbwXVgbHSKEaTw,1992,1992-03-30,blues,0.4006802980162318,0.43919139223997394,0.09546688949237518,0.6455810518433495,2.48234106962664e-05
Soledad,"Westlife, Bernard Löhr",00s,1vYZywcjdbPUnsEP43it0q,2000,2000-01-01,blues,0.6752849775205002,0.6076513422454082,0.28452057656152074,0.1425671905785283,0.0
Swear It Again - Radio Edit,Westlife,90s,4ekWUsmWMaT5EI3VL0epBk,1999,1999-11-01,blues,0.5329716034708428,0.6163460493424628,0.3137664508042615,0.29718622178567894,0.0
Heal the World,Michael Jackson,90s,7woW97CfcWaKtuC6W5BP2K,1991,1991-11-13,blues,0.48586788107412526,0.5283121399847843,0.07457697931898893,0.5391549654280381,1.8163471241170533e-06
Flying Without Wings,Westlife,90s,1pDylAt4nUPy2r72KRQDYX,1999,1999-11-01,blues,0.4888745016526391,0.4326703619171829,0.2646751618968038,0.32730681228057845,0.0
Speechless,Michael Jackson,00s,1O1LkHTi3Lep9OHE8BvOVe,2001,2001-10-29,blues,0.3706140922310929,0.43484403869144655,0.09233340296636723,0.5672675165566108,0.0
I Love You,Céline Dion,90s,7hyFKrPZo1Zv4D35MpTBdr,1996,1996-03-11,blues,0.4968921565286762,0.4120204325616781,0.23751827867140168,0.4377489774285432,0.0
Endless Love (with Mariah Carey),"Luther Vandross, Mariah Carey",90s,7IljDTNkQEyy77CcaRbiAj,1994,1994-09-20,blues,0.4778502261980882,0.38484947288338217,0.22080635053269268,0.7499990988923343,2.411705348133199e-06
Life for Rent,Dido,00s,7nYS7mmZh0K8EbM8DBRwb9,2003,2003-01-01,blues,0.5359782240493567,0.4707097054667971,0.09128890745769794,0.1877480763208775,0.0
Adiemus,"Karl Jenkins, Mike Ratledge, Adiemus, Jody K. Jenkins, London Philharmonic Orchestra, Mary Carewe",90s,54CAG8n70kKVbFV6l1zF4G,1995,1995-01-01,blues,0.4086979528922688,0.25660254320182585,0.14038019636515564,0.8072282208326435,0.1493440968718466
Dead And Gone,"T.I., Justin Timberlake",00s,7IhsLJMqdxoo7YAZjaSMru,2008,2008-09-07,blues,0.7474438714048335,0.7109009890229323,0.45999582201796524,0.040357986832502746,0.0
Have You Ever Been In Love,Céline Dion,00s,6EjH7ihkymLIS2Z235vN21,2002,2002-03-22,blues,0.4327509175203799,0.44027823062710575,0.08397743889701274,0.6134524219821234,0.0
"Rain, Tax (It's Inevitable)",Céline Dion,00s,1GogGZvclZS19tsPmEvcgo,2002,2002-03-22,blues,0.7544593194213658,0.6945984132159547,0.5007311468560685,0.16565964329128458,0.0
A New Day Has Come,Céline Dion,00s,6LefIBy3hzTN6Yd1m81gpC,2002,2002-03-22,blues,0.33353243842942165,0.40984675578741436,0.03269270942134949,0.7248986068132515,9.697275479313823e-06
I Was Here,Beyoncé,10s,64Tp4KN5U5rtqrasP5a7FH,2011,2011-06-24,blues,0.6281812551237825,0.5065753722421475,0.2145393774806768,0.4327288790127266,0.0
Do It To Me,Lionel Richie,90s,5adn4ZgPExQa8fRzroAN46,1997,1997-01-01,blues,0.5800753258675603,0.6815563525703728,0.5728013369542511,0.13152297406373184,7.497477295660949e-05
So Sick,Ne-Yo,00s,5203pcq3cNteJuOVhIEnt6,2006,2006-01-01,blues,0.5730598778510279,0.5576567764373438,0.6062251932316691,0.2550173950928197,0.0
Ice Box,Omarion,00s,25u7tVNFhpPA450EFQBwML,2006,2006-01-01,blues,0.7294041479337501,0.7739376154765787,0.8140797994568624,0.18473601727138755,0.0
Bartender (feat. Akon),"T-Pain, Akon",00s,5kxddRG1RZaZROadk7iC4D,2007,2007-06-05,blues,0.394667056859204,0.6696011303119227,0.39210361395446,0.06134199821061605,0.0
5 O'Clock (feat. Lily Allen & Wiz Khalifa),"T-Pain, Lily Allen, Wiz Khalifa",10s,42EMFjvFtOki8MA0JNZqVK,2011,2011-12-06,blues,0.7434350439668149,0.5044016954678839,0.3377898475036557,0.06997656748582055,0.0
Let Me Hold You (feat. Omarion),"Bow Wow, Omarion",00s,1oNToERLIN71YCPLbRIQGQ,2005,2005-01-01,blues,0.6632584952064446,0.8217585045103792,0.6072696887403384,0.09186419657878085,0.0004127144298688194
"Me, Myself and I",Beyoncé,00s,6XsT5UGfpaFeHQf5LRIy4W,2003,2003-06-24,blues,0.45880829586750027,0.7511140093468102,0.52893252559014,0.22690484396424684,3.2795156407669016e-05
Hard Time Killing Floor Blues,Skip James,90s,3K1I4gBtggUMx9360SkT9w,1998,1998-01-01,blues,0.07015247575160505,0.5098358874035431,0.2458742427407562,0.8293166538622363,0.0003683148335015136
Down The Dirt Road Blues,Charley Patton,90s,4sCCIP8eG3HVizWnm1SQ0G,1990,1990-01-01,blues,0.28141768173518095,0.4500597761112922,0.5153540839774389,0.9738954882377537,0.09445005045408679
They're Red Hot - SA.2627-1,Robert Johnson,10s,4vrPulRxzgljqsYtgGQrpk,2011,2011-04-22,blues,0.2443360279335096,0.7293772416041735,0.7357426363066639,0.9166663662974448,0.0
Nobody Knows You When You're Down and Out,Big Joe Williams,10s,1q2sF6kSY948hQps8RQALA,2011,2011-05-03,blues,0.3796339539666346,0.6554722312792088,0.35032379360768745,0.882529697069892,0.018163471241170532
Washington D.C. Hospital Center Blues,Skip James,90s,5brvNozAyBy3n8fEDY9f6U,1998,1998-01-01,blues,0.1240712047929541,0.5533094228888165,0.32212241487361604,0.7951799846346836,0.0
Black Betty,Lead Belly,90s,4ccW0n1s1ByBG88ZwxOPf1,1994,1994-09-20,blues,0.12206679107394483,0.7130746657971959,0.5717568414455818,0.5361429063785481,0.0
Devil Got My Woman - 1994 Remastered,Skip James,90s,4ObrMy0cDsaoXaNXHA7bsS,1994,1994-01-01,blues,0.2343139593384633,0.44897293772416036,0.3074994777522457,0.9849397047525502,0.007164480322906156
Crow Jane,Skip James,00s,4VWlYHwHZkBQbyV7wWeaDe,2005,2005-03-22,blues,0.3315280247104124,0.4185414628844691,0.8840609985377063,0.9347387205943846,0.0025529767911200807
Cypress Grove Blues,"Skip James, Jack Owens",10s,3JPS9XaJtmBQXyJLKR2twp,2017,2017-01-24,blues,0.1210645842144402,0.5870014128899033,0.562356381867558,0.9959839212673467,0.04228052472250252
Statesboro Blues,Blind Willie McTell,00s,05Fqtv0hpBriJj803R6x8i,2005,2005-08-30,blues,0.2673867857021161,0.5587436148244755,0.425527470231878,0.9769075472872437,0.0003915237134207871
Death Letter Blues,Son House,90s,0W0euvQlhbcsTydzsD4EQk,1992,1992-06-18,blues,0.28843312975171326,0.8087164438647974,0.8725715479423438,0.8684734215056056,0.05983854692230071
Preachin' Blues,Son House,20s,4YEoVkvvzx5eavtE2u5qG0,2021,2021-12-15,blues,0.34956774818149566,0.5826540593413759,0.2103613954459996,0.8002000830505002,2.9969727547931383e-06
Good Morning Little Schoolgirl,Mississippi Fred McDowell,90s,2LtpyfWWnr5V96l3Js7LLX,1994,1994-01-01,blues,0.43375312437988456,0.4815780893381154,0.5602673908502193,0.6706815439224324,0.0020181634712411706
Empire State Express,Son House,20s,3eT162kkfyBYC5EjmupvSG,2022,2022-01-19,blues,0.41671560776830585,0.6576459080534726,0.6469605180697724,0.8182724373474398,1.0797174571140262e-05
Hard To Handle,The Black Crowes,90s,05NYcsjJwOYq4jIiKPVj9p,1990,1990-02-13,rock,0.7915409732230372,0.5870014128899033,0.9728431167745979,0.0025767261550671654,0.0018264379414732594
I Got Your Country Right Here,Gretchen Wilson,10s,1UcMIxpMsQEVU4YnURWmzG,2010,2010-01-01,rock,0.6241724276857641,0.6359091403108358,0.7764779611447671,0.04879175217107459,1.2411705348133199e-06
Black Betty,Ram Jam,90s,2ZOTtG7v1OrSNs6EINIGb4,1990,1990-02-27,rock,0.8667064876858843,0.4413650690142376,0.6762063923125131,0.01806874986627713,0.0013622603430877903
Kerosene,Miranda Lambert,00s,2yhhcHTfvLC0HzSajGYL0h,2005,2005-01-01,rock,0.921827864958639,0.6185197261167265,0.8130353039481931,0.006894010792669424,5.388496468213925e-05
Walk On Water,Gretchen Wilson,10s,2PAD6vBzSjxDnmm3WB8eI9,2010,2010-01-01,rock,0.7574659399998798,0.44897293772416036,0.762899519532066,0.022084828598930392,0.0
Hold On Loosely,38 Special,00s,6hQszXJIYhtjmSTmDqZpeU,2000,2000-01-01,rock,0.7073555970246482,0.5337463319204434,0.8276582410695633,0.006944211776827589,6.417759838546922e-05
Ain't Much Left of Me,Blackberry Smoke,10s,4jKBjyOdVKfmyauxwW8QUs,2012,2012-08-14,rock,0.7985564212395696,0.18704488642538855,0.3200334238562774,0.1295149346974052,1.4127144298688192e-06
Pretty Little Lie,Blackberry Smoke,10s,6b45yra2a9So8yTNeHZdgt,2012,2012-08-14,rock,0.7995586280990742,0.537006847081839,0.3837476498851055,0.0071650961071235185,0.0
Don't Misunderstand Me,Rossington Collins Band,00s,7uODrkf1XnlIGMyUSCLbLU,2003,2003-01-01,rock,0.5530157406609354,0.5924356048255625,0.759766033006058,0.22088072586526694,0.026437941473259334
Georgia,Vance Joy,10s,5sfvzgf96i6nLyLELnrLZ6,2014,2014-08-05,folk,0.6602518746279307,0.3576785132050864,0.38792563191978274,0.313250536716292,0.0003178607467204844
Second Chances,Gregory Alan Isakov,10s,6Wu19AEKVNs5bJFuhZb4EZ,2013,2013-07-09,folk,0.3255147835533846,0.35007064449516356,0.1863379987466054,0.9508030355249975,0.09334006054490414
Even the Darkness Has Arms,The Barr Brothers,10s,7kDrv77fEWUGeuY4GmJj2M,2014,2014-10-06,folk,0.6532364266113984,0.4891859580480382,0.7440986003760184,0.81224831924846,0.1442986881937437
Vagabond,Caamp,10s,2R3I5DiDf8bLz2QjrPmUpk,2016,2016-03-08,folk,0.39967809115672714,0.5565699380502119,0.6083141842490077,0.7690754728724374,0.014732593340060544
All We Ever Knew,The Head And The Heart,10s,72zmwnbXjx9fMUjw3mbDSs,2016,2016-09-09,folk,0.7253953204957315,0.4652755135311379,0.5393774806768331,0.0022453996596232713,1.0393541876892028e-05
And It's Still Alright,Nathaniel Rateliff,20s,2tRxHjEkdgGMv9kZbOyqOH,2020,2020-02-14,folk,0.4928833290906577,0.5022280186936202,0.28347608105285144,0.6917659572688619,0.6246215943491423
Paul Revere (with Gregory Alan Isakov),"Noah Kahan, Gregory Alan Isakov",20s,6BTAzOm96NwuGXhfHqWYM4,2024,2024-02-09,folk,0.3635986442145605,0.6663406151505272,0.3712137037810737,0.6194765400811033,5.186680121089808e-06
The Railroad,"Goodnight, Texas",10s,7mkemk33kdLQvrkIpRkWWd,2012,2012-10-02,folk,0.4237310557848382,0.6761221606347138,0.4276164612492166,0.6295167369127365,0.5166498486377397
Providence,Poor Man's Poison,10s,4VGR3mr2WbiD0splKGasFc,2014,2014-01-28,folk,0.5199429142972826,0.47940441256385175,0.883016503029037,0.17971591885557098,1.170534813319879e-05
Old Ties and Companions,Watchhouse,10s,6n7Aj8Ok0kyktLxFjcUreo,2015,2015-05-05,folk,0.36860967851208365,0.6500380393435496,0.5143095884687696,0.8875497954857087,0.002956609485368315
Didn't Leave Nobody But The Baby,"Emmylou Harris, Alison Krauss, Gillian Welch",00s,7ESCrKC98mNhYZY9AenRMQ,2000,2000-12-05,folk,0.10502927446236614,0.6456906857950223,0.2103613954459996,0.9548191142576508,0.0
Fraulein (feat. Tyler Childers),"Colter Wall, Tyler Childers",10s,65UNQSH7RI4Lxw7VrXMp5y,2017,2017-05-12,folk,0.1240712047929541,0.4500597761112922,0.46626279506998114,0.9457829371091809,3.521695257315843e-05
從未見過的海 (Netflix 影集《影后》序曲),告五人,20s,3agPPRZPNOhbCwm2026EN6,2024,2024-11-08,mandopop,0.7243931136362269,0.26312357352461685,0.34405682055567155,0.4006002491515005,0.00030575176589303735
這麼多年 - 電影《我想和你在一起》插曲,陳華,20s,5NykvdFrH8mejmohWZvIWo,2024,2024-06-07,mandopop,0.4237310557848382,0.5109227257906749,0.2020054313766451,0.8413648900601961,0.0
介质,"Nicky Lee, 郑润泽",20s,67IEgoowJgpCGT0a4Ya9W7,2024,2024-11-08,mandopop,0.4718369850410604,0.5217911096619933,0.2521412157927721,0.7730915516050907,0.0
想念你想我,Eric Chou,20s,48shm8jmaY2daKSe4gSKP6,2024,2024-11-15,mandopop,0.48286126049561134,0.43919139223997394,0.4035930645498224,0.6576292880413093,0.0
運轉人生 - 影集《華麗計程車行》插曲,邱軍,20s,30slz6D2PtbwDimGJaEVsH,2024,2024-02-23,mandopop,0.5800753258675603,0.5141832409520705,0.34719030708167953,0.4678695679234427,0.0
有天會再相見,DIOR 大穎,20s,4BZlQdwkgUuaj5xbUHwUl8,2024,2024-09-02,mandopop,0.25335588966905126,0.5130964025649386,0.23542928765406307,0.8504010672086659,0.0
星期五晚上,Energy,20s,1rqYl5hYWz0GEKyTERydfQ,2024,2024-05-02,mandopop,0.8596910396693519,0.7011194435387458,0.6041362022143305,0.01626151443658316,0.0
不愛就不愛,艾薇,20s,28y6huBepebPPupr6F5xup,2024,2024-11-02,mandopop,0.5740620847105325,0.4750570590153244,0.09651138500104449,0.23292896206322675,5.015136226034309e-06
Hey Girl - Netflix影集《影后》片尾曲,小男孩樂團,20s,2kLuVbzpjnRAOwaTnp7C2J,2024,2024-11-15,mandopop,0.759470353718889,0.6272144332137811,0.5811573010236056,0.160639544875468,0.0
Hold On,"高爾宣 OSN, Patrick Brasca",20s,580BvW3DyUNoYFgQgoD2GI,2024,2024-06-14,mandopop,0.6722783569419862,0.5793935441799805,0.18529350323793609,0.015257494753419846,0.0
月亮,芒果醬 Mango Jump,20s,72DMWUqA8F3gdcnMbSy3Q3,2024,2024-09-17,mandopop,0.3505699550410003,0.40984675578741436,0.30018800919156047,0.7279106658627413,0.0
最后一页 - Live,"王赫野, 姚晓棠",20s,0ahuxmprOO8tfKpG5Sgkt2,2024,2024-04-26,mandopop,0.367607471652579,0.4228888164329964,0.3409233340296636,0.6937739966351886,0.0
我對你的愛沒有盡頭,蕭秉治,20s,5oNjVkldR2SIT8L4icZttY,2024,2024-11-07,mandopop,0.6812982186775279,0.3815889577219867,0.23229580112805512,0.4979901584183421,0.0
泡沫,"李浩瑋 Howard Lee, Patrick Brasca",20s,7KC34sQVSeBg6TknhoAh7h,2024,2024-11-15,mandopop,0.6812982186775279,0.589175089664167,0.7785669521621057,0.1817239582218976,0.0
初戀,Samantha Lam,00s,0cCIqUNcHcxc3utfsOaAII,2000,2000-07-24,cantopop,0.5780709121485511,0.6435170090207587,0.5822017965322749,0.6736936029719224,1.8264379414732593e-05
愛情陷阱,Alan Tam,00s,36vRjLAq0PnT1Pvugs1rQH,2008,2008-01-01,cantopop,0.7745034566114585,0.6706879686990546,0.7670775015667433,0.2680696509739428,0.0
朋友 - 電影「龍兄虎弟」歌曲,Alan Tam,00s,0n6vdeqzU0CEw2aLxhb0XY,2008,2008-01-01,cantopop,0.37562512652861607,0.6554722312792088,0.2615416753707959,0.7821277287535605,0.0
一生中最愛 - 電影《雙城故事》歌曲,Alan Tam,00s,3cVi61b927jHFQ18HQeHjU,2008,2008-01-01,cantopop,0.20023892611530592,0.6424301706336268,0.15709212450386462,0.8483930278423393,5.338042381432896e-05
雨夜的浪漫,Alan Tam,10s,4RIwFJmjj4yCvkKXKW9ewd,2014,2014-01-01,cantopop,0.40468912545425034,0.4663623519182697,0.15291414246918736,0.6957820360015152,0.0
夜機,Priscilla Chan,10s,5pTQLfDjyoKXCOJqvX77TP,2011,2011-01-01,cantopop,0.3846449882641577,0.2707314422345397,0.20513891790265304,0.7469870398428444,0.0
難得有情人,Shirley Kwan,10s,76RQ4Cv2tBf0gU79Uu2j2p,2013,2013-01-01,cantopop,0.600119463057653,0.7174220193457232,0.35241278462502607,0.2499972966770031,0.0006367305751765894
多情,Vivian Lai,00s,5PCCGoW0AYDD4F5zzEumr2,2001,2001-01-01,cantopop,0.45079064099146327,0.6054776654711445,0.3534572801336954,0.7750995909714172,0.0
一人有一個夢想,Vivian Lai,00s,1sjKlnnw7330Z3OwElPJdz,2001,2001-01-01,cantopop,0.43074650380137064,0.6087381806325399,0.36494673072905787,0.7188744887142715,0.0
傾斜,"Sandy Lam, Wong Kei Wah",90s,59UEq1cd6W3TfcrUBXyUEW,1990,1990-08-28,cantopop,0.8947682797520139,0.7663297467666559,0.9895550449133068,0.038249545497859784,0.00491422805247225
放縱,Sandy Lam,10s,4kjHpouJFwKLS0rjKQVBl4,2011,2011-04-04,cantopop,0.48987670851214377,0.46744919030540155,0.2228953415500313,0.5441750638438546,6.548940464177598e-06
灰色,Sandy Lam,00s,1LdlX9sjbvzDuNwPqI94Qa,2009,2009-04-06,cantopop,0.7454394576858242,0.8521899793500707,0.9738876122832671,0.29417416273618896,7.194752774974773e-06
SMILE AGAIN 瑪莉亞,Jacky Cheung,10s,1Bl2yS1i65C6gJvZMgncJJ,2013,2013-01-01,cantopop,0.3635986442145605,0.4598413215954787,0.1800710256945895,0.80923626019897,1.9273461150353177e-05
Amour,Jacky Cheung,10s,18pBVLJBtmaiZV1lPt0mA6,2013,2013-01-01,cantopop,0.4006802980162318,0.4935333115965656,0.17067056611656567,0.38453593422088744,3.874873864783047e-06
月半彎,Jacky Cheung,10s,4eItvfEhxjcDX3vuBTcVcs,2013,2013-01-01,cantopop,0.3355368521484309,0.5500489077274209,0.305410486734907,0.6024082054673269,2.058526740665994e-05
情已逝,Jacky Cheung,10s,16klvkpvswntKFpaoCdjDD,2013,2013-01-01,cantopop,0.3585876099170373,0.3913705032061732,0.3785251723417589,0.7158624296647815,5.1261352169525735e-05
輕撫妳的臉,Jacky Cheung,10s,1900baANdjaVVlfUOPz7bR,2013,2013-01-01,cantopop,0.2383227867764818,0.47940441256385175,0.13411322331313977,0.7720875319219274,0.0
絲絲記憶 - 電影「錯點鴛鴦」主題曲,Jacky Cheung,10s,07VarAbOuTAVdHzcr1NB9b,2013,2013-01-01,cantopop,0.37462291966911143,0.5500489077274209,0.17693753916858157,0.7148584099816183,0.0
可不可以,Andy Lau,00s,62cPxmMPoes9xiLqPNRn0C,2006,2006-01-01,cantopop,0.37662733338812066,0.5196174328877297,0.31585544182160014,0.6897579179025355,9.636730575176589e-06
情人知己,Sally Yeh,00s,2ejz9W0C3nEOwwRqqzsWpl,2004,2004-12-02,cantopop,0.46281712330551883,0.4174546244973372,0.21871735951535407,0.6646574258234526,0.0
女人的弱點,Sally Yeh,00s,5zimISK3Jv16zNC7OSEPy9,2004,2004-12-02,cantopop,0.7464416645453288,0.6065645038582763,0.48924169626070607,0.3975881901020106,0.0
阿信的故事,Sally Yeh,00s,2zrhdM0gr9PVSkznukbALL,2004,2004-12-02,cantopop,0.42272884892533363,0.5706988370829258,0.16753707959055775,0.7449790004765178,0.0031886982845610494
零時十分,Sally Yeh,00s,4VXc0HLojvvfY1eXpiankS,2004,2004-12-02,cantopop,0.3425523001649633,0.19030540158678405,0.24900772926676415,0.8293166538622363,0.00038244197780020183
海闊天空,Beyond,90s,4ISLZjrX9qQ4WyIFtujUHF,1992,1992-07-31,cantopop,0.3114838875203198,0.2739919573959352,0.3545017756423647,0.6927699769520252,0.0
我是憤怒,Beyond,90s,2nKSA8oPiDU72VJqLXU5Nj,1992,1992-07-31,cantopop,0.8937660728925093,0.4783175741767199,0.44641738040526424,0.004815690048521359,5.8930373360242184e-05
情人,Beyond,90s,26A3jTn1PCR6mdAwIYEo9h,1992,1992-07-31,cantopop,0.4457796066939401,0.5261384632105206,0.12784625026112387,0.3765037767555809,1.3118062563067608e-05
早班火車,Beyond,90s,7ilJa4RdLHem33lgWcbBdp,1992,1992-07-31,cantopop,0.5399870514873752,0.17182914900554286,0.2949655316482139,0.09065937295898488,3.72351160443996e-05
Aa Vasant Rajni,Meghdeep Bose,20s,2eiOOMb5V2tPY9VTmBbMME,2023,2023-02-18,indian,0.5600311886774678,0.6685142919247908,0.682473365364529,0.8524091065749926,0.00014026236125126135
Akeli Dar Lage,"Abhijit Pohankar, Ramakant Gaikwad, Samarth Desai, Amit Mishra",20s,0Fkz1sfYAK6z8Yut4EVD4D,2023,2023-10-06,indian,0.5530157406609354,0.3946310183675687,0.21558387298934611,0.6636534061402892,0.218970736629667
Mangal Din,"Abby V, Ricky Kej, Sivaangi Krishnakumar",20s,79XHrJNsROhUxi0UPXor4v,2023,2023-11-24,indian,0.6131481522312131,0.34354961417237256,0.4338834343012325,0.17971591885557098,7.780020181634713e-06
Najariya LoFi Cake Mix,"Madhubanti Bagchi, Shashwat Sachdev",20s,3PRXDT8kUntYccU3L3y0ji,2024,2024-02-19,indian,0.37261850595010215,0.2902945332029127,0.221850846041362,0.29718622178567894,0.46417759838546924
Jaa Kaga,"Abby V, Ricky Kej, Benny Dayal",20s,33mqdecKrXjGk1JZQGuQ5f,2023,2023-10-20,indian,0.6101415316526992,0.6685142919247908,0.08711092542302068,0.2680696509739428,1.1806256306760847e-06
Garaj Garaj Jugalbandi,"Shankar-Ehsaan-Loy, Farid Hasan, Mohammed Aman",20s,1TOQb1AwnZLzrAu4VXZUIO,2020,2020-07-27,indian,0.7805166977684862,0.22834474513639821,0.3701692082724044,0.04648250689979897,1.7457114026236125e-06
Garjat Aayi Re - Miyan Malhaar - Teentaal,"Jazim Sharma, Kumar Sharma, Kathak Rockers",20s,0dFhCT3tJ73gQYPHM0dbNh,2023,2023-06-01,indian,0.8616954533883612,0.3544179980436909,0.7388761228326718,0.7168664493479449,2.8557013118062563e-05
Black Effect,"Jordan Sandhu, Mehar Vaani, Desi Crew",20s,3u1M5fVPD73IElMCBOYyiJ,2022,2022-01-07,indian,0.7404284233883011,0.67394848386045,0.7576770419887194,0.1405591512122017,0.0
Majha Block,Prem Dhillon,20s,3CPvL9ehmERejt7b5RvVAY,2020,2020-11-20,indian,0.6602518746279307,0.7869796761221607,0.8078128264048465,0.26606161160761616,0.0
Peg Te Bhangra,"Sharry Mann, Mista Baaz",20s,65wgSWsUxiK9Xwvyo81SAG,2024,2024-06-21,indian,0.921827864958639,0.7967612216063472,0.980154585335283,0.40461632788415375,0.0
8 Raflaan (feat. Gurlez Akhtar),"Mankirt Aulakh, Gurlez Akhtar",20s,7vUfIIQiH3K3J5tmN46HE5,2021,2021-03-23,indian,0.8466623504957917,0.7739376154765787,0.6166701483183622,0.6927699769520252,0.0
Killa,"Dilpreet Dhillon, Sultaan, Desi Crew",20s,2kiRrQqFKQ3MGLhcAwHsty,2024,2024-08-20,indian,0.8396469024792593,0.6772089990218455,0.8412366826822645,0.05571948798490148,0.0
Munda Inj Da Nahi,"Surjit Bhullar, Mista Baaz",20s,2tcqtUZtO8ObxtTVMP5hqf,2024,2024-11-20,indian,0.7384240096692918,0.7358982719269644,0.4955086693127219,0.15361140709332477,0.0
Jatt Zindabad,"K.S Makhan, Manpreet Hans, Laddi Gill",20s,4myOU3eWvJzwowuWmjJpop,2024,2024-11-07,indian,0.6692717363634724,0.6859037061189001,0.7848339252141217,0.13353101343005847,0.0
Sunke,Khan Bhaini,20s,5G0seszeGo0yaWF4UlnVTq,2024,2024-10-15,indian,0.6752849775205002,0.641343332246495,0.47670775015667427,0.05752672341459544,0.0
Sada Daur,"Dhira Gill, Aman Hayer, Saab Pangota",20s,1eoGuijJpFd6Txwp0pys4l,2024,2024-11-14,indian,0.8045696623965973,0.6880773828931638,0.9028619176937539,0.02509688764842034,7.336024217961656e-05
Gutt,"Sippy Gill, Mxrci",20s,6WwlMsdEoHYH6cM9SLGmTF,2024,2024-10-16,indian,0.8276204201652038,0.5250516248233887,0.3398788385209943,0.056221497826483134,0.0
Sarpanchi,"Kulwinder Kaily, Gurlez Akhtar",10s,5wHNjnfMjLji3AjbHRA8hj,2018,2018-04-20,indian,0.9549006913222916,0.7641560699923922,0.7911008982661375,0.10943454103413888,0.0
Gadaar,"Korala Maan, Youngstarr Pop Boy",20s,6Br16eWxM0u4VcMVNDdIFe,2024,2024-10-07,indian,0.8516733847933149,0.7554613628953375,0.7931898892834761,0.05441426239678916,0.0
Dabde Ni,Ammy Virk,20s,6Uiuq2p2SUXgoN8hrxvCHZ,2021,2021-11-07,indian,0.8306270407437176,0.7869796761221607,0.8412366826822645,0.31124249734996534,0.0
controlla,Idealism,10s,7woCxOw0jmj65ohlQ3x0tH,2017,2017-08-30,lofi,0.4467818135534447,0.7924138680578199,0.5383329851681639,0.542167024477528,0.7003027245206861
The Girl With the Cappuccino,LoFi Waiter,20s,451EMYReoEHbfvj75Pu1B9,2020,2020-09-18,lofi,0.4467818135534447,0.7945875448320835,0.20096093586797578,0.6586333077244726,0.939455095862765
The Girl Who Fell From The Sky (Laputa),Sleepy Tom,20s,6VcyHKX0tZvwFYtgJL7IcX,2021,2021-04-30,lofi,0.4798546399170975,0.5250516248233887,0.19573845832462922,0.9759035276040804,0.6528758829465187
One summer's day,"Otaku, LoFi Waiter",20s,738ezpBPFkPV6zZmJLicaN,2021,2021-08-27,lofi,0.4157134009088012,0.6978589283773503,0.3095884687695843,0.4437730955275231,0.8940464177598386
Eternal Youth,RŮDE,10s,0ytvsZOerGzUWfHXVT2Sgy,2017,2017-08-07,lofi,0.4878722947931345,0.647864362569286,0.01650302903697514,0.034835878575104506,0.905146316851665
The Girl Who Fell from the Sky,"Otaku, LoFi Waiter",20s,0hmELN1LsoFyKCE4AqrTFN,2021,2021-08-27,lofi,0.30747506008230124,0.6261275948266494,0.3952371004804679,0.678713701387739,0.9122098890010091
Unravel (Tokyo Ghoul),"Otaku, LoFi Waiter",20s,46fpycbDAktlUgSCY1fMJd,2021,2021-03-12,lofi,0.3405478864459541,0.7119878274100642,0.15291414246918736,0.35742740277547785,0.8789101917255298
Blue Bird (Naruto),Otaku,20s,2HYPqSwitksTpCFzYmP7Po,2021,2021-03-12,lofi,0.22930292504094016,0.5663514835343985,0.10173386254439105,0.28815004463720906,0.863773965691221
One Summer's Day (Spirited Away),Sleepy Tom,20s,7jGzRIMbqiUrYBugAQmI25,2021,2021-04-30,lofi,0.5630378092559817,0.7924138680578199,0.1800710256945895,0.4678695679234427,0.7356205852674067
Rain Check,Dylan Sitts,10s,0qSAag81S96PZ38BBQlk7B,2019,2019-09-13,lofi,0.40970015975177343,0.7935007064449517,0.3691247127637351,0.38654397358721404,0.9384460141271443
get better,"Eden Elf, Ren Avel",20s,1fI1TMpz7FVkpoYBhmiywp,2022,2022-05-13,lofi,0.20124113297481055,0.6304749483751767,0.38688113641111344,0.910642248198465,2.2805247225025227e-05
everything you say,"mommy, Philanthrope",10s,4AGuFUu5ByoPbbFOqqFncE,2018,2018-11-21,lofi,0.27640664743765775,0.67394848386045,0.28452057656152074,0.4889539812698723,0.8768920282542886
Marco and Gina,Otaku,20s,7E5eZ1ZGeqtIPIXIU5NceV,2021,2021-08-27,lofi,0.26237575140459296,0.732637756765569,0.3795696678504282,0.5501991819428346,0.8617558022199798
Again (Full Metal),Otaku,20s,3aLcJuAarDz0kzxcdSbAYc,2021,2021-03-12,lofi,0.22228747702440774,0.7402456254754918,0.12366826822644661,0.4698776072897693,0.9263370332996973
The Girl I Haven't Met (Biskwiq Flip),"Kudasaibeats, Biskwiq",10s,4IGgG3xT8XL64Mf2P69F9d,2018,2018-05-06,lofi,0.5480047063634123,0.732637756765569,0.27720910800083554,0.3022063202014955,0.005418768920282543
Laugh,Sarcastic Sounds,20s,21R5MzmCwVspgN7uTh37f9,2020,2020-06-26,lofi,0.4457796066939401,0.4696228670796652,0.16127010653854187,0.9287146024954046,0.00011604439959636731
Ocarina of Time (The Legend of Zelda),Ren Avel,20s,0TgGqb3rC600HhoJOiGnu6,2022,2022-06-24,lofi,0.5319693966113381,0.40549940223888703,0.14038019636515564,0.8694774411887689,0.8153380423814329
Always With Me (Spirited Away),Sleepy Tom,20s,7BaiA89nG4rYUe56AZGB9e,2021,2021-04-30,lofi,0.49588994966917155,0.8641452016085208,0.8119908084395238,0.5220866308142617,0.8567103935418768
Blue Bird (Naruto Shippuden),Ren Avel,20s,4WnCcbKZQhhpAycqC7qYhZ,2022,2022-06-24,lofi,0.44177077925592156,0.6489512009564179,0.29809901817422185,0.977911566970407,0.9132189707366297
Scared of the World,Sarcastic Sounds,20s,3mXYJFpSVXWMH3iWLtYVL1,2020,2020-07-31,lofi,0.5049098114047131,0.6239539180523856,0.24378525172341758,0.5190745717647717,0.20686175580221997
Fairy Fountain (The Legend of Zelda),Ren Avel,20s,4LIDPa7fcYCRZGoChrzON5,2021,2021-05-21,lofi,0.43375312437988456,0.8815346158026302,0.4307499477752245,0.9688753898219372,0.8567103935418768
Comedy (Spy x Family),Ren Avel,20s,69xSJSsS8ln4VUf66XAc6Z,2022,2022-06-24,lofi,0.5840841533055788,0.758721878056733,0.6302485899310634,0.9668673504556106,0.9445005045408679
I Miss You,Sarcastic Sounds,10s,6qWitlJBWOQBXyumtDBZAV,2019,2019-04-02,lofi,0.3385434727269448,0.7489403325725464,0.3628577397117192,0.041964418325564044,0.8879919273461151
Lost in Paradise (Jujutsu Kaisen),Ren Avel,20s,2FiOJifPLqth2swuHIJqS8,2022,2022-06-24,lofi,0.4187200214873151,0.7130746657971959,0.5968247336536453,0.9568271536239774,0.9212916246215944
Aryetti's Song,Otaku,20s,1yPluCl0c17RcWyGjV7tw5,2021,2021-08-27,lofi,0.2964507846277503,0.4685360286925334,0.32316691038228534,0.7289146855459047,0.8698284561049445
Stay and Wander,"Tom Doolie, Cap Kendricks",10s,0Hm8vke3rwzGKm5sBpY762,2019,2019-03-22,lofi,0.4257354695038475,0.6446038474078905,0.5832462920409442,0.8785136183372387,0.8829465186680121
sorry,chief.,10s,6gyYI35SD576xiwstBIX7Y,2017,2017-12-08,lofi,0.3024640257847781,0.5315726551461798,0.5393774806768331,0.7550191973081509,0.9011099899091827
Fireworks,"Nymano, Pandrezz",10s,3TEb0AU6wup3IrWp9CPc1v,2018,2018-10-17,lofi,0.31048168066081516,0.5424410390174982,0.38165865886776684,0.5281107489132416,0.9424823410696267
Rosalina's Comet Observatory (Super Mario Galaxy),Ren Avel,20s,3cGgUjfJVp5epZGoTbbKRj,2022,2022-06-24,lofi,0.313488301239329,0.5565699380502119,0.3064549822435763,0.9638552914061206,0.9566094853683148
Peach,"Glimlip, Louk, Elior",10s,3GkSDGupydidufnOGZn2FE,2019,2019-10-23,lofi,0.3505699550410003,0.817411150961852,0.632337580948402,0.4076283869336437,0.9152371342078709
CHASE,twuan,10s,3eU0idtZzJXksHeYVUjdzm,2019,2019-05-07,lofi,0.2413294073549957,0.8141506358004565,0.4046375600584917,0.10240640325199565,0.8960645812310797
Ambivalence,"Hanz, emawk",10s,1sDyWBTv5dqU2I8I1IPUT3,2018,2018-11-01,lofi,0.38264057454514844,0.4772307357895881,0.11635679966576142,0.6455810518433495,0.15136226034308778
Tiny Sailboat,Kupla,10s,6JXipaQpflSAuYIg5cDQ6w,2019,2019-09-02,lofi,0.3225081629748707,0.6141723725681991,0.3670357217463965,0.39859220978517385,0.8859737638748739
Again (Fullmetal Alchemist),Ren Avel,20s,7uuyS1aLNFYfkI6EeNQiLe,2022,2022-06-24,lofi,0.39967809115672714,0.6891642212802956,0.2103613954459996,0.9869477441188769,0.9081735620585267
Space Cadet,"Philanthrope, Sleepy Fish",10s,3ftLGQmtMLMRKFZOrAT6tf,2019,2019-08-21,lofi,0.2603713376855837,0.6945984132159547,0.35136828911635676,0.6997981147341685,0.9192734611503532
Driver's High (GTO),Ren Avel,20s,7G95QqU0TSYKe1tN5CpcPU,2022,2022-06-24,lofi,0.46482153702452805,0.7858928377350288,0.3607687486943806,0.8504010672086659,0.8012108980827447
Blue Book,Tom Doolie,20s,3E4LT4SvrEhGKIzyAeezEa,2020,2020-03-27,lofi,0.2834220954541901,0.6109118574068036,0.45999582201796524,0.8453809687928493,0.9122098890010091
Interstellar,"drkmnd, Arbour",10s,4Pyfm47MwAKVNyvlzFXnav,2019,2019-01-14,lofi,0.15714403115660686,0.4826649277252472,0.10486734907039899,0.5291147685964048,0.8153380423814329
2AM Study,LoFi Waiter,20s,4NdgaGjCLJ4qDfcmBBMBB4,2022,2022-01-07,lofi,0.05501915217308514,0.6489512009564179,0.171715061625235,0.2821259265382292,0.9667003027245207
I Miss You,LoFi Waiter,20s,3NcNz0rFUEghdqZ60CsMNh,2022,2022-01-07,lofi,0.14712196256156054,0.4424519074013694,0.34927929809901814,0.5311228079627315,0.43693239152371344
At the Library,LoFi Waiter,20s,0bQiTUlDBlAbXMkA6kkCgR,2022,2022-01-07,lofi,0.2032455466938198,0.5587436148244755,0.009922707332358472,0.34136308784486485,0.9475277497477295
Cha La Head Cha La (Dragon Ball Z),Ren Avel,20s,0QtsMVhPxjolvWEHaWV5LL,2021,2021-05-21,lofi,0.6612540814874354,0.6880773828931638,0.29392103613954457,0.7991960633673368,0.9414732593340062
Unrushed,LoFi Waiter,20s,4y5W4FuJra7JYvr10iktxa,2022,2022-01-07,lofi,0.06684519311523977,0.7565482012824694,0.21558387298934611,0.1746958204397544,0.7436932391523713
Childhood Fragments,LoFi Waiter,20s,6Wehv77PezqwbcY5fAdkoz,2022,2022-01-07,lofi,0.24634044165251884,0.9065318987066624,0.8558596198036348,0.014052671133623866,0.9475277497477295
ODDTAXI (ODDTAXI),Ren Avel,20s,1DL5aemHO5x4tr5GTGucYv,2022,2022-06-24,lofi,0.3736207128096068,0.771763938702315,0.221850846041362,0.9568271536239774,0.939455095862765
should have never met you,"Ngyn, nitsua.",20s,6bpvPioiETNag9ru7CrdzG,2020,2020-10-16,lofi,0.19222127123926888,0.7935007064449517,0.425527470231878,0.8604412640402991,0.7880928355196771
Lofi Rain,"Chilled Cougar, LoFi Waiter",20s,0bUYgpgrUaoFouvS0vf6qe,2020,2020-10-30,lofi,0.20825658099134292,0.5141832409520705,0.35136828911635676,0.9367467599607111,0.9374369323915238
Departure! (Hunter x Hunter),Ren Avel,20s,1x6Iech3wPJGpX3NDRn3E1,2022,2022-06-24,lofi,0.4127067803302873,0.6402564938593631,0.3168999373302695,0.9457829371091809,0.9283551967709385
Flames to Dust,Shierro,20s,7saan3wT8athjtK1LxUfth,2021,2021-07-30,lofi,0.42072443520632435,0.5098358874035431,0.019636515562983077,0.4789137844382391,0.8960645812310797
Sunset,Altair Blake,20s,4PcsApZvvI8SVnkmuZ7LWu,2020,2020-10-23,lofi,0.4738413987600697,0.6913378980545593,0.7764779611447671,0.049293762012656256,0.2623612512613522
above the clouds,"Ngyn, nitsua.",20s,01QLoNyMiLsFzKTkR0kmkG,2020,2020-10-02,lofi,0.24834485537152812,0.7163351809585915,0.16962607060789636,0.5692755559229374,0.9233097880928356
Lifelight (Super Smash Bros. Ultimate),Ren Avel,20s,2FHDdmkZGyHXuBBqUin8gJ,2022,2022-06-24,lofi,0.4968921565286762,0.6456906857950223,0.17589304365991226,0.9287146024954046,0.939455095862765
New Fields,"Tom Doolie, Saib",20s,22e0ya5jFpcRTXl8l7DLHE,2020,2020-06-21,lofi,0.4868700879336299,0.47940441256385175,0.34510131606434086,0.561243398457631,0.35620585267406657
Club Insomnia,Shierro,20s,0MFOk9fbcnp6T0jqNyMnym,2021,2021-07-30,lofi,0.2854265091731994,0.6315617867623085,0.0654898683935659,0.8564251853076458,0.9646821392532795
Fly Away,Altair Blake,20s,73irKR6LXAcLnPxVWZgYlc,2020,2020-10-30,lofi,0.41771781462781044,0.7152483425714596,0.5853352830582829,0.7018061541004952,0.9515640766902118
Disconnect,Shierro,20s,5ALE0gLHF4rsk33e5Srzm5,2021,2021-07-30,lofi,0.4497884341319586,0.6163460493424628,0.19573845832462922,0.12449483628158861,0.9727547931382442
Giorno's Theme (JoJo's Bizarre Adventure),Ren Avel,20s,6CnOEbRdUJqKTdkbe81ggy,2022,2022-06-24,lofi,0.49188112223115305,0.6641669383762635,0.49759766033006053,0.9116462678816283,0.9818365287588294
Midnight Macchiato,LoFi Waiter,20s,2NcmCfgwjLcf4rakDK3pYZ,2020,2020-09-18,lofi,0.3706140922310929,0.5793935441799805,0.11844579068310004,0.25802945414230966,0.9182643794147326
Quiet Storm,Shierro,20s,1QIsVlaCz3U5GfsEJE9O8L,2020,2020-11-03,lofi,0.526958362313815,0.602217150309749,0.08188844787967411,0.6716855636055957,0.9414732593340062
Watching The Rain,LoFi Waiter,20s,4HQEDrFbkrVo43WTtHCoDF,2021,2021-01-22,lofi,0.705351183305639,0.6902510596674274,0.19051598078128265,0.0389523592760741,0.8385469223007064
We Gotta Power (Dragon Ball Z),Ren Avel,20s,07AycLfBkThIYuXUn3pbac,2022,2022-06-24,lofi,0.6331922894213057,0.6315617867623085,0.25631919782744933,0.9447789174260176,0.8577194752774975
Cold Morning,LoFi Waiter,20s,2TfmC5Ll2KNf0CndJafNLv,2020,2020-11-06,lofi,0.5309671897518335,0.6087381806325399,0.09233340296636723,0.45481731204231957,0.8728557013118062
Walking On The Clouds,Sleepy Tom,20s,3RjTVIOTj0nzPT7vYYDbTB,2020,2020-10-30,lofi,0.3736207128096068,0.7641560699923922,0.22602882807603925,0.9698794095051005,0.9374369323915238
Walking in Ueno,LoFi Waiter,20s,3RjVTTJwqgKsNUImPBfmNT,2020,2020-09-18,lofi,0.49989877710719005,0.6402564938593631,0.09337789847503655,0.5522072213091612,0.9414732593340062
letting go,mood.,20s,4PCMttKgDScL8IbN59lF11,2021,2021-02-19,lofi,0.2894353366112179,0.5022280186936202,0.043764361813244196,0.6526091896254927,0.8506559031281533
Sunset Coffee,LoFi Waiter,20s,1E2Wj3cfdYKGdSqdbzxHA5,2020,2020-10-09,lofi,0.42072443520632435,0.4652755135311379,0.035930645498224355,0.6265046778632465,0.8890010090817356
Waves,Chilled Cougar,20s,0lkE5iTGHbOwyHkrZ2anR7,2020,2020-11-06,lofi,0.3706140922310929,0.7804586457993696,0.0975558805097138,0.8062242011494801,0.9132189707366297
Shukudai,LoFi Waiter,20s,3QnuspqK3dFPzx6YT8gVFz,2021,2021-02-03,lofi,0.3044684395037874,0.6293881099880448,0.14769166492584085,0.06666330253138163,0.7477295660948536
Asterisk (Bleach),Ren Avel,20s,5feJmnefTieo69wkcDmPtu,2022,2022-06-24,lofi,0.5089186388427317,0.5163569177263341,0.3043659912262377,0.9006020513668318,0.8425832492431886
Dan Dan Kokoro Hikareteku (Dragon Ball GT),Ren Avel,20s,2biaRyjXZ8lrS7hHxAn8mh,2021,2021-04-09,lofi,0.6712761500824816,0.6130855341810673,0.3847921453937748,0.4377489774285432,0.9384460141271443
No Sleep,Altair Blake,20s,54DgmYPU52KsAH0f5qJRwB,2020,2020-10-16,lofi,0.3094794738013105,0.7706771003151832,0.15291414246918736,0.23694504079587997,0.9142280524722503
Night Drive,LoFi Waiter,20s,5ZjkNspQw1OWzKo6p4XJz5,2021,2021-02-03,lofi,0.5369804309088614,0.6630800999891316,0.829747232086902,0.5672675165566108,0.07033299697275479
the WORLD (Death Note),Ren Avel,20s,3uwruvsS51nmOXMdWtwZHk,2021,2021-04-09,lofi,0.49388553595016227,0.5870014128899033,0.35554627115103404,0.8935739135846885,0.8718466195761857
Renai Circulation (Bakemonogatari),Otaku,20s,4k3bQolPVSky3itPqhsrlY,2021,2021-04-16,lofi,0.25936913082607904,0.6011303119226171,0.19260497179862127,0.19678425346934736,0.9091826437941474
Morning Dew,LoFi Waiter,20s,5HP4HRtDkhDFYdchIrSIZt,2021,2021-01-22,lofi,0.4157134009088012,0.6576459080534726,0.15813662001253392,0.4267047609137467,0.7527749747729566
Bon Voyage (One Piece),Ren Avel,20s,3W1Qi1SlToxa2AUhNk85iy,2022,2022-06-24,lofi,0.2954485777682457,0.7054667970872731,0.17798203467725088,0.9829316653862236,0.9525731584258325
Hacking to the Gate (Stein;Gate),"Otaku, LoFi Waiter",20s,2pCNTrsuKNerjXXSJK2kzP,2021,2021-04-16,lofi,0.2984551983467596,0.5859145745027714,0.09860037601838312,0.29417416273618896,0.8970736629667003
The Day (My Hero Academia),Otaku,20s,4zQ4d7cQk1aMBD7P3cuiBo,2021,2021-04-16,lofi,0.18821244380125035,0.6250407564395175,0.3733026947984123,0.5973881070515104,0.9031281533804238
Sing My Pleasure (Vivy Fluorite Eye's Song),Ren Avel,20s,4E4En3cRp1Uy0y7g7qcQkS,2022,2022-06-24,lofi,0.5530157406609354,0.6424301706336268,0.3743471903070817,0.9086342088321383,0.9303733602421796
Tank! (Cowboy Bebop),"Otaku, LoFi Waiter",20s,2X7iYoVNlL7aXjqViBO77q,2021,2021-04-16,lofi,0.5860885670245881,0.7500271709596783,0.5445999582201797,0.30321033988465884,0.9041372351160444
Colors (Code Geass),Ren Avel,20s,53MxojtmLNjucrqs0GguYU,2021,2021-04-09,lofi,0.4618149164460142,0.5489620693402891,0.4432838938792563,0.9477909764755075,0.9334006054490415
black roses,mood.,20s,1nR2dLSV4UXr9r8UFBECqQ,2021,2021-02-19,lofi,0.49889657024768547,0.8902293228996848,0.029350323793607688,0.05300863484036052,0.8748738647830474
Guren no Yumiya (Attack on Titan),Ren Avel,20s,2FsnxylMs0MttrT3yBKy1c,2022,2022-06-24,lofi,0.5219473280162918,0.7674165851537876,0.5257990390641321,0.9447789174260176,0.8244197780020182
Let It Flow,Altair Blake,20s,2M8MoD4yS6OZ7kccpmzM5j,2020,2020-11-06,lofi,0.41370898718979193,0.634822301923704,0.41194902861917687,0.11746669849944541,0.8405650857719476
Jazzy Afternoon,LoFi Waiter,20s,4piWGWlGPmzxSmFj3gbdZB,2021,2021-02-03,lofi,0.5209451211567873,0.6685142919247908,0.20409442239398373,0.7750995909714172,0.953582240161453
National Park (Pokémon Gold & Silver),Ren Avel,20s,1lltkINLmQuAYvVNScAU5p,2021,2021-04-09,lofi,0.46983257132205114,0.7000326051516139,0.3043659912262377,0.6887538982193722,0.9485368314833501
Kimi ni Todoke (Kimi ni Todoke),Ren Avel,20s,05H6948bWZZXTLDmq4XW6N,2022,2022-06-24,lofi,0.4658237438840327,0.7054667970872731,0.2448297472320869,0.9377507796438744,0.9162462159434914
Japanese Winter,LoFi Waiter,20s,2Y07pojl0DkC41zg0Vfvgo,2021,2021-02-03,lofi,0.5720576709915233,0.8543636561243343,0.6553164821391269,0.39859220978517385,0.8728557013118062
Hyper Printing,Satoshi Nakamoto,20s,0K3kC7FJYMyxcORN66kLOl,2021,2021-02-05,lofi,0.4016825048757364,0.6869905445060319,0.405682055567161,0.2680696509739428,0.9243188698284561
This Game (No Game No Life),Otaku,20s,0i4FFEupAyk8bfnTZrH1Vr,2021,2021-04-16,lofi,0.5560223612394493,0.6598195848277362,0.562356381867558,0.2740937690729227,0.9071644803229062
Have a Nice Day,LoFi Waiter,20s,6g7ZDt74S5zNaKNIFllOHk,2020,2020-09-18,lofi,0.07857101337144393,0.6967720899902184,0.562356381867558,0.6455810518433495,0.9495459132189706
Lake (Pokémon Diamond & Pearl),Ren Avel,20s,5XriZCsPQCmo4V54I9oHLn,2022,2022-06-24,lofi,0.5480047063634123,0.5946092815998261,0.34196782953833293,0.7851397878030504,0.9354187689202826
Lost Woods (The Legend of Zelda),Ren Avel,20s,61HLlAtWG7WJeSV5bjFmOe,2021,2021-04-09,lofi,0.5029053976857039,0.667427453537659,0.7075412575725925,0.6857418391698822,0.953582240161453
Green Bubble,Sleepy Tom,20s,2S5VE8tDgrCgFtsjwJyZMp,2020,2020-10-23,lofi,0.38264057454514844,0.5978697967612217,0.09442239398370586,0.9136543072479548,0.9243188698284561
Gold Tear,Sleepy Tom,20s,1aG9wJslSw9pfWen9fB3XH,2020,2020-10-30,lofi,0.4558016752889864,0.38484947288338217,0.07666597033632755,0.5501991819428346,0.9172552976791121
rainbow bridge,a girl and a cat,20s,4Vi2qeM4UPviTzuKohUIr3,2021,2021-01-01,lofi,0.3195015423963568,0.6696011303119227,0.15395863797785667,0.6315247762790631,0.9313824419778003
Floetry,Altair Blake,20s,2F4rlIiJHKg5ebub5cMECC,2020,2020-10-02,lofi,0.22429189074341702,0.7978480599934791,0.47357426363066635,0.10943454103413888,0.7325933400605449
Violet City (Pokémon Gold & Silver),Ren Avel,20s,7k7bdSLiIYHhYX95E5n7DD,2021,2021-04-09,lofi,0.46983257132205114,0.7424193022497555,0.7388761228326718,0.4518052529928296,0.9112008072653885
Floating Away,Altair Blake,20s,1QBMc979Via10RvuzUTcPm,2020,2020-11-06,lofi,0.14110872140453276,0.5250516248233887,0.07562147482765823,0.6495971305760028,0.1099899091826438
Fall Vibes,LoFi Waiter,20s,69ZtjFuw1CU0iCepIVMlw1,2020,2020-11-06,lofi,0.4868700879336299,0.706553635474405,0.338834343012325,0.046080899026533645,0.8728557013118062
Sueca,lorleaf,20s,51YcG5rNWcsUsOwSQPVqk0,2024,2024-10-11,jazz,0.332530231569917,0.7445929790240191,0.5174430749947775,0.4799178041214024,0.9021190716448032
Streets Of Rio,"Erwin Do, Lenny B",20s,3D7tHItozfNTG5jJGxkMCV,2024,2024-10-22,jazz,0.4618149164460142,0.843495272253016,0.66576143722582,0.5853398708535505,0.9434914228052473
Drizzle,Philanthrope,20s,5upFjPY4295n6g5AAr9LZq,2024,2024-11-08,jazz,0.5931040150411205,0.8456689490272796,0.34927929809901814,0.10742650166781224,0.829465186680121
Yuna,"Kanisan, lost echoes",20s,0myPNIeqjElCgxGy1NrnJO,2023,2023-11-21,jazz,0.16616389289214853,0.6630800999891316,0.010444955086693129,0.6194765400811033,0.8728557013118062
Butterfly Weed,The Lofi Big Band,20s,52ISO2r8yrzFsaU54cSMJ9,2023,2023-11-22,jazz,0.4578060890079957,0.6098250190196718,0.3461458115730102,0.5923680086356937,0.9152371342078709
Call a Friend,"C4C, Plusma",20s,7LV39mLX4OVV5k8csHFq8f,2024,2024-08-09,jazz,0.21527202900787534,0.5348331703075753,0.4411949028619177,0.7640553744566208,0.9101917255297679
Tokyo Lights,"Shuko, FLKS",20s,4DkAN8ownDd6sDUOVUZyG4,2024,2024-01-26,jazz,0.6993379421486112,0.628301271600913,0.6333820764570712,0.049494565949288916,0.893037336024218
Duende,"flâneur, Dani Catalá, dennisivnvc",20s,1m5O3VNj0yGcZdzg5NxMCF,2024,2024-04-04,jazz,0.3405478864459541,0.5022280186936202,0.47148527261332773,0.672689583288759,0.8900100908173563
Calm Winds,Dpsht,20s,22x6TxJlGxZfQjJbAN4cQY,2024,2024-05-17,jazz,0.20825658099134292,0.876100423866971,0.28869855859619803,0.9658633307724472,0.7608476286579213
Fire Barrel,"No Spirit, Sátyr, Sitting Duck",20s,2mxp3XhXa2sowJs1NOJcLk,2023,2023-12-08,jazz,0.4467818135534447,0.634822301923704,0.38688113641111344,0.8554211656244824,0.9606458123107972
lemon soda,"Jost Esser, Sleeping Dove, very noise person",20s,3h641YOd617QlxVMI4u2ds,2024,2024-03-21,jazz,0.3315280247104124,0.6848168677317683,0.45163985794861083,0.7801196893872339,0.9374369323915238
Nicosia,Showyou,20s,0s5pKkA3WQsR2LWjO9ZXab,2024,2024-08-27,jazz,0.3215059561153661,0.8467557874144115,0.8213912680175475,0.9136543072479548,0.8970736629667003
Perfections,Koralle,20s,5ZYgCqDnubS8OT10bDou1T,2023,2023-11-24,jazz,0.2954485777682457,0.6054776654711445,0.7232086902026321,0.04628170296316631,0.8647830474268415
Eyes Closed,"Leo Motta, Toti Cisneros",20s,0e7Zh5sczPvNV40Y9f5ujU,2024,2024-02-09,jazz,0.44177077925592156,0.6728616454733182,0.11113432212241488,0.40260828851782715,0.7628657921291625
Gymnopédies,L.Dre,20s,6r0Jqgnd5i92R2cuE0Z1q6,2023,2023-02-10,jazz,0.12006237735493558,0.6565590696663407,0.16753707959055775,0.9287146024954046,0.8879919273461151
Sabai,"flâneur, marsquake",20s,44qql1ujljCnblwDQ6cI77,2024,2024-08-27,jazz,0.448786227272454,0.8076296054776656,0.3659912262377272,0.7831317484367238,0.8385469223007064
NYC,"Jost Esser, SOFLUX",20s,2q761Wyz5BfA1Emy3t4vsI,2024,2024-01-24,jazz,0.19723230553679202,0.6033039886968808,0.2458742427407562,0.5813237921208972,0.6367305751765893
Echoes,"Mindeliq, ØNEMOR3",20s,40UK1Zl6X8GmezVlI6AZWg,2023,2023-08-25,jazz,0.26638457884261146,0.6554722312792088,0.3116774597869229,0.5401589851112014,0.9152371342078709
Level Up,Zmeyev,20s,7DLLTse2JSpe5956I6PuEx,2023,2023-11-10,jazz,0.3385434727269448,0.8847951309640256,0.5832462920409442,0.3022063202014955,0.8203834510595358
No Goodbyes,ENRA,20s,6OXEMJbqt8DYPg8lYmRxjZ,2024,2024-05-31,jazz,0.2443360279335096,0.8184979893489839,0.2803425945268435,0.5381509457448748,0.8405650857719476
Tropicana,RejSende,20s,0dHpOqqAHj1UsMWlIv3Qjk,2023,2023-04-27,jazz,0.8777307631404352,0.7771981306379742,0.816168790474201,0.6044162448336535,0.9081735620585267
Hidden Gems,"SamuW, Mendeville, Lazlow",20s,2yAs9J6qFOdr7JuaWBDsM4,2024,2024-06-07,jazz,0.40970015975177343,0.621780241278122,0.3200334238562774,0.5602393787744677,0.7336024217961655
cycles,.Eehou,20s,55nIFLXoWJDzwbTyT3v6tu,2024,2024-01-03,jazz,0.3575854030575327,0.6815563525703728,0.3670357217463965,0.3684716192902744,0.016851664984863773
Picadilly,"Erwin Do, flâneur, Beto Braga, Raouf",20s,4GP63RpTwxOCnMq5ZVnKZR,2024,2024-05-23,jazz,0.46482153702452805,0.5141832409520705,0.18216001671192814,0.25802945414230966,0.8980827447023209
Sunset Cruising,"Beats by Tobÿ, Tobÿ",20s,41yA0HytRzoAy1Po7PPgAQ,2024,2024-06-07,jazz,0.6592496677684261,0.654385392892077,0.5801128055149363,0.6265046778632465,0.7870837537840566
Moonlit Cruisin,"Banks, AC, Dryden",20s,7KB7PYSySN1TfnIvSf7wC9,2024,2024-02-23,jazz,0.40970015975177343,0.5511357461145527,0.47252976812199704,0.8945779332678518,0.9455095862764885
Bali,lorleaf,20s,4GTx5ce46I727hO7AmTwf0,2023,2023-08-04,jazz,0.18219920264422257,0.5772198674057167,0.23334029663672445,0.8132523389316233,0.9656912209889
floating,Mozzie,20s,23JhVTYEOlAMp82uiwqCvY,2024,2024-06-26,jazz,0.49989877710719005,0.6772089990218455,0.6187591393357009,0.4016042688346638,0.8879919273461151
That Summer Feeling,Oilix,20s,42UxztZhDlE6Pl3OP5r3iy,2023,2023-08-25,jazz,0.25034926909053734,0.8380610803173568,0.4307499477752245,0.5140544733489552,0.9303733602421796
Crimson,"7apes, Les Jardíns",20s,0lHKUq3vasc9eAKVdMVcG3,2023,2023-11-29,jazz,0.5289627760328243,0.73915878708836,0.9415082515145186,0.3242947532310885,0.581231079717457
Think Twice,Cap Kendricks,20s,5TYagQdQRwe9ivfuKU471K,2023,2023-11-24,jazz,0.41671560776830585,0.8880556461254212,0.7890119072487989,0.1355390527963851,0.8627648839556004
Ripples Of Autumn,Mendeville,20s,4qm6QmmBVo6mRJhskTubLk,2023,2023-11-15,jazz,0.39566926371870864,0.6239539180523856,0.5957802381449759,0.7811237090703972,0.11301715438950555
Aperitif,Jazzy James,20s,16lpRQwZqORZxEqkSCi9SF,2024,2024-01-12,jazz,0.4928833290906577,0.7663297467666559,0.7106747440986003,0.6234926188137565,0.8567103935418768
P_Optimist,Butterscotch,20s,02MFno0s2lpD3rycI7cllL,2024,2024-02-29,jazz,0.29945740520626424,0.7261167264427779,0.14142469187382495,0.12549885596475194,0.5388496468213926
Myth,Ben Jammin' Beats,20s,5TIc53pvTiR7tzz08OwiUj,2023,2023-11-17,jazz,0.5860885670245881,0.6630800999891316,0.29287654063087526,0.1676676826576112,0.6982845610494449
On The Sly,"Monocloud, Lazlow",20s,71Eug4c1AwKUNMcTXwV86x,2024,2024-02-12,jazz,0.3365390590079355,0.6978589283773503,0.6720284102778359,0.6706815439224324,0.9162462159434914
Inappropriately Sleeping,"Hoffy Beats, Tonion, Louk",20s,2RMhe7e13lhoQJA2tSNyvU,2024,2024-03-15,jazz,0.29344416404923646,0.7543745245082056,0.3179444328389388,0.8995980316836685,0.8698284561049445
Tenkodo,lorleaf,20s,4f9IkeqLuVZ5JO1rAwPVsA,2022,2022-08-05,jazz,0.18420361636323182,0.7054667970872731,0.4411949028619177,0.3765037767555809,0.5348133198789102
Circle Reflections,Mindscape,20s,5FIxocSQFn74wY3rJHS7HC,2024,2024-08-16,jazz,0.6341944962808104,0.7087273122486686,0.6030917067056611,0.005809669534853042,0.7880928355196771
Come On Up,"jüle., IONA, Chill Select, Bn Hl",20s,64Nh1ytlxzdLLpmLoc82tS,2024,2024-05-10,jazz,0.3706140922310929,0.42723616998152375,0.06360977647796114,0.256021414775983,0.9283551967709385
Mañana,ron quixote,20s,1Be6BhtTjQfvPZbx5H3k6t,2024,2024-05-31,jazz,0.3706140922310929,0.8032822519291382,0.20096093586797578,0.8172684176642765,0.9021190716448032
Apapane,"Oaty., Chancla",20s,2chNlEOvs5WkpZolh0G0ca,2023,2023-06-23,jazz,0.3225081629748707,0.6956852516030866,0.46521829956131183,0.39256809168619394,0.7951564076690212
Calm Your Mind,"Kimmø, Kid Tarô, Shuko",20s,5Y5INI47aDC5838KKFO07y,2024,2024-02-16,jazz,0.5670466366940001,0.8380610803173568,0.45895132650929593,0.21084052903363376,0.9263370332996973
Low Tide,"Sátyr, Mosalla",20s,7DvFefh4tcbBPuqlLZkYlY,2024,2024-04-08,jazz,0.6672673226444631,0.791327029670688,0.2615416753707959,0.07158299897888187,0.7063572149344096
Passenger,Damn Homies,20s,5SH0eiiSCxHr1FZijS7aSP,2023,2023-11-10,jazz,0.3235103698343753,0.5109227257906749,0.1132233131397535,0.7670674335061107,0.8990918264379415
Cream,Hans Hu$tle,20s,7gKStrOOATphBtfbQnfah4,2023,2023-11-20,jazz,0.2834220954541901,0.6043908270840126,0.40672655107583033,0.5742956543387541,0.9323915237134208
Fishizens,Josa,20s,56YpXPDyWRzgElEKvTGTif,2024,2024-05-23,jazz,0.38163836768564385,0.752200847733942,0.7336536452893253,0.30019828083516886,0.7467204843592331
Spring Melody,"Midan, Beats for Trees",20s,75COvmWgSL1DfGkQburzDa,2024,2024-06-07,jazz,0.32451257669387995,0.5924356048255625,0.23438479214539376,0.9307226418617313,0.9364278506559032
Midnight Cruisin,"Lamar Azul, Mindscape",20s,2ZKgeVCWa1RfOq2FMcokGy,2023,2023-11-10,jazz,0.45079064099146327,0.7119878274100642,0.5038646333820764,0.07459505802837182,0.8789101917255298
Sunday Galaxy Ride,Guzimi,20s,2NogZP4VnAqH6O8dVbcc7j,2024,2024-02-02,jazz,0.3285214041318985,0.7489403325725464,0.3680802172550658,0.7821277287535605,0.9313824419778003
Pirogue,"Odd Panda, Hikari",20s,4uFRKqRtCFSsO0oDITKwGT,2024,2024-07-23,jazz,0.5329716034708428,0.6532985545049452,0.649049509087111,0.23192494238006342,0.8062563067608477
deliberation,"flamingo zamperoni, Chirofafa",20s,6W0gVa2dyLYCl2U19VJo4x,2023,2023-06-29,jazz,0.3796339539666346,0.6293881099880448,0.34510131606434086,0.828312634179073,0.5731584258324924
Floatin',"SamuW, Mendeville, Lazlow",20s,0SwMW7AfosFNOwCIkzi4Rn,2024,2024-04-26,jazz,0.47484360561957434,0.5913487664384306,0.5801128055149363,0.7008021344173319,0.47124117053481335
Move Around,"Zmeyev, flowless",20s,4heW9iwtsMVkUXkX0sxGac,2024,2024-08-23,jazz,0.36860967851208365,0.6141723725681991,0.24065176519740963,0.07399264621847383,0.922300706357215
Lightness,"Screen Jazzmaster, Zmeyev",20s,11elPe2vSn3tlU1LDBq3GS,2024,2024-03-22,jazz,0.43475533123938914,0.823932181284643,0.46730729057865045,0.06987616551750422,0.8829465186680121
Mood Swings,"Mr. Käfer, Niklas Nadidai",20s,0hcX7etCRdZALhZEV33Vip,2024,2024-08-16,jazz,0.3475633344624864,0.6869905445060319,0.44537288489659493,0.6074283038831435,0.922300706357215
The Backyard,"Noflik, Pleij",20s,6cyX6lruOniejnJWvnBmRm,2023,2023-01-17,jazz,0.313488301239329,0.7282904032170416,0.2030499268853144,0.8112442995652966,0.8879919273461151
Chichihua,Peter Kind,20s,2r20uyktL1iCiwXIBN19ok,2024,2024-02-29,jazz,0.4357575380988938,0.7804586457993696,0.6876958429078754,0.4718856466560959,0.06528758829465187
Golden Leaves,Kasimir,20s,1Evo7pko1p8MazcfRkfQeJ,2023,2023-10-27,jazz,0.16616389289214853,0.7348114335398327,0.5362439941508252,0.6636534061402892,0.9646821392532795
Jazzy Mondays,"Zmeyev, Screen Jazzmaster",20s,3AAahZu2L1Lbujjl2lnBJo,2024,2024-07-26,jazz,0.4718369850410604,0.7511140093468102,0.7681219970754126,0.06535807694326931,0.8335015136226034
The Other Day,halfpastseven,20s,6BjAIEdSSVo88S6kXOl2qn,2023,2023-12-01,jazz,0.3445567138839725,0.6554722312792088,0.6500940045957803,0.3524073043596613,0.8859737638748739
New Chapter,"Jikuru, Lola",20s,4WN8mNRvUmaFl3nPDj5U5V,2024,2024-04-26,jazz,0.43475533123938914,0.732637756765569,0.7117192396072697,0.7791156697040705,0.9132189707366297
Bobba,Platinum Dust,20s,6IWajUqxetsaZo5kqqDPrJ,2024,2024-02-15,jazz,0.5059120182642178,0.6880773828931638,0.405682055567161,0.34035906816170153,0.6700302724520687
Felices Siestas,Señor Siesta,20s,37P1VYFyxYXH3jFsnuONhs,2022,2022-12-16,jazz,0.46381933016502347,0.8011085751548745,0.575934823480259,0.5853398708535505,0.8435923309788093
The Last Day,"Guidolain beats, brass.beats",20s,4FLBF643woNKmrIoFbo7g9,2023,2023-08-22,jazz,0.3615942304955512,0.8054559287034019,0.305410486734907,0.61546046134845,0.9354187689202826
Kamada,Butterscotch,20s,1XktyM1GKgmZ7gNKDMBSyC,2023,2023-11-30,jazz,0.19923671925580128,0.5924356048255625,0.626070607896386,0.5451790835270179,0.9465186680121089
cinnamon,"Mozzie, flut",20s,6o1kfCPUpCCcpwAlDSkqzr,2023,2023-12-14,jazz,0.2613735445450883,0.7348114335398327,0.5257990390641321,0.8584332246739724,0.9152371342078709
A Million Times,KaspaHauser,20s,7j9aWWzY5lb1ngR5QDjF5B,2023,2023-10-25,jazz,0.3545787824790188,0.44897293772416036,0.4203049926885314,0.9186744056637715,0.893037336024218
Life Form,"xander., Rikard From",20s,3YLFWYh5nsCBxIFUBPiEDa,2024,2024-08-16,jazz,0.5610333955369724,0.5424410390174982,0.32525590139962396,0.7781116500209072,0.8456104944500504
biking,Loop Schrauber,20s,7dU3XypaQO3xh4Wx3Rh17N,2023,2023-10-20,jazz,0.367607471652579,0.7228562112813824,0.6438270315437644,0.6666654651897792,0.8072653884964682
Yard,paris91,20s,7uI9pFWk4XEOzd11mU8iF5,2024,2024-03-08,jazz,0.46983257132205114,0.67394848386045,0.6741174012951745,0.6696775242392691,0.8990918264379415
Urban Oasis,"Mindeliq, Billa Qause",20s,68q3yCwDpiaoSQzp2ZWeG2,2023,2023-12-05,jazz,0.32451257669387995,0.732637756765569,0.6135366617923543,0.5833318314872239,0.7850655903128154
Respiro,"flâneur, marsquake",20s,1jPThz0AXLhXUWyRorLlHq,2024,2024-06-11,jazz,0.38965602256168086,0.7424193022497555,0.4620848130353039,0.11144258040046551,0.8708375378405651
Aquarius,"Sátyr, Mosalla, Louk",20s,5oumPtBURtSbi4njivMUUJ,2024,2024-05-06,jazz,0.37261850595010215,0.5554830996630801,0.1445581783998329,0.6224885991305932,0.9192734611503532
Como,"SamuW, Kimmø",20s,4P2vzyD2SoN9WIkXKSqSDE,2023,2023-11-03,jazz,0.45079064099146327,0.7608955548309967,0.2114058909546689,0.5431710441606913,0.7325933400605449
A Cosmic Hiss,"Lola, Bluewerks",20s,5k5eFS6KhqriULcojCy9EX,2024,2024-02-23,jazz,0.31749712867734753,0.36202586675361376,0.21558387298934611,0.6736936029719224,0.9122098890010091
Grooveshop - damaa.beats Remix,"rocomoco, Hoffy Beats, damaa.beats",20s,3RNydswFqiSEUokxVWySdE,2024,2024-02-07,jazz,0.2774088542971624,0.7576350396696012,0.38270315437643615,0.3263027925974151,0.9182643794147326
Night Driver,Rosemary beats,20s,2MrMzdMeiQxLAAxtBLpzqr,2024,2024-06-28,jazz,0.2824198885946855,0.7728507770894468,0.5978692291623146,0.8584332246739724,0.36427850655903127
Floating,"Slo Five, Frances The Mute",20s,7JWPqQHFctM4VY1WlFNdF6,2024,2024-01-23,jazz,0.507916431983227,0.4000652103032279,0.375391685815751,0.08433404895505599,0.6781029263370334
Blossom,"Sem0r, Loyae",20s,0FMQXVgSQLpUMv9mxJJ7hk,2023,2023-10-04,jazz,0.4558016752889864,0.8641452016085208,0.69605180697723,0.24196513921169657,0.8082744702320889
Veil,"Hans Hu$tle, KOMOREBI",20s,28D9EaiySXKtyg37WFQqpT,2021,2021-10-15,jazz,0.33052581785090773,0.5783067057928486,0.19364946730729057,0.22288876523159357,0.9071644803229062
Maple,"Living Room, ØNEMOR3",20s,3dCSED6UnykK6RmbVp5r2N,2024,2024-08-09,jazz,0.46081270958650955,0.4359308770785784,0.8255692500522247,0.04126160454734973,0.7527749747729566
Up & Down,"Drxnk, Myríad, Golden Ticket Tapes",20s,0fuUjvuE6pRn0bUYTLmhDc,2021,2021-07-23,jazz,0.3235103698343753,0.6250407564395175,0.35659076665970335,0.8975899923173418,0.8153380423814329
Second Chance,"Saiko, Joe Sunrise",20s,4XRqTzS396OGLIn5bsxcaL,2022,2022-10-07,jazz,0.4497884341319586,0.6315617867623085,0.3168999373302695,0.18473601727138755,0.863773965691221
Paces,Lazlow,20s,2ZrUwNP8q29wg3VpvMI0t3,2023,2023-04-05,jazz,0.5349760171898521,0.8217585045103792,0.5362439941508252,0.38453593422088744,0.20080726538849647
Salt,Oaty.,20s,13lm4JZN6BzI7xVtp9loUg,2023,2023-09-22,jazz,0.3124860943798244,0.5576567764373438,0.3764361813244203,0.6174685007147767,0.8486377396569121
Hold On Tight,Boney James,00s,5qsm0eGh4vPXOOEKNrH6cX,2009,2009-01-01,jazz,0.5219473280162918,0.5196174328877297,0.7848339252141217,0.6244966384969198,0.8668012108980827
Over The Rainbow,Kenny G,20s,1kdJIblHd6cHPMqoHXbEWJ,2023,2023-12-01,jazz,0.27941326801617167,0.2892076948157809,0.029245874242740753,0.9026100907331583,0.021190716448032294
Girl In The Red Dress,Gregg Karukas,00s,7IGXCoBk68O6Yrt65WFPIL,2005,2005-01-01,jazz,0.5319693966113381,0.7576350396696012,0.8443701692082723,0.3192746548152719,0.7194752774974773
Where the Night Begins,Steve Cole,90s,1XWvnO1jAnW8izUOczEdZu,1998,1998-05-01,jazz,0.5860885670245881,0.6369959786979676,0.4861082097346981,0.3714836783397643,0.7487386478304743
If Only For One Night,"Dave Koz, Brian Culbertson",00s,6O4i4aMjDM7JVexa5hA3sk,2004,2004-01-01,jazz,0.4086979528922688,0.7543745245082056,0.16962607060789636,0.3624475011912945,0.09081735620585267
Boneyizm,Boney James,90s,4kUwH75A8Dc6PxA3Kl0Yif,1999,1999-02-05,jazz,0.60813711793369,0.5272253015976525,0.39314810946312934,0.2068244503009805,0.9192734611503532
citynights,Ny Cic,20s,4a5ydZOgONWaxaFMN4bmyx,2023,2023-03-12,jazz,0.2874309228922087,0.706553635474405,0.2698976394401504,0.4387529971117065,0.9182643794147326
Can You Feel It,"Adam Hawley, Marcus Anderson",10s,1mYIkTdWul7A4NYS3cKR2g,2018,2018-03-23,jazz,0.600119463057653,0.8032822519291382,0.7796114476707751,0.21686464713261366,0.24419778002018164
Porch Java,Delorme & Co,20s,11m6UgxZF4ZfDQ50eN9bYs,2023,2023-03-31,jazz,0.5590289818179632,0.8391479187044886,0.5999582201796533,0.7088342918826384,0.6417759838546923
Never Without You,"Brian Simpson, Peter White",10s,7G212RN10A9CTozYwBXbNq,2010,2010-08-31,jazz,0.49388553595016227,0.7032931203130094,0.4203049926885314,0.6857418391698822,0.6357214934409687
I'll Be Waiting,Earl Klugh,90s,3L3GwtfPpOl0Qbq3Md15fT,1996,1996-03-15,jazz,0.5931040150411205,0.5967829583740898,0.35032379360768745,0.47088162697293257,0.9172552976791121
A Mother’s Lullaby,Kenny G,20s,2FdWsATDfwQHKzWaDD24Kb,2023,2023-09-08,jazz,0.26838899256162074,0.20334746223236602,0.22602882807603925,0.7369468430112113,0.7083753784056508
Liquid Soul,Chris Standring,00s,36TH6l0hRy22WrYiQXXR8q,2008,2008-01-01,jazz,0.27640664743765775,0.6967720899902184,0.746187591393357,0.3473872059438447,0.8163471241170536
Perfect Moment,Peter White,90s,3GP271M8xEpmtEFEfC56df,1998,1998-09-01,jazz,0.4317487106608753,0.6511248777306815,0.47148527261332773,0.5501991819428346,0.7396569122098889
Deep Touch,Richard Elliot,90s,6t7taWgrWVlV86UuxmMyLW,1999,1999-01-01,jazz,0.38765160884267164,0.6261275948266494,0.5999582201796533,0.17268778107342778,0.6609485368314834
If I Could Fly,Vincent Ingala,10s,6ZrF3FEq8MQd1CN9MXTHqa,2012,2012-06-14,jazz,0.5780709121485511,0.7358982719269644,0.21871735951535407,0.22690484396424684,0.7759838546922301
You Read My Mind,David Benoit,00s,7clQlmRcKRDWXWu9vmYexQ,2002,2002-01-01,jazz,0.6372011168593242,0.5685251603086621,0.6709839147691665,0.050398183664135905,0.905146316851665
Elevation,Jackiem Joyner,00s,6mpc681Hb9vbr4tFZJ7Jfc,2007,2007-05-08,jazz,0.7173776656196945,0.7891533528964244,0.7096302485899311,0.08925374540255623,0.19677093844601415
In The City,Brian Culbertson,10s,5sjpxYrH0KVtDs6mWGbY7C,2012,2012-01-01,jazz,0.49889657024768547,0.693511574828823,0.7242531857113015,0.29116210368669904,0.934409687184662
West Coast Coolin',Norman Brown,00s,07pe7c2ytCutxLyykBo1AX,2004,2004-08-31,jazz,0.6311878757022964,0.6837300293446364,0.5644453728848966,0.5371469260617114,0.8809283551967709
Any Love,Kirk Whalum,00s,1uQnqFPN4Fzvn17DGX0eBj,2004,2004-01-01,jazz,0.6812982186775279,0.6467775241821542,0.6166701483183622,0.24296915889485987,0.6821392532795157
Always Thinkin' Of You,Nick Colionne,00s,4KmFtbORBU1svsFSKeA3iT,2006,2006-01-01,jazz,0.6552408403304075,0.6967720899902184,0.7911008982661375,0.2138525880831237,0.858728557013118
Autumn Day,Peter White,90s,2w3XMjQfcfO2cS1T0xXcDu,1998,1998-09-01,jazz,0.7083578038841528,0.6293881099880448,0.6438270315437644,0.2961822021025156,0.6781029263370334
Next Journey,robomoque,20s,40ch36XYitWd7bL6Ih7Fyz,2023,2023-04-07,jazz,0.42272884892533363,0.7413324638626236,0.4631293085439732,0.6696775242392691,0.9162462159434914
Battery Park,Zacky Yazz,20s,4eT8pcYWhhcGST01XuzcKp,2023,2023-04-14,jazz,0.49188112223115305,0.5250516248233887,0.30018800919156047,0.08363123517684165,0.5358224016145308
Mr. Groove,Euge Groove,00s,16hiBwYiCd0crSiBtCXsMN,2007,2007-01-01,jazz,0.802565248677588,0.6913378980545593,0.6198036348443702,0.09337022610352583,0.44904137235116043
Find Someone Like You,"Jonas Wall, Umbaji",20s,0Y2ILiQA9YbWev5YpkzOu9,2023,2023-04-04,jazz,0.5099208457022363,0.6869905445060319,0.40150407353248374,0.6144564416652867,0.8728557013118062
Surrender (feat. Boney James),"Jonathan Butler, Boney James",00s,3XS01xqHzkICimJBDwy0iA,2002,2002-06-18,jazz,0.40268471173524106,0.5109227257906749,0.5790683100062669,0.20582043061781718,0.6296670030272452
Straight to the Heart,Brian Culbertson,90s,1oUlwpvmUwgDWT5JzzRfov,1997,1997-09-16,jazz,0.41370898718979193,0.7837191609607652,0.28660956757885936,0.5501991819428346,0.8859737638748739
#3,Aphex Twin,90s,7glKwbR1DyuIuE6XvZvJbQ,1994,1994-03-07,classical,0.07095424123920874,0.10879252255189652,0.03196156256528097,0.9146583269311181,0.863773965691221
Clairvoyance,Jon Hassell,00s,0SXeDhoNKnhp3h1R1wGtd2,2009,2009-03-20,classical,0.011824036528435614,0.28812085642864904,0.746187591393357,0.9899598031683668,0.9636730575176589
Waves of the Unconscious Mind,Sol Reya,20s,3eb7YLFzZGU7caNDQbZDfh,2024,2024-04-14,classical,0.042291125057376346,0.11640039126181936,0.006058073950282013,0.8915658742183619,0.674066599394551
Pink And Golden Billows,Brambles,10s,2fWCXfSnr07XKJAfPWlevl,2012,2012-10-22,classical,0.061533496759865226,0.35659167481795456,0.2604971798621266,0.9939758819010202,0.9233097880928356
Wav1,Terekke,10s,61nIFWvt5C2xpmy3B66YNN,2018,2018-02-28,classical,0.11204472247889855,0.06423214867949135,0.13724670983914772,0.99698794095051,0.9101917255297679
Distorted Reflection,MrNotYet,20s,3dCN2xyenuKehKD6ePQ60Q,2023,2023-05-25,classical,0.012224919272237466,0.14248451255298336,0.06392312513056195,0.9919678425346935,0.8668012108980827
Melancholia II,William Basinski,00s,243SYVzBHECQf3paZxeHGd,2003,2003-08-12,classical,0.04960723513176014,0.13161612868166503,0.045331105076248164,0.9849397047525502,0.9112008072653885
"I Thought About Death, About Time",Benjamin Gustafsson,10s,4JOoSceuUVZwJ3CCNWNc0n,2019,2019-09-13,classical,0.03868318036315968,0.14248451255298336,0.09128890745769794,0.9979919606336733,0.9455095862764885
Fantas Morbida,"Caterina Barbieri, Kara-Lis Coverdale",20s,3EmimXCpHQ9PW6FN0ajDeU,2021,2021-04-02,classical,0.06413923459457727,0.22182371481360721,0.305410486734907,0.9989959803168367,0.9263370332996973
Resignación,Murcof,00s,0WLvjy4ORj6Bw1I7LHEn0I,2005,2005-10-03,classical,0.04098825614002032,0.13596348223019236,0.006266973052015875,0.62148457944743,0.9122098890010091
Poa Alpina,Biosphere,90s,4K4kedXFAuW6gn8iwgGFTw,1997,1997-07-12,classical,0.03026464274332079,0.17400282577980652,0.08815542093168999,0.9126502875647916,0.9465186680121089
Éphémère,Tony Anderson,20s,4LurYqydfPdLc9IN7eQxTF,2021,2021-03-26,classical,0.02154544306563052,0.23812629062058474,0.2020054313766451,0.9839356850693869,0.9273461150353179
Hold This Memory,"Deepend, Madism",20s,21VnSlwtvNKUFFHHKqt7fI,2022,2022-09-23,electronic,0.7113644244626668,0.6989457667644821,0.5728013369542511,0.08232600958872935,1.5338042381432895e-05
Emorio,"Trinix, Fafá de Belém",20s,14VthBnru6kiREQUYAuNSL,2023,2023-04-28,electronic,0.7193820793387038,0.6630800999891316,0.6114476707750157,0.08895253949760723,0.4036326942482341
Fast Car,"Jonas Blue, Dakota",10s,2mCF8L0brIs88eH6Kf2h9p,2015,2015-12-04,electronic,0.5710554641320187,0.6359091403108358,0.5195320660121161,0.4859419222203823,0.0
Sexual Healing - Kygo Remix,"Marvin Gaye, Kygo",10s,7s1upm7yr7ZjrzXMwHawtG,2015,2015-04-27,electronic,0.6812982186775279,0.6848168677317683,0.6438270315437644,0.3222867138647619,0.02129162462159435
Cool Kids,"Toby Rose, TWOPILOTS",20s,1nOrmN6H9MmEzSTU024eAX,2022,2022-09-29,electronic,0.8426535230577732,0.771763938702315,0.7127637351159389,0.11445463944995546,0.0
Evening Walk,Matt Bleu,20s,4uBqGpvf7WAIxFDPlhqnSA,2023,2023-10-20,electronic,0.6863092529750511,0.765242908379524,0.09024441194902862,0.36144348150813116,0.8950554994954592
Take My Breath Away,TWOPILOTS,20s,6Uc23VRzRJSgu3eebPvH8I,2022,2022-12-01,electronic,0.6542386334709029,0.6196065645038583,0.22811781909337786,0.0034602634762508837,0.0007245206861755802
Bloom,"Lucas Estrada, TWOPILOTS",20s,4hHvZD1pcvG8rxUkhau6Is,2022,2022-06-17,electronic,0.7434350439668149,0.6380828170850995,0.11113432212241488,0.02248643647219572,5.0353178607467206e-05
Bloom (Brendan Mills Remix),"Lucas Estrada, TWOPILOTS, Brendan Mills",20s,18IP0JyVbV7ignrEW0HyNR,2024,2024-04-04,electronic,0.8015630418180835,0.6326486251494403,0.19782744934196783,0.011843827830664571,0.022704339051463168
Sunbeams,NSH,20s,16hV7KbASg4EWoEymJerRA,2022,2022-07-28,electronic,0.6712761500824816,0.6467775241821542,0.5205765615207855,0.1495953283606715,0.1584258324924319
Kyoto,Innocent Panda,20s,4N0UHWYEc1DCn1UcsJtfmx,2020,2020-10-22,electronic,0.5780709121485511,0.6228670796652538,0.28347608105285144,0.5823278118040606,0.8032290615539859
True,"CYRIL, Kita Alexander",20s,2pw12Ta8UfYKesE52ldUFm,2024,2024-08-09,electronic,0.5931040150411205,0.8282795348331703,0.3733026947984123,0.2138525880831237,0.0
Lie To Me,"Thom Merlin, Foínix, Brandon Chase",20s,7Bue9Cua1VRTbepCvZ6dDt,2024,2024-04-05,electronic,0.6412099442973428,0.6054776654711445,0.17484854815124293,0.08493646076495397,1.977800201816347e-05
Sunset Lovers,"Thierry Von Der Warth, Horizon Blue, Carston",20s,1x7NAvqHgCvhV549ls0FTE,2022,2022-08-12,electronic,0.7424328371073102,0.8119769590261929,0.5571339043242114,0.023490456155359035,3.763874873864783e-05
Waves,"Gabriel Morais Jr, Ayla Nova",20s,6OzvLRbIvjLPJs5lN7MeaM,2021,2021-09-20,electronic,0.6812982186775279,0.667427453537659,0.09128890745769794,0.5441750638438546,0.8960645812310797
House Of Cards,"Lucas Estrada, Deepend, Dan Caplen",20s,6dCF9KJngOrJCmMuxFmBx1,2023,2023-11-03,electronic,0.7404284233883011,0.7500271709596783,0.8391476916649259,0.02509688764842034,4.5206861755802216e-05
King,TWOPILOTS,20s,7yH9SbrDQfNIh89ACCR7Ib,2023,2023-01-19,electronic,0.8636998671073705,0.6369959786979676,0.38270315437643615,0.007385980437419448,1.7457114026236125e-06
Follow the Sun,NEIMY,20s,5NhrlsuS5y4T4N7WbbEute,2022,2022-06-24,electronic,0.5730598778510279,0.6359091403108358,0.09964487152705243,0.5431710441606913,0.006145307769929364
Glowing State,Maiwan,20s,3mHAqQWWO4BWRME0sSFzEj,2020,2020-07-24,electronic,0.4978943633881808,0.7945875448320835,0.2813870900355128,0.24899327699383977,0.875882946518668
Covered By The Clouds,NSH,20s,3L7GfGzP8miHtSJqclIF73,2024,2024-04-04,electronic,0.6482253923138752,0.7087273122486686,0.442239398370587,0.735942823328048,0.023007063572149346
Time After Time,Paratone,20s,3hEPKX4FgfYPhBjSw1Nejq,2020,2020-11-06,electronic,0.6361989099998197,0.5978697967612217,0.2594526843534573,0.21586062744945037,4.924318869828456e-05
Summer Feeling,"Matoma, Jonah Kagen",20s,793OuR8rJ0zpVp708ONAxO,2021,2021-08-20,electronic,0.7033467695866297,0.6435170090207587,0.532066012116148,0.02569929945831833,4.91422805247225e-05
Is This Love - Remix,"Bob Marley & The Wailers, LVNDSCAPE, Bolier",10s,1G8yVHxDLlEjDAt02Dfbmi,2016,2016-06-10,electronic,0.6873114598345558,0.8195848277361156,0.28347608105285144,0.03413306479689019,0.006417759838546922
Kids,"Hobes, NEIMY",20s,5WtcyoD89RtjST9PrS8IQE,2024,2024-08-30,electronic,0.6221680139667548,0.6424301706336268,0.5498224357635263,0.5682715362397741,0.30978809283551967
Cruel Summer (Marcus Layton Edit),"LAUWE, Marcus Layton",20s,4yg4e6LkbEzc3sA0bE0GYg,2022,2022-08-04,electronic,0.5860885670245881,0.8021954135420064,0.7409651138500104,0.4528092726759929,2.18970736629667e-06
I'll Be There,"ConKi, Magnus Gunn",20s,4Iu8WjkHCEoN0iFOmbiKPq,2022,2022-08-11,electronic,0.8737219357024167,0.7250298880556462,0.10591184457906831,0.35742740277547785,0.12209889001009082
Knockin' On Heaven's Door,"Nexeri, Tara Louise",20s,4zWbO2jh3xzgylLksw37Fu,2022,2022-08-18,electronic,0.7634791811569075,0.7543745245082056,0.23960726968874033,0.1285109150142419,0.3299697275479314
Milkshake,PLÜM,20s,5DecOfC0Nx3wI4kMdHVtEF,2023,2023-06-09,electronic,0.7243931136362269,0.8424084338658842,0.4850637142260288,0.19678425346934736,0.005852674066599394
Like a Mystery,Eneko Artola,20s,74E2muWug3WOPjKkw2hpq5,2022,2022-07-14,electronic,0.6321900825618011,0.8163243125747203,0.41821600167119277,0.5120464339826285,0.00014732593340060544
Show Me Love - EDX Remix / Radio Edit,"Sam Feldt, Kimberly Anne, EDX",10s,4bAmAVdks2Y84VNVVLXFwN,2015,2015-07-24,electronic,0.6662651157849585,0.8445821106401478,0.6762063923125131,0.30923445798363874,0.0009334006054490414
Would I Lie To You,"Thierry Von Der Warth, YKATI",20s,0UDJ89q8XurKWYs26bnVxx,2023,2023-12-08,electronic,0.6251746345452687,0.7924138680578199,0.32316691038228534,0.09949474617082205,4.4096871846619575e-06
5th Avenue,Trinix,20s,0mpkpO26XkXjT5t3vyl8PA,2022,2022-04-29,electronic,0.38765160884267164,0.7956743832192154,0.5205765615207855,0.4839338828540557,0.0001099899091826438
In Too Deep,"WEEKLESS, WEDONT, ROBINS",20s,5oxxcYAnxA79DHWNgmuHhU,2022,2022-10-28,electronic,0.5800753258675603,0.5989566351483535,0.2813870900355128,0.1104385607173022,1.231079717457114e-06
Someone You Loved,"Viva La Panda, Justin Rhodes",20s,1acOxwadqwCMqSTho4Vh0B,2022,2022-09-01,electronic,0.7284019410742455,0.7087273122486686,0.40672655107583033,0.1867440566377142,2.1796165489404642e-06
Nalu,"Deep Chills, Brendan Mills",20s,2oUSxhTzXlYyM7D31ohQok,2022,2022-06-17,electronic,0.6392055305783335,0.6696011303119227,0.21349488197200753,0.1425671905785283,0.03683148335015136
Don't Tell Me I Can't Have It,Sons Of Maria,20s,7DdrHlmyfDmAibdAbEdYIu,2022,2022-05-13,electronic,0.6702739432229771,0.6424301706336268,0.040213077083768534,0.19678425346934736,0.7558022199798183
Dancing With Your Ghost,TWOPILOTS,20s,5feLY0z0xGD7ogoZBRnK2P,2023,2023-09-21,electronic,0.6101415316526992,0.5109227257906749,0.1654480885732191,0.17168376139026448,0.0002815338042381433
Where I Belong,NSH,20s,1iMDLTTnmTivGA4bJ80F85,2023,2023-10-12,electronic,0.6642607020659492,0.7185088577328551,0.8109463129308545,0.3885520129535407,0.04298688193743693
This Town,"Saco, Sparkle, Isabel Prada",20s,3yLHOpxiff47oc9AKZSCT7,2022,2022-08-25,electronic,0.627179048264278,0.8250190196717748,0.9540421976185502,0.18574003695455088,6.064581231079717e-05
Another Love,"Rolipso, Foínix, Jordan Grace",20s,3XoNXct7zTtKFoExkw2yhw,2023,2023-12-08,electronic,0.7494482851238427,0.6467775241821542,0.682473365364529,0.4287128002800733,1.160443995963673e-05
Over You,"Madism, Philip Strand",20s,1ug22meh3YgHra1l314WLA,2022,2022-08-18,electronic,0.7394262165287964,0.6587327464406043,0.4871527052433674,0.13353101343005847,0.0
Million Memories,"Thierry Von Der Warth, Thomas Geelens",20s,7rsZavzIAtUjJQyyum1Oju,2023,2023-01-06,electronic,0.8035674555370927,0.5576567764373438,0.35763526216837266,0.11947473786577203,0.0
Talking To Myself,"Namic, Meynberg",20s,7h3qMzTqcJdM4Y6uqK9aoZ,2022,2022-10-27,electronic,0.6802960118180233,0.7130746657971959,0.4265719657405473,0.5190745717647717,0.0
Before the Sun Sets,"Nimus, RED",20s,7j5IEblPv4Q15WE667AlGb,2022,2022-07-15,electronic,0.6121459453717085,0.647864362569286,0.40672655107583033,0.6516051699423294,0.0006912209889001009
Home,"Zwette, Julian Perretta",20s,0T26riswexwPY9w3UCMwYE,2022,2022-09-02,electronic,0.7494482851238427,0.7891533528964244,0.6145811573010236,0.12148277723209866,0.005045408678102927
Promised Land,"Saco, Sparkle",20s,7vFdMady6yRx1qxCwselLU,2022,2022-06-09,electronic,0.7975542143800649,0.8380610803173568,0.24065176519740963,0.38654397358721404,6.185671039354188e-05
Sound of Your Summer - SUPER-Hi Remix,"Quarry, SUPER-Hi",20s,6fUqnrhQGXH7RGbhLgbRyr,2022,2022-08-26,electronic,0.8887550385949862,0.641343332246495,0.8088573219135159,0.030518593937502246,0.10191725529767912
Young Folks,"John Skyfield, BNHM, Levka Rey",20s,1ZbnlbHcFW9UQLOEsem7cW,2022,2022-05-27,electronic,0.6823004255370326,0.6696011303119227,0.15813662001253392,0.04959496791760525,0.0011806256306760847
In Deep,Beachwax,20s,28CuT91wRWdQtJU93Hm3ds,2022,2022-02-04,electronic,0.5449980857848984,0.7902401912835562,0.615625652809693,0.051402203347299225,0.9364278506559032
Ocean Quiet,"Lucas Estrada, NEIMY",20s,6zFCci00787rGrLkWDwog8,2021,2021-08-06,electronic,0.6392055305783335,0.7935007064449517,0.41508251514518485,0.17168376139026448,0.034006054490413724
Blossom,"Willow, YVMV",20s,4SgjQcULlbOSQQqdpPQyHW,2024,2024-03-01,electronic,0.21527202900787534,0.6141723725681991,0.07457697931898893,0.520078591447935,0.8446014127144298
What You Know (feat. Levka Rey),"KHEMIS, BNHM, Levka Rey",20s,5nh2uDBGukTzGo1vanSpaK,2022,2022-09-16,electronic,0.7123666313221714,0.6054776654711445,0.2949655316482139,0.1676676826576112,1.977800201816347e-05
Rise Up,"Brendan Mills, Surfin' Sam",20s,2zIaJANgkbASOkw6yH58Wu,2024,2024-10-04,electronic,0.7704946291734399,0.6598195848277362,0.3127219552955922,0.1104385607173022,4.974772956609485e-05
Help Me Lose My Mind,Gravagerz,20s,0yKlFaSKtA5wdF8pWgyoo1,2024,2024-11-15,electronic,0.5540179475204401,0.6728616454733182,0.027574681428869856,0.790159886218867,0.23007063572149344
Dollar Dream [Lucas Estrada Edit],"Lucas Estrada, Couché, Polar Notes, Mentum",20s,28ECYkjyVDGCurbUoCctVe,2023,2023-05-11,electronic,0.7654835948759168,0.7261167264427779,0.6302485899310634,0.4146565247157869,0.0003158425832492432
Never Be Lonely,"Jax Jones, Zoe Wees",20s,4beKzTMCCMDizozv4Y3Shj,2024,2024-02-09,electronic,0.786529938925514,0.7304640799913052,0.8569041153123041,0.01555870065836884,0.002260343087790111
Resonance,Home,10s,65r94rVdiMwqXyQFEr3tqT,2014,2014-07-01,electronic,0.7414306302478056,0.5511357461145527,0.40672655107583033,0.03533788841668617,0.8567103935418768
Retro Future,c152,20s,4glUEaAT8RhmC2pZKFS4dg,2024,2024-11-15,electronic,0.9528962776032824,0.5207042712748614,0.14038019636515564,6.636570105709519e-06,0.4167507568113017
Retroshade,"KoruSe, mzmff",20s,5O4bwi4XfO2jZJqxvac40E,2024,2024-11-15,electronic,0.9739426216528796,0.5054885338550158,0.0043868811364111086,0.00041707981658287304,0.9071644803229062
La La Land,"Arimasen, FORBIDDEN",20s,6VqIA5XVo0Ft788UvEMror,2024,2024-11-15,electronic,0.6382033237188288,0.6532985545049452,0.08919991644035931,0.02740613291969597,1.432896064581231e-06
the wanderer,lxst child,20s,6ifL3l1Ii9663qMzrd8qlc,2024,2024-11-08,electronic,0.305470646363292,0.4946201499836974,0.17484854815124293,0.15260738741016144,0.35620585267406657
Stray,c152,20s,5L0gtWpEfZUzkpU9WlaTgE,2024,2024-11-01,electronic,0.9208256580991343,0.4533202912726877,0.5028201378734071,1.6064314930613057e-06,0.9636730575176589
Astral Chill,Virtual Mage,20s,3YDXGi7zxc5FWxK1mmcqXn,2020,2020-11-27,electronic,0.5740620847105325,0.6043908270840126,0.08188844787967411,0.047285722646329624,0.9596367305751765
HOLOGRAPHIC,VXLLAIN,20s,6e65zAP1DUZjjwFS7muFwY,2024,2024-10-25,electronic,0.45880829586750027,0.30333659384849476,0.04783789429705451,0.0011008172208170912,0.4611503531786075
Star Pool,c152,20s,7s9BFBDGfdKq0xXEonjOSO,2024,2024-10-25,electronic,0.9238322786776483,0.4880991196609064,0.20722790891999165,0.0,0.9939455095862765
Synthstar,c152,20s,3s6oQqOQeGH4G3x2sTnU5S,2024,2024-10-11,electronic,0.9789536559504027,0.41528094772307356,0.15291414246918736,1.7279178747240667e-05,0.9636730575176589
Vision,lxst child,20s,3ZcxQsQPDr01ZKhGbZHmYQ,2024,2024-10-11,electronic,0.49588994966917155,0.5826540593413759,0.4203049926885314,0.006161076423960203,0.9071644803229062
Purple Wind,c152,20s,09WHz5pPshjOhuenu47AOT,2024,2024-10-04,electronic,0.953898484462787,0.4261493315943919,0.19887194485063714,1.4769129539332378e-05,0.9747729566094854
Exodus,"KoruSe, stellar, Arimasen",20s,4LXvWsVG9AoRbrGLHedF7U,2024,2024-09-20,electronic,0.6782915980990141,0.3913705032061732,0.2615416753707959,0.012747445545511556,0.0
Nothingness,"LORD CHAOS!, NTPV",20s,7chGw5CjLiQS2xoi2w6lSr,2024,2024-09-13,electronic,0.5820797395865696,0.660906423214868,0.1873824942552747,0.10341042293515898,5.2875882946518665e-06
Echoes,c152,20s,1sY1DdJYF00a0K5cRm41Zj,2024,2024-09-13,electronic,0.7083578038841528,0.49896750353222474,0.10068936703572175,0.039554771085972086,0.8657921291624622
if it isn't,METAHESH,20s,4AJQEqgyZILI0GVUltKg9H,2024,2024-09-13,electronic,0.25034926909053734,0.43484403869144655,0.2500522247754335,0.7379508626943746,0.9576185671039353
Illusions,c152,20s,4Lnugfxad0GcMjTbm7YDjh,2024,2024-09-06,electronic,0.9739426216528796,0.5359200086947071,0.0337372049300188,1.1957874426475094e-05,0.9384460141271443
Skywalker,"c152, Arimasen, KoruSe",20s,6KLQmRX0wORX88MneWUTSV,2024,2024-08-30,electronic,0.6792938049585187,0.6033039886968808,0.4265719657405473,0.26505759192445283,0.5509586276488396
Emptiness,"VXLLAIN, Navjaxx",20s,3u7tBHCq0Sl4YRGrOpgNde,2024,2024-08-20,electronic,0.6191613933882408,0.5717856754700577,0.1946939628159599,0.12549885596475194,0.6246215943491423
Shutdown Sequence,Willix,20s,2GHGjMlH4gyTANqtsB7ygx,2024,2024-08-16,electronic,0.5229495348757965,0.5391805238561026,0.3116774597869229,0.4146565247157869,0.09788092835519678
Lost World,c152,20s,60KJoUVx9Pvs0mKGwbwrh0,2024,2024-08-02,electronic,0.7935453869420465,0.5315726551461798,0.2145393774806768,0.011341817989082913,0.9253279515640768
vcr_memories,Willix,20s,5YatyCuQdkVKlJ3QHCQgzZ,2024,2024-08-02,electronic,0.5139296731402548,0.47397022062819255,0.09024441194902862,0.5361429063785481,0.9778002018163471
milkyway,"Øneheart, Antent, Dean Korso",20s,3tCzuqq5Kp2IBDYkhsgYoX,2024,2024-08-02,electronic,0.058526876181351335,0.14900554287577436,0.005744725297681217,0.7841357681198872,0.8718466195761857
riddle,METAHESH,20s,2ZMjpjtUgYaTHHrEOPWlgh,2024,2024-08-09,electronic,0.4006802980162318,0.4913596348223019,0.16858157509922705,0.9638552914061206,0.786074672048436
Memory Lane,"KoruSe, stellar",20s,2pnBTUroklo51hCkVN8rGe,2024,2024-07-26,electronic,0.875726349421426,0.5000543419193566,0.28347608105285144,0.053711448618574846,0.02512613521695257
Neon Blades,c152,20s,7w1o0ED6YfPxiGfI8pXFHU,2024,2024-07-05,electronic,0.9368609678512084,0.4772307357895881,0.2594526843534573,0.00025342460822725256,0.9293642785065591
Nightlight,"ILLENIUM, Annika Wells",20s,06kxa3al7bUqRRo5nAFduZ,2020,2020-08-28,electronic,0.6522342197518937,0.47288338224106075,0.13829120534781703,0.08222560762041302,0.0
Say My Name,"ODESZA, Zyra",10s,1LeItUMezKA1HdCHxYICed,2014,2014-09-08,electronic,0.7514526988428519,0.745679817411151,0.3336118654689784,0.004012474301990707,0.42684157416750756
The Wailing,"Tomatow, Nadya Sumarsono",20s,7cf0gIrGoLBLd5ANzDhWpk,2022,2022-04-08,electronic,0.7484460782643381,0.4467992609498967,0.21871735951535407,0.04698451674138063,4.288597376387488e-05
A Moment Apart,ODESZA,10s,59wlTaYOL5tDUgXnbBQ3my,2017,2017-09-08,electronic,0.6662651157849585,0.3772416041734594,0.04825569250052225,0.17268778107342778,0.6992936427850656
Who U Are,Polar Youth,20s,3VJKLnqPjOwHNYLvZ9vB6R,2021,2021-10-01,electronic,0.7474438714048335,0.5011411803064885,0.14664716941717154,0.17670385980608103,0.0007336024217961655
Take Me Away,"Tomatow, Cosmowave",20s,71pyjwwX8weeLuqvNKgH5l,2022,2022-04-08,electronic,0.8777307631404352,0.47397022062819255,0.044913306872780445,0.0033397811142712856,0.6649848637739657
Dry,"GISHIN, AmanderSings",20s,0Yv5b5zk4aOsS5CDQaPE0J,2022,2022-04-15,electronic,0.8827417974379584,0.6033039886968808,0.5790683100062669,0.0029180928473426927,0.00010595358224016146
Savage (feat. Flux Pavilion & MAX),"Whethan, Flux Pavilion, MAX",10s,0kD586ste6xyDRqUYhVlCh,2016,2016-12-06,electronic,0.6632584952064446,0.67394848386045,0.35032379360768745,0.15160336772699815,0.0
Pretty Little Smile,Tomatow,20s,39SAYiAm9k9AIusvW3md37,2022,2022-04-08,electronic,0.7073555970246482,0.4011520486903597,0.15813662001253392,0.020377995137552753,0.0
Light,San Holo,10s,6jq6rcOikCZAmjliAgAmfT,2017,2017-02-10,electronic,0.7644813880164122,0.5554830996630801,0.41821600167119277,0.08604088241643361,2.512613521695257e-06
Paint the Sky,"DJ Fluke, Nikita Afonso",20s,3WuJ7ZN6NreIX7sFXWuTQD,2021,2021-10-08,electronic,0.8737219357024167,0.6402564938593631,0.5237100480467934,0.03292824117709421,0.002401614530776993
Last To Leave (feat. Caroline Ailin),"Louis The Child, Caroline Ailin",10s,4v0134PgBTGsFJiGcV4eJk,2017,2017-12-08,electronic,0.6031260836361668,0.7543745245082056,0.5487779402548569,0.05220541909382987,0.0002512613521695257
glow,"Fred again.., Duskus, Four Tet, Joy Anonymous, Skrillex",20s,3i9QKRl5Ql3pgUfNdYBVTc,2024,2024-09-06,electronic,0.9047903483470603,0.6424301706336268,0.040213077083768534,0.06575968481653464,0.786074672048436
the things that bring me joy,Luca,20s,3OWoUTFewCAnGIkFHdL6KK,2024,2024-05-10,electronic,0.46081270958650955,0.771763938702315,0.19364946730729057,0.33935504847853826,0.06992936427850656
Palermo,"Above & Beyond, PROFF",20s,3rtPfogqDQQB392GBadZ3C,2024,2024-07-30,electronic,0.9017837277685463,0.5935224432126943,0.008355964069354502,0.00891209035582769,0.8193743693239153
Into The Night,Tonic Walter,20s,7LMsAia3rSvaNrHjgfuJzB,2023,2023-07-07,electronic,0.7825211114874955,0.7945875448320835,0.19364946730729057,0.5130504536657918,0.9202825428859738
Saturday Morning,Rules,20s,24IEGudSMPFjk1U7klc4zp,2023,2023-08-11,electronic,0.616154772809727,0.8054559287034019,0.7608105285147274,0.0025164849740773668,0.4772956609485368
Blossom,VisionV,20s,5kAv0wk38BRqdMPbaGbKQe,2023,2023-03-03,electronic,0.7163754587601899,0.6000434735354853,0.003237936076874868,0.6275086975464098,0.9263370332996973
Mine To Love,Ross Quinn,20s,0T9qmOvid82TeLi4ZyyA9D,2023,2023-03-03,electronic,0.6341944962808104,0.6880773828931638,0.06705661165656987,0.16465562360812125,0.0020484359233097884
NOVA,Tonic Walter,20s,3B1LN55NKboRbiTWuCEA9j,2024,2024-07-12,electronic,0.7524549057023566,0.752200847733942,0.07290578650511803,0.04808893839286028,0.7991927346115035
Hiding,"Ben Böhmer, Lykke Li",20s,3kFnwZHnMMNeO2YpOZyZVw,2024,2024-07-09,electronic,0.9288433129751714,0.42180197804586456,0.3691247127637351,0.056121095858166804,0.562058526740666
Felt (feat. Henry Green),"Christian Löffler, Henry Green",20s,6aZdYHEp6dkDOczK60y41d,2024,2024-04-26,electronic,0.8907594523139954,0.54352787740463,0.018592020054313763,0.16967572202393785,0.6367305751765893
Other Side,"AVAION, BUNT.",20s,74qKLdiiTnXNqh2Co21RlJ,2023,2023-12-01,electronic,0.4407685723964169,0.8282795348331703,0.15604762899519528,0.29216612336986236,0.05570131180625631
I Kinda Like It,Lofive,20s,5Z4zrfHfykFUhSqNnt2Ubd,2023,2023-10-17,electronic,0.546000292644403,0.836974241930225,0.532066012116148,0.07600068558480046,0.8153380423814329
Spring Embers,Nora En Pure,20s,2slr1WHisMcjKMEz0RJ8u2,2023,2023-04-14,electronic,0.7634791811569075,0.7337245951527008,0.2312513056193858,0.02620130929989999,0.9606458123107972
Sun Will Rise - Edit,"Marten Lou, Sasson (FR)",20s,0vS9fkI3eI1JYjR1JuffHE,2023,2023-07-28,electronic,0.8997793140495371,0.654385392892077,0.308543973260915,0.0016731084402201812,0.3168516649848638
Calm,"Midnight Pass, Ruffnux",20s,254ovkt2YPJeMAHdvuz5oe,2024,2024-07-12,electronic,0.7915409732230372,0.5967829583740898,0.025485690411531228,0.5833318314872239,0.7628657921291625
Where I Find My Mind,Eli & Fur,20s,1RuXenlriyybOv1ra0zeSQ,2023,2023-03-10,electronic,0.5720576709915233,0.7239430496685143,0.2667641529141424,0.10642248198464893,0.7658930373360242
Not Giving You Up,Rules,20s,5s7KszYX1mfvpKA7XCMvfw,2024,2024-03-15,electronic,0.6472231854543705,0.6467775241821542,0.6887403384165448,0.36947563897343766,0.23612512613521697
Fade,"Alex Lustig, Sølv",20s,1bNo2ybJL8rmZzOdd6T3sG,2023,2023-01-06,electronic,0.3385434727269448,0.6685142919247908,0.3168999373302695,0.6817257604372289,0.7235116044399597
Broken,AVAION,20s,68Pr1RFCmybF7eK7m99a1n,2023,2023-02-17,electronic,0.49889657024768547,0.6424301706336268,0.08188844787967411,0.5742956543387541,0.014530776992936428
Childish,Lane 8,20s,2BMhaksbPZEVPUx4U98WgK,2024,2024-09-27,electronic,0.7304063547932548,0.5391805238561026,0.13306872780447046,0.15160336772699815,0.8748738647830474
I Never Really Cared,Stoto,20s,05GiEzky4rkUc2aS95qaUr,2020,2020-06-12,electronic,0.3425523001649633,0.7935007064449517,0.006684771255483597,0.7068262525163117,0.9031281533804238
Lost,"Le Youth, Jerro, Lizzy Land",20s,4HWadIQagwXOjf14aUD6qg,2023,2023-01-19,electronic,0.7514526988428519,0.5500489077274209,0.11740129517443074,0.1345350331132218,0.3985872855701312
No Stress in Cres,Sound Nomaden,20s,0gRVYjk3IFVQBUtfdoLc5W,2023,2023-09-22,electronic,0.5650422229749908,0.7750244538637105,0.29078754961353664,0.5863438905367139,0.8920282542885974
Erase,"Ben Böhmer, lau.ra",20s,1BbXlbs8pWeYI2yGpGhuzA,2021,2021-08-25,electronic,0.5429936720658891,0.23921312900771657,0.13933570085648633,0.4718856466560959,0.6064581231079718
searchingforthelights,Tonic Walter,20s,1Uzc6TAWKBBbp60GDJE1LR,2024,2024-10-11,electronic,0.45880829586750027,0.6424301706336268,0.4307499477752245,0.8042161617831535,0.9656912209889
These Things Will Come To Be,DJ Seinfeld,20s,27cgqh0VRhVeM61ugTnorD,2021,2021-09-03,electronic,0.7414306302478056,0.6685142919247908,0.14246918738249428,0.5170665323984451,0.8254288597376387
Do No More,Nora En Pure,20s,21YVPtVHmvpodDiy7GyhUU,2023,2023-07-28,electronic,0.8386446956197546,0.615259210955331,0.12784625026112387,0.27810984780557596,0.922300706357215
Lençóis (Love Me) - Notre Dame Remix,"RY X, Notre Dame",20s,5eqCFsvNDpNqlRnaq7yYLw,2023,2023-08-31,electronic,0.5760664984295418,0.5641778067601347,0.01023605598495926,0.0004552325645430791,0.5570131180625632
There For You,Y.V.E. 48,20s,2m8dDOhC8fIaCFQ53c1l5z,2022,2022-02-11,electronic,0.42272884892533363,0.6967720899902184,0.17067056611656567,0.5250986898637516,0.42785065590312815
Save Me,"Kaskade, Lauren L'aimant",20s,6ihglXSp2FFA9RjhiExxJR,2023,2023-10-13,electronic,0.9478852433057592,0.6587327464406043,0.10800083559640694,0.0018638721800212114,0.6538849646821393
In My Head,Trilucid,20s,1KCqxAWsSoXC9abnWLiYqH,2023,2023-12-15,electronic,0.7263975273552362,0.5522225845016846,0.4861082097346981,0.14457522994485492,0.8990918264379415
All Night Long,Marsh,20s,5YQQ9zU5mxgQcKDC3YSHnd,2023,2023-01-20,electronic,0.9098013826445834,0.628301271600913,0.07666597033632755,0.047386124614645954,0.9606458123107972
Verden,"MEUTE, pølaroit",20s,0an9zVn661Xhu94USWLmIj,2023,2023-06-14,electronic,0.5850863601650834,0.7337245951527008,0.010862753290160851,0.12449483628158861,0.8597376387487387
Sherwood Forest,Nora En Pure,20s,4PweJp1SbwGcCtUWGUKHbw,2023,2023-06-30,electronic,0.910803589504088,0.6130855341810673,0.02976812199707541,0.03975557502260476,0.9687184661957619
Falling Apart,Catching Flies,20s,6OLWbvjMrcnjee9YyD6qnA,2024,2024-08-02,electronic,0.7404284233883011,0.654385392892077,0.2312513056193858,0.01485588688015452,0.6962663975782037
I Can Make It,CRi,20s,5ciL7TMQsSDLIkrGXuRYbY,2023,2023-07-14,electronic,0.5800753258675603,0.7554613628953375,0.29287654063087526,0.00691409118633269,0.6004036326942482
Ascension,"Marsh, Volen Sentir",20s,6Gi53jMV1JLVFYOS2iywxA,2024,2024-10-25,electronic,0.902785934628051,0.6750353222475819,0.03154376436181324,0.00048535315503797855,0.9162462159434914
New Fires,"Christian Löffler, Henry Green",20s,6I7nESv5d9zf9DcEA9I25u,2022,2022-09-30,electronic,0.570053257272514,0.7098141506358004,0.22080635053269268,0.3473872059438447,0.496468213925328
Mimose,Parra for Cuva,20s,5aYZ8EM8Do3PpgUqArgiQ8,2024,2024-01-26,electronic,0.4527950547104725,0.660906423214868,0.013473992061834136,0.23995709984536992,0.8960645812310797
Hiding - HÜMAN Remix,"AVAION, HÜMAN",20s,2tSXZeA9MZ4QaQcxZQwdyX,2023,2023-08-18,electronic,0.7494482851238427,0.5457015541788937,0.010131606434092333,0.09015736311740322,0.025731584258324922
Love Will Save Me - CamelPhat Remix,"WhoMadeWho, CamelPhat, RY X",20s,5KDKk7wE5VB4bXELIPO6Yn,2024,2024-03-22,electronic,0.7243931136362269,0.5924356048255625,0.042824315855441816,0.017064730183113812,0.1715438950554995
Indulgence,Nora En Pure,20s,038yuRmrY7Vk8d6c3PDs7Q,2023,2023-03-10,electronic,0.9037881414875556,0.6402564938593631,0.08397743889701274,0.11545865913311877,0.9646821392532795
Like I Used To,"Steven Weston, Låpsley",20s,2L9M3x9RTHoJ313ajYr0dg,2022,2022-03-31,electronic,0.6812982186775279,0.6956852516030866,0.10486734907039899,0.008038593231475604,0.1301715438950555
Keep Going,Stephan Jolk,20s,0JDSAbpZjlSMP2fpFjtiuN,2023,2023-02-03,electronic,0.8085784898346159,0.7815454841865015,0.009191560476289946,0.08192440171546403,0.7093844601412714
Waves (feat. Grace Tither),"BLOND:ISH, Grace Tither",20s,6ymVxYG0UHqIjXmclbE1cu,2021,2021-03-19,electronic,0.7644813880164122,0.621780241278122,0.7158972216419469,0.08272761746199468,0.30171543895055497
Have U,Caius,20s,39x2AFARnc2ovMRtxw272B,2023,2023-11-17,electronic,0.7825211114874955,0.6728616454733182,0.21245038646333822,0.4638534891907894,0.8032290615539859
Lonely,"Nils Hoffmann, Rae Morris",20s,1FTrDODUS6bWx3eSCWu1Ym,2023,2023-06-30,electronic,0.8165961447106528,0.5620041299858711,0.009818257781491539,0.009695225708695077,0.006670030272452069
Sunrise Song,Luttrell,20s,30D2wqU8iuzaD653y938ip,2023,2023-06-23,electronic,0.7334129753717686,0.7771981306379742,0.3116774597869229,0.001974314345169176,0.9717457114026236
Oceanside Girl,Holo,20s,5wILnj9sHZqmi0IKNQrgil,2022,2022-04-22,electronic,0.8065740761156066,0.5391805238561026,0.48924169626070607,0.0011409780081436238,0.7507568113017155
Running up That Hill,Dayne S,20s,3cwl2Mnq8urylYJNCvLJdZ,2022,2022-02-18,electronic,0.5429936720658891,0.843495272253016,0.6375600584917486,0.5481911425765079,0.8456104944500504
Call My Name,"Franky Wah, Rae Morris",20s,4vI94CkCfDXotFMcSPujvK,2023,2023-08-01,electronic,0.7925431800825418,0.5163569177263341,0.14664716941717154,0.03814914352954345,0.2704339051463169
Cynnes,il:lo,20s,6EjqmQ7tyQUIOYo4jXDiX9,2023,2023-03-24,electronic,0.6582474609089215,0.6043908270840126,0.5174430749947775,0.6014041857841635,0.8668012108980827
All we ever wanted,"MVCA, SCHWARZ",20s,33SyBnfjyUS9c8lvz6YOp8,2024,2024-08-16,electronic,0.6682695295039678,0.5641778067601347,0.2228953415500313,0.2550173950928197,0.4228052472250252
Something Right,"Luttrell, Molly Moonwater",20s,4m7n8fwmFXIopFBzWbmlzj,2024,2024-07-19,electronic,0.5439958789253937,0.6446038474078905,0.28243158554418213,0.020880004979134413,0.009848637739656912
Egyptian Sun,"Francis Mercier, Kiesza",20s,0Y3xTcu928EXNhF5yuPOvH,2023,2023-05-26,electronic,0.8536777985123241,0.6532985545049452,0.18111552120325883,0.01304865145046055,0.11200807265388496
Ibiza Blue,Sue Avenue,20s,3HnJq0iCE0bVO1yYFxNX1C,2021,2021-04-16,electronic,0.8977749003305279,0.7924138680578199,0.25631919782744933,0.07238621472541251,0.9041372351160444
Envy,"Christian Löffler, Mogli",20s,25NOsBha9pzXG6fqGQ79W9,2023,2023-05-05,electronic,0.5760664984295418,0.6141723725681991,0.037392939210361395,0.44276907584435976,0.9273461150353179
La Suavecita,"La Sonora Dinamita, Alvaro Pava",10s,5s2OhbqW2GN75afWXmwC9C,2015,2015-07-17,latin,0.627179048264278,0.8413215954787523,0.7033632755379151,0.02258683844051205,7.901109989909182e-06
El Muñeco,Brazeros Musical De Durango,10s,0XTYuXsgte2hny1705gIan,2010,2010-01-01,latin,0.6853070461155465,0.8804477774154983,0.9947775224566534,0.07128179307393287,0.0
Todo Me Gusta De Ti,Aaron Y Su Grupo Ilusion,00s,5gUoppDphfYsIiguGr5drh,2000,2000-01-01,latin,0.5059120182642178,0.6315617867623085,0.7900564027574682,0.17670385980608103,0.0
El Colesterol,Fito Olivares y Su Grupo,10s,0cMIrWqljfkcl99TIYTtqf,2013,2013-06-25,latin,0.6742827706609955,0.7174220193457232,0.9613536661792353,0.41566054439895017,0.0
Por cuánto me lo das,Los Tigrillos,00s,6c6Erpk98fxwcqXI3bx8th,2002,2002-07-31,latin,0.8877528317354816,0.8521899793500707,0.86317108836432,0.07389224425015749,0.0003905146316851665
El Hijo De Tuta,La Chanchona De Tito Mira,00s,4opppHhzBKB78YAB8mvHTz,2003,2003-01-01,latin,0.6993379421486112,0.9260949896750353,0.899728431167746,0.03343025101867587,5.822401614530777e-06
Mix Aniceto 2000: Josefina / La Loca / La Brujita,Los Francos,10s,7o75Hk4yPLLt49NbmlRoH2,2012,2012-04-02,latin,0.6742827706609955,0.8532768177372024,0.8558596198036348,0.08393244108179064,0.0002653884964682139
Estas Bien Buena,Los Hermanos Flores,00s,4noxYD9JqvRza6EMNZA8nB,2002,2002-01-01,latin,0.4888745016526391,0.6924247364416911,0.9059954042197619,0.1405591512122017,0.018062563067608475
La 2Da. De Niña,Aaron Y Su Grupo Ilusion,90s,6jggn85OWTaATCSyojMuVD,1996,1996-01-01,latin,0.6863092529750511,0.4826649277252472,0.7911008982661375,0.12650287564791524,0.00013017154389505548
La Negra Caderona,Aniceto Molina,90s,0REGjs3It72visxjrvspjz,1994,1994-01-01,latin,0.8396469024792593,0.7261167264427779,0.7096302485899311,0.5763036937050806,0.00040464177598385466
La Guera Salome,Fito Olivares y Su Grupo,10s,4IYCAXARpvEOrha1xM6MJ6,2013,2013-06-25,latin,0.7915409732230372,0.7272035648299098,0.8485481512429497,0.30521837925098544,0.0
Juana La Cubana,Fito Olivares y Su Grupo,10s,1cdpDAE7LHSHviJ73SGuGS,2013,2013-06-25,latin,0.6201636002477455,0.4435387457885013,0.8318362231042407,0.7660634138229474,0.00549949545913219
La Sabrosona,Fito Olivares,10s,6dj3iB3smFHdliiPEAz1WI,2012,2012-01-01,latin,0.7534571125618612,0.8619715248342571,0.7837894297054523,0.40260828851782715,0.00011402623612512613
Fin De Semana,Fito Olivares,10s,2SeiuHGC1rlWYAb3nLfILU,2012,2012-01-01,latin,0.829624833884213,0.758721878056733,0.9717986212659285,0.48794996158670895,0.00177598385469223
Oye Mujer,Raymix,10s,3kd5frqyats2nkTy73aW1a,2018,2018-05-18,latin,0.5941062219006251,0.8402347570916204,0.9634426571965741,0.16967572202393785,0.0
¿Dónde Estarás?,Raymix,10s,55fNwvY5YPrQgndjwBywM8,2018,2018-02-07,latin,0.5449980857848984,0.5348331703075753,0.9258408188844789,0.13654307247954842,0.0
Primer Beso,Raymix,10s,32l04pZhdMpvRgynPJO2Dw,2018,2018-02-07,latin,0.7334129753717686,0.6250407564395175,0.7190307081679549,0.4638534891907894,0.0
Qué Pasaría...,"Rauw Alejandro, Bad Bunny",20s,0OxKf18dUo2G5dFOQYCvBN,2024,2024-11-14,latin,0.7815189046279909,0.7989348983806108,0.3127219552955922,0.4457811348938497,0.00027850655903128153
DIABLITA (feat. YOVNGCHIMI),"Myke Towers, YOVNGCHIMI",20s,1cUQCjn7fGme2wZQrWKvhw,2024,2024-08-22,latin,0.6702739432229771,0.9174002825779807,0.5707123459369124,0.31726661544894524,0.0
Tanta Droga,"Eladio Carrion, Arcángel, De La Ghetto",20s,39wiPEmqQ4J3vS16j6X9Ki,2024,2024-01-19,latin,0.6031260836361668,0.7598087164438648,0.492375182786714,0.20180435188516396,0.0
UN PREVIEW,Bad Bunny,20s,63ui2w3QJBp8xx0c1MJB2Z,2023,2023-09-25,latin,0.8155939378511482,0.7902401912835562,0.35032379360768745,0.038450349434492444,3.7033299697275476e-05
Suéltate Tú,Farruko,10s,0UaDF6ci1HWmo0s2jHjZU0,2017,2017-09-15,latin,0.7584681468593844,0.778284969025106,0.8005013578441613,0.04065919273745174,0.0
Viaje,Farruko,20s,5b1je14Oz92lpIlIMLieWw,2022,2022-10-13,latin,0.8005608349585789,0.7022062819258776,0.6563609776477962,0.035839898258267826,0.42078708375378404
Jordan,Ryan Castro,20s,6y8z28epOv5FlaxDv1Lo5B,2022,2022-05-24,latin,0.6812982186775279,0.8011085751548745,0.7106747440986003,0.05772752735122811,0.0006892028254288598
GUCCI FENDI,"Justin Quiles, Eladio Carrion",20s,30VNqIVJx9ONVBNJorbemZ,2022,2022-03-10,latin,0.7855277320660093,0.7369851103140963,0.752454564445373,0.30019828083516886,0.0
El Apagón,Bad Bunny,20s,0UvZcEfpzVyx47QsRbjyBz,2022,2022-05-06,latin,0.6993379421486112,0.6196065645038583,0.5947357426363067,0.05110099744235023,0.0016750756811301716
Embalao,"Farruko, White Star, J. Cross",20s,4zqu322VOEfj7i6lLsrADL,2021,2021-10-01,latin,0.8236115927271852,0.7793718074122379,0.5508669312721957,0.06726571434127962,0.0002512613521695257
ZONA DEL PERREO,"Daddy Yankee, NATTI NATASHA, Becky G",20s,4pN4uE4g6srE6376NDwMJP,2022,2022-03-25,latin,0.8396469024792593,0.8087164438647974,0.6344265719657406,0.09086017689561753,0.011099899091826437
Sabe,"Nicki Nicole, Rauw Alejandro",20s,0lQk4UhEVDnOH5vYH0vgHM,2021,2021-10-26,latin,0.6251746345452687,0.791327029670688,0.7702109880927512,0.10341042293515898,0.0
Lambo,Farruko,20s,5i157UDeVbKnJPH7Qgvsue,2021,2021-10-01,latin,0.6191613933882408,0.771763938702315,0.6145811573010236,0.2118445487167971,0.06548940464177598
Vestido,J Balvin,20s,2Jq4Ei6P87YbP67asm2rP6,2021,2021-09-10,latin,0.6843048392560418,0.8608846864471253,0.7743889701274285,0.3202786744984352,2.5227043390514632e-05
Bebé Que Bien Te Ves,"J Balvin, Feid",20s,6Se3CKRvYOyuzHGdHAooem,2021,2021-09-10,latin,0.6662651157849585,0.7478534941854147,0.6312930854397326,0.048289742329492936,0.0
Una Nota,"J Balvin, Sech",20s,7iqOIHHEmu6Vhw25GgQ2eA,2021,2021-09-10,latin,0.7895365595040279,0.6554722312792088,0.7117192396072697,0.019173171517756774,0.0
"DJ No Pare (feat. Zion, Dalex, Lenny Tavárez) - Remix","Justin Quiles, NATTI NATASHA, Farruko, Lenny Tavárez, Dalex, Zion",10s,1ndyl3wJCFs872XZ3ztPk6,2019,2019-09-06,latin,0.7103622176031621,0.7435061406368874,0.8370587006475871,0.04527768328000299,5.227043390514632e-06
Baby,Nicki Nicole,20s,5uoSTLEtTPF47NWRekbvLH,2021,2021-10-07,latin,0.6843048392560418,0.8098032822519292,0.886149989555045,0.5632514378239577,0.0
Fantasías,J Balvin,20s,6NrS68u0qtZ0bzNVSNz18T,2021,2021-09-10,latin,0.4928833290906577,0.8532768177372024,0.6950073114685607,0.0602375765591364,0.0
De Museo,Bad Bunny,20s,267NGliXM8YLVZiKAD9Otm,2021,2021-07-06,latin,0.4948877428096669,0.5793935441799805,0.2103613954459996,0.2379490604790433,0.0
AM Remix,"Nio Garcia, J Balvin, Bad Bunny",20s,05bfbizlM5AX6Mf1RRyMho,2021,2021-06-24,latin,0.6562430471899122,0.7435061406368874,0.7890119072487989,0.11445463944995546,0.0
100 MILLONES,"Bad Bunny, Luar La L",20s,4Ixc50wY5pbUvNEogTQ2wL,2021,2021-05-28,latin,0.5600311886774678,0.8141506358004565,0.4704407771046584,0.13353101343005847,6.629667003027245e-06
"La Curiosidad (feat. Dj Nelson, JHAYCO, Lunay & Kendo Kaponi) - Blue Grand Prix Remix","Jay Wheeler, Myke Towers, Rauw Alejandro, DJ Nelson, JHAYCO, Lunay, Kendo Kaponi",20s,7LE1K0lZyRFZjSlrnm7lfD,2020,2020-12-17,latin,0.6752849775205002,0.850016302575807,0.7639440150407354,0.10441444261832229,0.0
YO VISTO ASÍ,Bad Bunny,20s,5fROvzNghPid8mbKNDYvpJ,2020,2020-11-27,latin,0.8827417974379584,0.6837300293446364,0.6762063923125131,0.09507705956490346,0.0
HOY COBRÉ,Bad Bunny,20s,0tjZv2hChdHZCW1zFXpy1J,2020,2020-11-27,latin,0.7263975273552362,0.8706662319313119,0.3607687486943806,0.0465829088681153,9.182643794147326e-05
MALDITA POBREZA,Bad Bunny,20s,0Lsis3LB0XAK6XlTHXaJk2,2020,2020-11-27,latin,0.8626976602478658,0.7641560699923922,0.5832462920409442,0.13955513152903837,1.0898082744702321e-06
"PORFA Remix ( Feat. Maluma, Nicky Jam, Sech) - Remix","Feid, J Balvin, Maluma, Nicky Jam, Sech, Justin Quiles",20s,7lUdbnz7wsv3C9zzf4WHl9,2020,2020-06-26,latin,0.7384240096692918,0.7978480599934791,0.6970963024858993,0.07680390133133111,0.0
Anaranjado,"Jowell & Randy, J Balvin",20s,5iw28wvyHgj4ppOu5AdcEU,2020,2020-07-16,latin,0.581077532727065,0.765242908379524,0.6041362022143305,0.04678371280474797,1.6145307769929363e-05
La Tóxica,Farruko,20s,15OjBeqNX3bShsGYQbteRv,2020,2020-07-24,latin,0.7023445627271251,0.6522117161178134,0.6198036348443702,0.08855093162434191,0.0
Caramelo,Ozuna,20s,3gD4J3RUHy4OUuZ3qAiaiG,2020,2020-06-11,latin,0.8075762829751112,0.7272035648299098,0.6981407979945686,0.05330984074530952,0.0003037336024217962
PA' ROMPERLA,"Bad Bunny, Don Omar",20s,5XqCz18k96K8tx6DAYM97i,2020,2020-05-10,latin,0.8316292476032222,0.7750244538637105,0.6970963024858993,0.016060710499950497,0.0
MÁS DE UNA CITA,"Bad Bunny, Zion & Lennox",20s,4EJHKSnHENfjOxXWryyNtL,2020,2020-05-10,latin,0.5009009839666947,0.876100423866971,0.30018800919156047,0.0122454357039299,7.800201816347123e-05
SI ELLA SALE,Bad Bunny,20s,1zaDh3qaGSeSmulNyWlUxm,2020,2020-05-10,latin,0.7284019410742455,0.8804477774154983,0.9300188009191561,0.05913315490765675,0.01
Mujer Satisfecha,Zion & Lennox,20s,2dSy7VwJsM9qEs5wAE9GJV,2020,2020-04-03,latin,0.8416513161982686,0.850016302575807,0.5613118863588886,0.017767543961328135,3.208879919273461e-05
Verde,"J Balvin, Sky Rompiendo",20s,3HTbI3yUJQw3fP0Po8qLcD,2020,2020-03-19,latin,0.7394262165287964,0.8358874035430931,0.8234802590348861,0.038249545497859784,0.496468213925328
Azul,J Balvin,20s,2lCkncy6bIB0LTMT7kvrD1,2020,2020-03-19,latin,0.83764248876025,0.8521899793500707,0.649049509087111,0.08192440171546403,0.0014127144298688194
Gris,J Balvin,20s,1syf62zw48zu4FrPwMtDHk,2020,2020-03-19,latin,0.7103622176031621,0.8587110096728616,0.9258408188844789,0.22790886364741017,0.0
Arcoíris,"J Balvin, Mr Eazi",20s,5zzbORcD0GwLY0wQHP1Xs1,2020,2020-03-19,latin,0.7885343526445233,0.7304640799913052,0.3785251723417589,0.08684409816296426,0.0
Negro,J Balvin,20s,2hsA9YWuF3C9Gosi4dpjJN,2020,2020-03-19,latin,0.9128080032230973,0.8011085751548745,0.8036348443701693,0.0157595045950015,0.1977800201816347
Pero Ya No,Bad Bunny,20s,75pQqzwgCjUOSSy5CpmAjy,2020,2020-02-29,latin,0.6131481522312131,0.8945766764482121,0.7440986003760184,0.04768733051959495,5.116044399596367e-06
Solita,"Sech, Farruko, Zion & Lennox",10s,0tJCo71s7HT9Mu5Z4juuLw,2019,2019-04-19,latin,0.8326314544627269,0.67394848386045,0.8882389805723836,0.15963552519230467,1.109989909182644e-06
Ignorantes,"Bad Bunny, Sech",20s,3wYRLYuO1M88d8woWUIxct,2020,2020-02-14,latin,0.5369804309088614,0.8597978480599935,0.4965531648213912,0.2680696509739428,3.925327951564076e-05
Morado,J Balvin,20s,3mQ6SLdxxaL52Yte7KF2Ks,2020,2020-01-09,latin,0.697333528429602,0.8934898380610804,0.7848339252141217,0.13654307247954842,4.096871846619576e-05
Vete,Bad Bunny,10s,5DxXgozhkPLgrbKFY91w0c,2019,2019-11-21,latin,0.6732805638014909,0.8989240299967395,0.5184875705034468,0.03644231006816581,8.859737638748739e-06
Fuego,Ozuna,10s,2x6WhnhzmKMbG1oO5fIW5G,2019,2019-11-29,latin,0.6191613933882408,0.8532768177372024,0.5999582201796533,0.13955513152903837,0.00031180625630676084
Blanco,J Balvin,10s,2rc7BkzO8qepMFAxHtOrXc,2019,2019-11-15,latin,0.7123666313221714,0.882621454189762,0.6187591393357009,0.02680372110979798,0.005751765893037337
La Playa - Remix,"Myke Towers, Maluma, Farruko",20s,70zg99pT51vB4wlMS7e4q7,2020,2020-01-03,latin,0.6341944962808104,0.778284969025106,0.38061416335909753,0.20180435188516396,0.0
Bellaquita - Remix,"Dalex, Lenny Tavárez, Anitta, NATTI NATASHA, Farruko, Justin Quiles",10s,1Xnn1TPyr5h0hpRAT4B4EA,2019,2019-11-22,latin,0.7163754587601899,0.8000217367677427,0.7608105285147274,0.14156317089536496,2.1392532795156407e-06
Shorty,Jerry Di,10s,551lELbjN8sK1Va8qB71gM,2019,2019-07-19,latin,0.7534571125618612,0.9413107270948811,0.7451430958846877,0.01495628884847085,0.0
B11 (feat. Myke Towers),"Rvssian, Darell, Zion & Lennox, Myke Towers",10s,4o1DxRjMCHDwBiOKv88rOl,2019,2019-09-18,latin,0.7183798724791992,0.7608955548309967,0.1727595571339043,0.06746651827791227,0.0004591321897073663
Delincuente,"Farruko, Anuel AA, Kendo Kaponi",10s,3TqLIW3qd4qFYkfYsBjVN6,2019,2019-04-26,latin,0.8596910396693519,0.647864362569286,0.6480050135784416,0.5321268276458948,0.0
CUIDAO POR AHÍ,"J Balvin, Bad Bunny",10s,6SYSu569pfYdkDT9A5lZqi,2019,2019-06-28,latin,0.813589524132139,0.8554504945114662,0.5822017965322749,0.10943454103413888,0.0024722502522704338
COMO UN BEBÉ,"J Balvin, Bad Bunny, Mr Eazi",10s,7knLcYCOSaURD0d7HUULFM,2019,2019-06-28,latin,0.8085784898346159,0.8326268883816976,0.8213912680175475,0.07439425409173915,4.833501513622603e-06
Otro Trago - Remix,"Sech, Ozuna, Anuel AA, Darell, Nicky Jam",10s,4bTZeO72FwMa6wKOiqoynL,2019,2019-07-26,latin,0.7915409732230372,0.7239430496685143,0.766033006058074,0.0713821950422492,1.1503531786074673e-06
Cristina (feat. Shelow Shaq),"Maffio, Justin Quiles, Nacho, Shelow Shaq",10s,2egI1hFZDAYrkCgtepoore,2019,2019-03-29,latin,0.600119463057653,0.8717530703184436,0.8767495299770212,0.18373199758822426,0.0
Soltera (Remix),"Lunay, Daddy Yankee, Bad Bunny",10s,1c0hsvHLELX6y8qymnpLKL,2019,2019-05-10,latin,0.7845255252065048,0.8000217367677427,0.8036348443701693,0.3624475011912945,0.0
TOMA TOMA TOMA,"$werve, TOKYOSLEEP, Mc Gw",20s,39BOpF8KvdMqUZlJyfnV34,2023,2023-05-19,brazilian,0.9739426216528796,0.8543636561243343,0.8892834760810528,0.4457811348938497,0.04470232088799193
Tubarão Te Amo,"Dj LK da Escócia, Tchakabum, MC Ryan SP, mc jhenny, Mc RF",20s,4UldILPVpnZO69ffK4B9aA,2022,2022-09-28,brazilian,0.7434350439668149,0.9021845451581351,0.46939628159598906,0.30019828083516886,0.0005731584258324925
Montagem Orquestra Sinfônica,"DJ TENEBROSO ORIGINAL, Mc Danflin",20s,6IptkpsuIYGFtR16DaHVwC,2022,2022-10-31,brazilian,0.6843048392560418,0.8597978480599935,0.7702109880927512,0.09136218673719919,0.23107971745711403
Chama o Coveiro,"Mc Delux, DJ Guih Da ZO",20s,2ErR4TJGUg3pRZZpUmWhiB,2022,2022-01-28,brazilian,0.7825211114874955,0.9380502119334856,0.5644453728848966,0.1485913086775082,0.00013118062563067606
Faz Striptease (Versão Tik Tok),"MC Teuzin PV, MC Skcot",20s,7lG1hPJSoCm9Z8Yu4B4H25,2022,2022-06-03,brazilian,0.7273997342147408,0.4815780893381154,0.6563609776477962,0.4799178041214024,2.3107971745711404e-06
Ele Te Bota Soca Soca,"MC Mazzie, Mc Rd, DJ NpcSize, DJ Wizard",20s,30096a5EMOSaF9c2aSa4TH,2021,2021-06-18,brazilian,0.7474438714048335,0.9097924138680579,0.7545435554627116,0.10843052135097556,1.2008072653884965e-06
Soca Soca,"MC Mazzie, DJ CARAI",20s,0nClF24hwZUMHrWw7Z8C9e,2022,2022-05-05,brazilian,0.597112842479139,0.9478317574176721,0.649049509087111,0.5552192803586511,7.325933400605449e-05
Sua amiga deu,MC Levin,10s,142YjJNOuXjzeSDnB1ujw1,2019,2019-05-17,brazilian,0.557024568098954,0.9652211716117813,0.41403801963651554,0.27810984780557596,5.479313824419778e-06
Joga Essa Rabeta,"MC Teuzin PV, MC Skcot",20s,2UXbsA8Q2tg90kjEn2gV7j,2022,2022-01-03,brazilian,0.421726642065829,0.5196174328877297,0.7921453937748069,0.4096364262999703,0.0
Eu Já Sofri por Amor Mas Não Sofro Mais (Tik Tok),"MC Teuzin PV, MC Skcot",20s,1GcYslWGW1RMEmI0ZuZ90B,2022,2022-06-23,brazilian,0.856684419090838,0.7761112922508423,0.6563609776477962,0.2238927849147569,1.2613521695257316e-05
EU BEM QUE TE AVISEI - TU EMPINOU ELE PEI,"Mc Delux, DJ ABDO, CLUB DA DZ7",20s,0E0OENqh3jaZ4VpDFTOLGj,2022,2022-04-12,brazilian,0.6602518746279307,0.973915878708836,0.4861082097346981,0.41264848534946025,0.007376387487386478
Vai Com Bundão,"MC Meno K, Ricky Ribeiro",20s,6geZSlNRfUr8donymP7ksV,2021,2021-09-24,brazilian,0.60813711793369,0.9489185958048039,0.9738876122832671,0.8875497954857087,0.0
Baiana 2022,Ladji Mouflet,20s,5Mq1RtsUVyFi41CrxVhmmO,2022,2022-05-22,brazilian,0.49388553595016227,0.7793718074122379,0.375391685815751,0.12047875754893535,0.8617558022199798
MTG MALDIÇÃO ETERNA 1.0 (Slowed),"DJ GLK, MC LIPEX, Dj luis do grau",20s,2zJsy7TzJuE4ax8JhG7s9e,2022,2022-08-10,brazilian,0.5941062219006251,0.4750570590153244,0.2740756214748276,0.787147827169377,0.6488395560040363
Dale Moreno,Dj Jhonatan Perú,20s,6Fv1jX4gAjVNRPcGxxbair,2022,2022-11-11,brazilian,0.7925431800825418,0.8511031409629388,0.8266137455608941,0.31124249734996534,5.539858728557013e-05
Saka Saka Saka,"MC Mazzie, DJ NpcSize, DJ Wizard",20s,1Sz402s2SN6nPicOA8DPah,2022,2022-09-26,brazilian,0.7444372508263195,0.8108901206390611,0.6083141842490077,0.17770787948924435,0.0015640766902119071
"É o Pombo, É o Neymar, Vinícius Jr E Paquetá (Copa do Mundo 2022)","DJ Dollynho Da Lapa, MC LEON, MC Pânico",20s,1TQtGMaPyzZLeFuBo8n4dK,2022,2022-12-06,brazilian,0.8977749003305279,0.9500054341919357,0.7984123668268227,0.2590334738254729,0.0
AQUECIMENTO TÃO TÁ VAI COMEÇAR EM VS PEGA PEGA VUK VUK FUNK,BRADSP,20s,3IakAFGNZM58smYYqhINsv,2022,2022-04-23,brazilian,0.6853070461155465,0.9434844038691448,0.8224357635262168,0.1485913086775082,0.04651866801210899
ESSE HIT É CHICLETE VS É VUK VUK TIK TOK,DJ MESQUITA DE NV,20s,49sOqohzVViz1kUkR7WwTf,2022,2022-07-15,brazilian,0.7755056634709631,0.9043582219323987,0.762899519532066,0.29819024146884227,1.1503531786074672e-05
Sequência dos Bailes Funk,DJ VM 22,20s,2s1RP9MWDulusjf0hgOkhm,2022,2022-10-24,brazilian,0.4948877428096669,0.5706988370829258,0.7608105285147274,0.0004923812928201216,0.0005539858728557013
Não é Uma Beleza,"Rand0m, GV Cunha, DJ Guilherme",20s,1qhy4UpbDRKBwO4Y9tTixv,2022,2022-04-20,brazilian,0.7033467695866297,0.8326268883816976,0.9415082515145186,0.27108171002343273,0.007033299697275479
"É o Pombo, É o Neymar, Vinicius Jr, Paqueta","NK DA V, MC Pânico",20s,5SB1u37HPJPub4xLzdreXz,2022,2022-12-09,brazilian,0.8657042808263796,0.895663514835344,0.5895132650929601,0.1355390527963851,0.0
Jogadinha do Paqueta,"Mc Rf, Dj Kaio VDM",20s,3BCUqGVPvirkRa6g6ipBaF,2022,2022-09-26,brazilian,0.8246137995866898,0.9978263232257363,0.6699394192604973,0.3975881901020106,3.905146316851665e-05
HOJE EU VOU COMER NOVINHA 02,DJ AG O GRINGO,20s,1vKRuWNMzYKX2MxdQawM0N,2022,2022-06-01,brazilian,0.3906582294211855,0.9282686664492991,0.15186964696051805,0.7098383115658017,3.350151362260343e-05
Tu Hablas Espanhol,"Mc Delux, DJ Guih Da ZO",20s,4idG8X4ernXXgilt4jrk0S,2022,2022-07-10,brazilian,0.8506711779338102,0.9630474948375176,0.9300188009191561,0.11746669849944541,0.0014631685166498485
Saquarema,"MC Rogê, DJ Meek, Boladinho DJ, Mc G Talibã",20s,12R6npsSMx8g0k5GN19poM,2020,2020-07-24,brazilian,0.518940707437778,0.9097924138680579,0.7973678713181533,0.28614200527088246,0.003087790110998991
Beat Trava Pulmão,"Mc Menor Do Alvorada, dj caxa da zl, Mc Gw",20s,1LmlLVrloteBukOwHD5Ix5,2022,2022-06-15,brazilian,0.8436557299172778,0.7619823932181286,0.45372884896594945,0.8323287129117262,0.0010898082744702322
Tu Empinou Ele Pei,"Xandy Almeida, Mc Delux",20s,2K2nuRm08S2tePbWzkoI5Q,2022,2022-05-08,brazilian,0.8206049721486713,0.5837408977285078,0.8965949446417381,0.06465526316505499,0.0084460141271443
Automotivo Super Mario World 2,DJ NK3,20s,6dv8l2ZCxRmKsCArAK0j2R,2022,2022-09-29,brazilian,0.7554615262808705,0.8543636561243343,0.5686233549195738,0.05732591947796278,1.3218970736629666e-05
Hey Hou,"DJ Guih Da ZO, Mc Delux",20s,65O5axtqCO62wxS6cHvLTz,2021,2021-07-03,brazilian,0.8987771071900325,0.9271818280621672,0.5842907875496135,0.3313228910132317,5.681130171543895e-05
Uma Cavala Mesmo,"MC Meno K, MC Cria, Dj Matheus Silva",20s,1bK6UaFcArJvIaMeKPTFSm,2021,2021-01-22,brazilian,0.37462291966911143,0.8782741006412347,0.6835178608731983,0.6315247762790631,0.0
Formosa,"Kaio Viana, MC CJ",20s,1QmupixsVNc0osesKXraZC,2021,2021-11-19,brazilian,0.483863467355116,0.7674165851537876,0.19573845832462922,0.4337328986958899,0.0
Bumbum granada,"MC's Zaac, Jerry Smith",10s,4SdTyIjA6FuADAN9W8sZjq,2017,2017-12-01,brazilian,0.83764248876025,0.986957939354418,0.13829120534781703,0.2791138674887393,8.577194752774976e-05
VAI DJ NPC SOCA COM VONTADE / MACHUCA MACHUCA,"DJ NpcSize, Mc Larissa",20s,3qV8bXiqsR35JEMOy0tpJv,2022,2022-04-26,brazilian,0.856684419090838,0.8282795348331703,0.5634008773762272,0.31827063513210857,0.00011604439959636731
A X3R3CA DELA É BOA,"Mc Delux, DJ Guilherme",20s,03vHYQEfyyTvA8ZZxxXjmL,2022,2022-01-31,brazilian,0.8005608349585789,0.9782632322573633,0.6365155629830792,0.3303188713300684,2.9868819374369325e-05
Sua amiga vou sarrar,MC Levin,10s,6PyRfJN2K5Sm1vfOuF4Z9z,2019,2019-02-15,brazilian,0.5339738103303474,0.9369633735463537,0.6720284102778359,0.4347369183790532,0.0
Forte Forte de Lacoste - Pra Começar o Final de Semana,"DJ Jeeh FDC, MC LCKaiique, MC Celo BK, DJ Menezes, DJ Arana, Mc Yoshi",20s,5vdQUAFncALEH9EQvyAqIX,2023,2023-05-29,brazilian,0.7003401490081158,0.6239539180523856,0.7649885105494046,0.5180705520816083,1.4732593340060544e-06
Portuginies,IShowSpeed,20s,625GBfE8zpzGTNDdJqTWm3,2023,2023-07-07,brazilian,0.8105829035536252,0.6239539180523856,0.7346981407979946,0.2901580840035357,0.0
Jingle Bell,MC Teteu,10s,2Iy62IGwuRTMVydIB1t2LE,2019,2019-11-22,brazilian,0.2854265091731994,0.9228344745136399,0.7973678713181533,0.160639544875468,0.008405650857719476
Montagem - Conga Conga (Slowed + Reverb),DJ RAMON SP,20s,5olB6tpqsJ9W8AX6HdWQd5,2023,2023-02-24,brazilian,0.8145917309916435,0.8543636561243343,0.39001462293712136,0.46686554824027937,0.005529767911200807
REI DO BRASIL,Seek,20s,6Seth37t5I69wFbuGFrsiG,2023,2023-06-02,brazilian,0.8807373837189492,0.9250081512879036,0.9655316482139127,0.14357121026169162,0.27346115035317864
Cumbia Sobre el Mar,"Quantic, Flowering Inferno",10s,61muv9lHtgN18qbm9oK9pH,2010,2010-07-19,brazilian,0.6021238767766621,0.6043908270840126,0.6605389596824734,0.07349063637689217,0.4308779011099899
Forró pela Manhã,Hermeto Pascoal,10s,6zPWN8QutfKOXIa8GOmQV0,2018,2018-06-01,brazilian,0.9228300718181436,0.7272035648299098,0.9937330269479842,0.4949780993688522,0.017356205852674066
Forrowest,Forro In The Dark,00s,4KzOJdqRTYAouueUtnNNvx,2006,2006-11-07,brazilian,0.41370898718979193,0.7630692316052603,0.5195320660121161,0.2590334738254729,0.8890010090817356
Asa Branca,"Forro In The Dark, Daivd Byrne",00s,07C23IPh3eQksmoFicoany,2006,2006-11-07,brazilian,0.6131481522312131,0.5902619280512987,0.5936912471276373,0.021683220725665066,8.65792129162462e-06
Forró da Casa Grande,Forro In The Dark,10s,7dc023CVY9RwGDTQQ28DBF,2017,2017-04-21,brazilian,0.6782915980990141,0.660906423214868,0.7942343847921455,0.24296915889485987,0.7598385469223007
Limoerio do Norte,Forro In The Dark,00s,4kNQi67K0YUdL7sZApp9au,2006,2006-11-07,brazilian,0.3255147835533846,0.7956743832192154,0.8903279715897222,0.15160336772699815,0.846619576185671
Sabiá,Forro In The Dark,00s,2QzRsaWFKSIICBekOLhHy6,2003,2003-01-01,brazilian,0.3225081629748707,0.5522225845016846,0.8276582410695633,0.3684716192902744,0.15237134207870837
Wandering Swallow featuring Bebel Gilberto,"Forro In The Dark, Bebel Gilberto",00s,72I05VEQjvxkYXKsoaYnt8,2006,2006-11-07,brazilian,0.36660526479307437,0.4457124225627649,0.7085857530812617,0.9056221497826483,0.15136226034308778
Salvación,"Los Miticos Del Ritmo, Quantic",20s,7gzQzrH2ClI6WZaHLD5emF,2020,2020-08-14,brazilian,0.6672673226444631,0.6598195848277362,0.6991852935032379,0.028209348666226618,0.0
Vampiro Sabanero,"Los Miticos Del Ritmo, Quantic",20s,4D4k64jUrH85Iy6liEuQsi,2020,2020-08-14,brazilian,0.6963313215700973,0.7848059993478971,0.983288071861291,0.06083998836903439,0.10494450050454086
Cumbia Sobre el Mar - El Búho Remix,"El Búho, Quantic",10s,0p8LlXT1FG9vnrCH70dbuo,2019,2019-11-08,brazilian,0.7334129753717686,0.6435170090207587,0.6939628159598913,0.1877480763208775,0.14127144298688196
Inmortales (Body Move) - El Búho Remix,"Nickodemus, Fémina, El Búho",10s,6qIPm4fwQWbjAGH2pHO4NZ,2019,2019-11-08,brazilian,0.759470353718889,0.850016302575807,0.9529977021098809,0.30421435956782217,0.005358224016145307
Hotline Bling,"Quantic, Los Miticos Del Ritmo",10s,7p6CgRGbeR6WyidudAzbsf,2018,2018-05-11,brazilian,0.5339738103303474,0.8989240299967395,0.9885105494046376,0.7459830201596811,0.39959636730575177
Se Lo Ví,"Quantic, Nidia Gongora",10s,3fCFA9JkEQnMi4CewcbCN1,2017,2017-05-12,brazilian,0.4948877428096669,0.5685251603086621,0.9373302694798413,0.4779097647550758,0.003158425832492432
Ojos Vicheros,"Quantic, Nidia Gongora",10s,3hWlzhVc2DK3fsFxE5zGXL,2017,2017-05-12,brazilian,0.7454394576858242,0.7380719487012282,0.816168790474201,0.19778827315251069,1.0696266397578204e-05
Criançada (con Castello Branco),"Nicola Cruz, Castello Branco",10s,5eksCJ1r2T1kNlZPTHBGG2,2019,2019-01-25,brazilian,0.44377519297493084,0.876100423866971,0.6876958429078754,0.7259026264964148,0.1442986881937437
Hacia Delante (con Chato),"Nicola Cruz, Chato",10s,6RuEQsO9qKjtwAqEflh7C4,2019,2019-01-25,brazilian,0.581077532727065,0.843495272253016,0.846459160225611,0.561243398457631,0.0007739656912209889
Equinoccio (feat. Huaira),"Nicola Cruz, Huaira",10s,4mbeMzcKPdJi2zVhV0yRYH,2015,2015-10-30,brazilian,0.6241724276857641,0.823932181284643,0.3774806768330896,0.27509778875608604,0.23713420787083753
Prego Batido,Bernadete França,10s,1IlZqiFl9fTC1tHiPfT7Sg,2019,2019-08-15,brazilian,0.8877528317354816,0.7119878274100642,0.9059954042197619,0.6656614455066159,1.170534813319879e-05
Ô Sertão,Ó Do Forró,10s,4PDjz5L3iiKxA4Dcd2fWsT,2013,2013-10-10,brazilian,0.7815189046279909,0.7054667970872731,0.5769793189889283,0.27208572970659606,0.0
Forró Do Embolaxado,As Galvão,00s,1XSE20FXq8BXPOGyfgA4J3,2008,2008-07-01,brazilian,0.8616954533883612,0.8184979893489839,0.9780655943179444,0.39658417041884725,0.0
Baião Destemperado,Barbatuques,00s,1EoV0vQjHaMQ8WehQGXS8O,2002,2002-04-01,brazilian,0.7424328371073102,0.8717530703184436,0.746187591393357,0.4267047609137467,0.6357214934409687
Bate no Pandeiro,Ó Do Forró,10s,3jDEjxMg2YR3j7HZWXYz43,2016,2016-05-01,brazilian,0.8777307631404352,0.8684925551570482,0.8840609985377063,0.32730681228057845,7.406659939455095e-05
Condução,Mariana Aydar,10s,4DqAdOl5btZQqeUeuqPrfM,2019,2019-12-06,brazilian,0.6993379421486112,0.7554613628953375,0.6866513473992063,0.03543829038500249,0.03693239152371342
Abc do Sertão,Bicho de Pé,10s,4ifqktsAySxL6UniU3czUm,2018,2018-09-05,brazilian,0.7684902154544306,0.7228562112813824,0.9686651347399206,0.29718622178567894,0.0
Foguete,Mariana Aydar,20s,3djGWtmBAHwZUL5ps5WQqX,2020,2020-06-15,brazilian,0.45880829586750027,0.7554613628953375,0.5748903279715897,0.3022063202014955,0.0002441977800201816
Bença,Juliette,20s,3IyHot1hbizbIjvCkRrLHT,2021,2021-09-03,brazilian,0.4277398832228568,0.6304749483751767,0.6344265719657406,0.22590082428108352,0.0
Me Embelezo,"Xaxado Novo, Bruno Duarte",10s,5JxVZvcRTkhCGPJ6SjR5SH,2016,2016-08-22,brazilian,0.5149318799997594,0.6706879686990546,0.8140797994568624,0.27108171002343273,3.481331987891019e-05
Despedida,Thais Nogueira,10s,41WOiLDpldQTlozGpIjbqh,2019,2019-04-04,brazilian,0.6512320128923891,0.7674165851537876,0.9007729266764153,0.0411612025790334,0.0
Menina Mulher da Pele Preta,Forroçacana,00s,62Mwy8t7muxFMcw7JRiTEr,2000,2000-10-01,brazilian,0.6532364266113984,0.7141615041843278,0.7900564027574682,0.05742632144627911,4.621594349142281e-05
Baile de Luxo,Os Fulano,10s,5EEzElw6eLz65XWX8aCfo4,2017,2017-06-03,brazilian,0.8286226270247083,0.7424193022497555,0.9728431167745979,0.1817239582218976,0.615539858728557
Tem Quem Reze por Mim,Trio Juazeiro,20s,5bY4raxUVDJUCWhUZlzSBP,2021,2021-07-02,brazilian,0.7183798724791992,0.621780241278122,0.9717986212659285,0.5542152606754878,1.109989909182644e-06
Saudade é Tempero de Vó,"Lucas Felix, Mestrinho",20s,5Zqioa05Noregw4jamykSH,2021,2021-07-26,brazilian,0.627179048264278,0.4359308770785784,0.749321077919365,0.34939524531017135,0.0
Mexe pra Gente Ver,Quininho De Valente,00s,73v6pnPg3mqHIg3qQtIr7j,2005,2005-01-01,brazilian,0.902785934628051,0.8108901206390611,0.9947775224566534,0.31726661544894524,0.0
Quer Mais um Pouquinho,Ó Do Forró,10s,0HCT0mOKFm50n41p0GnfK8,2016,2016-05-01,brazilian,0.8937660728925093,0.856537332898598,0.9509087110925423,0.26405357224128956,1.0191725529767912e-05
Tonelada de Forró,Trio Alvorada,10s,5gUGN6F0wfG4YrZZRTmT7E,2010,2010-02-01,brazilian,0.8717175219834075,0.7706771003151832,0.986421558387299,0.5481911425765079,0.0
Seu Siriri,Trio Dona Zefa,10s,0NYIsb8FQ1GqbHM81V5xCw,2016,2016-11-05,brazilian,0.8967726934710232,0.8304532116074339,0.9477752245665344,0.4146565247157869,0.0
Maria Forrozeira,Thais Nogueira,10s,4Qxv1AhU1BmzBCYbdlHTHa,2019,2019-04-04,brazilian,0.9278411061156667,0.7565482012824694,0.980154585335283,0.08262721549367834,0.0
Forró Perigoso,Diego Oliveira,10s,39705g3k8bLDFnIj3Figr6,2019,2019-03-10,brazilian,0.9689315873553564,0.6902510596674274,0.9279298099018175,0.2510013163601664,0.0
Forró do Benedito,Trio Caeté,10s,2EpqotIaxHWNu5bkrmz2LE,2010,2010-06-01,brazilian,0.8506711779338102,0.7598087164438648,0.7399206183413412,0.4899580009530356,0.0
Matuto Aperreado,Luiz Gonzaga,00s,23c02TAxdt4VMekAsytxHk,2000,2000-05-11,brazilian,0.697333528429602,0.7337245951527008,0.9728431167745979,0.5903599692693671,0.0
Oh! Chuva,Falamansa,00s,5RkPULKkPpFKkS5BnvK1t6,2001,2001-01-01,brazilian,0.40468912545425034,0.6598195848277362,0.7785669521621057,0.39156407200303067,0.0
La Belle De Jour,Alceu Valença,00s,0c8aqUb7e0K9uNhxejfV23,2003,2003-01-01,brazilian,0.4798546399170975,0.6098250190196718,0.6594944641738041,0.19678425346934736,0.00040968718466195765
Onde Está Você,"Elba Ramalho, Dominguinhos",00s,53ZLwlLA0AnSSS7d4a1dEW,2005,2005-03-14,brazilian,0.6021238767766621,0.7445929790240191,0.9373302694798413,0.5642554575071209,1.5640766902119072e-06
Forró Nº 1 (feat. Gal Costa),"Luiz Gonzaga, Gal Costa",10s,0qtMuvQLzNmWUnshdlKkwY,2012,2012-11-26,brazilian,0.9769492422313935,0.693511574828823,0.8109463129308545,0.1867440566377142,0.0008748738647830474
Quando Você Olha Pra Ela,Gal Costa,10s,50c0knPGjaJAuE4hRg28Qq,2016,2016-01-14,brazilian,0.5910996013221113,0.7630692316052603,0.9039064132024233,0.4558213317254829,0.00941473259334006
Você Não Entende Nada,Gal Costa,90s,5Pfm8BK5twFtRfC6GCq8Ln,1996,1996-01-01,brazilian,0.6422121511568474,0.5478752309531573,0.8245247545435554,0.6877498785362088,0.0001846619576185671
Camarão Que Dorme a Onda Leva,"Zeca Pagodinho, Dudu Nobre, Mumuzinho, Djavan, Sombrinha, Arlindo Cruz, Maria Rita, Péricles, Alcione, Emicida, Diogo Nogueira, Frejat, Monarco, VELHA GUARDA DA PORTELA, Almir Guineto, Rildo Hora, Roberta Sá, Lenine, Beth Carvalho, Marcelo D2",10s,7lzfMZak2HjNPXXSxksjPB,2014,2014-03-20,brazilian,0.6953291147105927,0.7217693728942506,0.7409651138500104,0.3142545563994553,0.0
Esperando na janela,Gilberto Gil,00s,3zcBNmJH6ToRCI0WNEIuES,2000,2000-01-01,brazilian,0.6482253923138752,0.6456906857950223,0.9467307290578652,0.20180435188516396,0.0
Beijo Matador,Forró Bemtivi,10s,0VYMpmNQy9iW8KUQeXOfmk,2017,2017-08-16,brazilian,0.8155939378511482,0.6630800999891316,0.9613536661792353,0.37951583580507087,0.0
O Canto Da Ema,Jackson Do Pandeiro,10s,2EA6ofPT4sImD5NzN41lWk,2016,2016-06-17,brazilian,0.7745034566114585,0.6967720899902184,0.9770210988092751,0.4076283869336437,0.0
Matilde,Forroçacana,00s,0mP38OEeLIOUEYYGzBqlBT,2002,2002-03-08,brazilian,0.875726349421426,0.7489403325725464,0.9738876122832671,0.27710582812241263,0.0
Vamos Todo Mundo pro Forró,Dois Dobrado,10s,1sCb830sKJbWB1Ww9i7Rqn,2016,2016-03-10,brazilian,0.9528962776032824,0.7435061406368874,0.9811990808439524,0.5813237921208972,0.0
Cartomante,Pé de Mulambo,10s,224c6VuxM9NJrzTVObOgv9,2011,2011-02-15,brazilian,0.5931040150411205,0.8554504945114662,0.55922289534155,0.3252987729142518,0.0
Táxi Lunar,Geraldo Azevedo,90s,2mLtn7zqcqalNZSfQZ62ko,1998,1998-05-06,brazilian,0.4708347781815558,0.647864362569286,0.5717568414455818,0.2379490604790433,0.001644803229061554
Boa Sorte / Good Luck (feat. Ben Harper),"Vanessa Da Mata, Ben Harper",00s,6A3Q8BVAAI2PW1s6MX4ZGF,2007,2007-01-01,brazilian,0.5670466366940001,0.7837191609607652,0.26258617087946523,0.3242947532310885,0.00046720484359233095
Forró no Malagueta,Forroçacana,00s,0rycni6vwYWlKc7d1FrVI6,2002,2002-03-08,brazilian,0.921827864958639,0.8141506358004565,0.9853770628786296,0.2118445487167971,2.129162462159435e-06
Que seja,"Bicho de Pé, Janayna Pereira",00s,39Aiwm9mGkSp9QmoYkgyuo,2008,2008-03-13,brazilian,0.49388553595016227,0.5978697967612217,0.7639440150407354,0.17670385980608103,0.0
Vou Te Namorar,Dois Dobrado,10s,4QwbAmlMOZtqulBEcTVUkM,2016,2016-03-10,brazilian,0.6321900825618011,0.6924247364416911,0.936285773971172,0.3473872059438447,0.0
Eu e você,"Bicho de Pé, Janayna Pereira",00s,4oM0vIOtzhIRd2cLmr261A,2008,2008-03-13,brazilian,0.5329716034708428,0.5783067057928486,0.5195320660121161,0.6164644810316133,0.0
Bola De Meia,Forroçacana,00s,50dN8ocVS5XkMiLibjhZbZ,2002,2002-03-08,brazilian,0.5860885670245881,0.7130746657971959,0.9039064132024233,0.16565964329128458,0.0
Medo de Escuro,Falamansa,00s,2rw8Sij3CGRzp4KL720y48,2000,2000-01-01,brazilian,0.41370898718979193,0.48592544288664274,0.7336536452893253,0.08031797022240272,0.0
Samarina,Chama Chuva,00s,0aVAyiSjdtqZJncQtBgp3d,2001,2001-01-01,brazilian,0.7745034566114585,0.6337354635365722,0.9738876122832671,0.3252987729142518,0.0
Me Chamo Forró,Ó Do Forró,10s,2DkXSOutWmOLg1GPN9ZJJH,2016,2016-03-07,brazilian,0.7704946291734399,0.6891642212802956,0.3346563609776477,0.11445463944995546,0.0
Namoro,Rastapé,00s,5WkFvJMsUCzmUFn7pd9qyB,2000,2000-01-01,brazilian,0.4527950547104725,0.3305075535267905,0.5237100480467934,0.41867260344844015,0.0
Eu Só Quero Um Xodó,Bicho de Pé,10s,2FT8msBBwok2NvwneARlib,2012,2012-09-12,brazilian,0.6101415316526992,0.706553635474405,0.6093586797576771,0.16465562360812125,3.0978809283551968e-06
E Eu?,Gisele De Santi,10s,4okjCdmtwblpZZ7DjkJwVN,2010,2010-08-27,brazilian,0.526958362313815,0.54352787740463,0.7639440150407354,0.5662634968734475,0.21089808274470231
Sapatilha 37,Guentaê!,00s,2mj1fgP6BYirgn5GO6km0X,2001,2001-01-01,brazilian,0.6331922894213057,0.6261275948266494,0.9717986212659285,0.29417416273618896,0.0
Agradar Você,Trio Potiguá,00s,2C7gQ1Z2211SZm569X1K5N,2004,2004-04-28,brazilian,0.8556822122313333,0.628301271600913,0.9091288907457699,0.3242947532310885,0.0
Numa Sala de Reboco,Elba Ramalho,00s,7zbLSEX8OfsuK3j7A1MRSw,2002,2002-03-15,brazilian,0.767488008594926,0.641343332246495,0.8934614581157301,0.2680696509739428,0.0
Meu Cenario,Circulando De Fulo,00s,2SdCOY17R8ba5lbpyBhRN4,2001,2001-01-01,brazilian,0.6993379421486112,0.6369959786979676,0.9791100898266137,0.23895308016220662,0.0
Forró De Itaúnas,Chama Chuva,00s,0zMmOisGjuFBmUjL8ZjghM,2001,2001-01-01,brazilian,0.7494482851238427,0.6109118574068036,0.9717986212659285,0.5240946701805883,0.0
"O Sol, A Lis, E O Beija-Flor",Circulando De Fulo,00s,1b840p6EHySBMI8f2CEGZf,2001,2001-01-01,brazilian,0.3966714705782133,0.7109009890229323,0.6312930854397326,0.10742650166781224,0.0
Semelhantes,Peixelétrico,00s,5MtAJM2WceXa8vKp3qWlm0,2001,2001-06-23,brazilian,0.6031260836361668,0.5924356048255625,0.6615834551911427,0.28112190685506594,0.0
Aşkının Ederi Bu Mu,"Shawty, Ayaz Erdoğan",20s,5tsqrtJwPT34Zdzrfn7NPw,2024,2024-11-15,turkish,0.8787329699999399,0.8184979893489839,0.7973678713181533,0.30622239893414877,0.002058526740665994
Ne Olur,"Bilal Sonses, Merve Özbey",20s,5jxxdNApkd5Uayjfqiv5lh,2024,2024-11-08,turkish,0.8857484180164723,0.7576350396696012,0.7221641946939628,0.29718622178567894,0.0
Kül Kedisi,Bengü,20s,7pL0k2S0xtCeIK8frnpogr,2024,2024-11-08,turkish,0.8326314544627269,0.719595696119987,0.7712554836014206,0.005849830322179575,2.5428859737638747e-06
İstanbul'da,İlyas Yalçıntaş,20s,79924F3Z3GWGneJqIMSJu4,2024,2024-11-01,turkish,0.6181591865287362,0.464188675144006,0.5477334447461877,0.23594102111271667,0.0
Geçen Yıl,Saide Guliyeva,20s,4HDRFCrZNqSXj0vxzaQU7E,2024,2024-11-08,turkish,0.7985564212395696,0.6261275948266494,0.375391685815751,0.0157595045950015,1.311806256306761e-06
Ama Yine Sen,Burak Bulut,20s,0Kg4pWKYkIIgjNOSaQdqJQ,2024,2024-11-08,turkish,0.6712761500824816,0.5000543419193566,0.2594526843534573,0.3222867138647619,1.1907164480322906e-06
İki Taraf,Sezer Sarıgöz,20s,59B9SgATQXWdSIBMvtARIs,2024,2024-10-25,turkish,0.7213864930577131,0.6576459080534726,0.9644871527052433,0.7650593941397841,0.005973763874873864
Kaybeden Hep Bendim,Kerim Araz,20s,6TQtY1LplEiUwf5ui3VDNF,2024,2024-09-13,turkish,0.589095187603102,0.5391805238561026,0.4944641738040526,0.6847378194867189,7.386478304742685e-05
Rakıya Meze Olalım,"Zara, Burak Bulut, Kurtuluş Kuş",20s,0PTpHlfm7cqG69tKyIuu7r,2024,2024-10-04,turkish,0.421726642065829,0.5902619280512987,0.4881972007520367,0.41264848534946025,4.974772956609486e-06
Gittiğini Kabullenemem,Rollen,20s,1VxeEz1NAY96cttzobWAdu,2024,2024-10-04,turkish,0.6402077374378381,0.6685142919247908,0.19991644035930647,0.050598987600768565,0.0007709384460141272
Kimim Ben,"Fredo, Defkhan, Rollen, Aysemen",20s,4bcIyLtCts3Vv5Z8GXgRyc,2024,2024-08-09,turkish,0.6231702208262594,0.7956743832192154,0.39210361395446,0.32128269418159855,0.0
Damla,Hande Yener,20s,1kdlZBxr26RixRO9cmM7nh,2024,2024-08-30,turkish,0.7604725605783936,0.752200847733942,0.47357426363066635,0.06134199821061605,9.475277497477296e-06
Yangın - Akustik,Hande Ünsal,20s,4BPMuZiqf3mGXnSAOG2fIA,2024,2024-09-18,turkish,0.5640400161154863,0.615259210955331,0.3618132442030499,0.06284802773536102,0.0
Yeniden Sevemem,"Kurtuluş Kuş, Burak Bulut",20s,3EhcSZYykFJoMPhG0hWBKO,2024,2024-09-20,turkish,0.8707153151239029,0.7630692316052603,0.4850637142260288,0.08543847060653562,0.005489404641775985
Hayatın Kollarında,"Samet Kardeşler, Sıla Şahin",20s,3Uccy6qcx6bMOppATmf44E,2024,2024-09-20,turkish,0.5249539485948058,0.73915878708836,0.19260497179862127,0.30421435956782217,0.0
Zar Zor,Ayaz Erdoğan,20s,5e346UNxQLgGeoVSBLKXbE,2024,2024-06-21,turkish,0.6261768414047733,0.7793718074122379,0.7879674117401295,0.17168376139026448,0.0
YAKTIN,"Ilker James, Ayaz Erdoğan",20s,19JiHUptGhbAq6N02Ryfus,2024,2024-08-23,turkish,0.6662651157849585,0.6489512009564179,0.6010027156883225,0.17770787948924435,0.3985872855701312
Azar Azar,EDIS,20s,4xdl1mVmS8lwVdwadHXL3A,2024,2024-09-27,turkish,0.713368838181676,0.6228670796652538,0.5007311468560685,0.17670385980608103,0.0
Gecelere,"Eda Sakız, Siyam",20s,3EvH1Eb9qw5Kqp5ZJGZ9Co,2024,2024-09-06,turkish,0.6552408403304075,0.6043908270840126,0.268853143931481,0.30521837925098544,0.0
Uslanmaz,"Samet Kardeşler, Sıla Şahin",20s,7BD5turxXQlcm72SCYkHQG,2024,2024-07-26,turkish,0.6642607020659492,0.7163351809585915,0.8642155838729894,0.20481641093465386,0.00011705348133198789
Anılara Dalarız,"Ebru Yaşar, Burak Bulut, Kurtuluş Kuş",20s,0Rjq84ntnHd3olOXHPacVr,2024,2024-09-06,turkish,0.5800753258675603,0.719595696119987,0.31481094631293083,0.43072083964639996,0.0
TE QUIERO,"Murda, Dhurata Dora",20s,7qFmOlTm8zSKhd8r6cu09W,2024,2024-07-25,turkish,0.5750642915700371,0.9000108683838713,0.9759766033006058,0.07268742063036152,0.0
Zümrüdüankam,Merve Özbey,20s,3D9jHgjOH6Bt5rI6hgSnjr,2024,2024-08-23,turkish,0.8857484180164723,0.7891533528964244,0.5017756423647378,0.11144258040046551,2.9263370332996974e-06
ABART,Ece Mumay,20s,1aA9W1c1Qg0lSOyqtZ1x9T,2024,2024-08-23,turkish,0.9268388992561621,0.667427453537659,0.405682055567161,0.029715378190971593,0.0
Hoşuna Gidiyo,"Aleyna Tilki, Zeki Arkun",20s,29IrCyfdn18grnSQ3ynguE,2024,2024-08-23,turkish,0.7063533901651436,0.6098250190196718,0.3628577397117192,0.1616435645586313,3.8546922300706355e-05
Yarem,"Burak Bulut, Kurtuluş Kuş",20s,2sBp2g6P6VCG19hzu56IOg,2024,2024-08-23,turkish,0.8366402819007454,0.7663297467666559,0.5863797785669521,0.22088072586526694,3.935418768920283e-06
Hallederiz,Sezer Sarıgöz,20s,1amWETYioLvJ8rBJ60XmD9,2024,2024-08-23,turkish,0.5490069132229168,0.7011194435387458,0.6396490495090872,0.1676676826576112,0.0017356205852674066
Dedikodu,"Ayaz Erdoğan, Shawty",20s,6wFglgGYj9HRcOjjpqPAjq,2024,2024-07-26,turkish,0.5329716034708428,0.8228453428975111,0.23856277418007102,0.21887268649894032,0.0
İhtimal,Mustafa Sandal,20s,37dO7nOyDyZT4MUDrvH8zK,2024,2024-08-16,turkish,0.9498896570247685,0.7087273122486686,0.6218926258617088,0.07600068558480046,0.0020484359233097884
Eriyorum Günden Güne,Burak Bulut,20s,6Tv0qEIymHmFJT74WS52TO,2024,2024-08-02,turkish,0.8496689710743056,0.6489512009564179,0.5331105076248173,0.6295167369127365,0.0
Dilber,İdo Tatlıses,20s,6BUrQUxtozqxQkZExslTen,2024,2024-05-31,turkish,0.7294041479337501,0.6728616454733182,0.6897848339252141,0.24196513921169657,0.0
Neden Anlamadın Beni?,Reynmen,20s,2Ai8HBSGn3KYyYFBemhf51,2024,2024-08-02,turkish,0.7474438714048335,0.7674165851537876,0.7534990599540422,0.07318943047194318,0.0
Yabani - Şehrazat Bir Ömrün Hikayesi,Derya Uluğ,20s,1FvfWhJoN1lurBloSjxMqz,2024,2024-08-02,turkish,0.7324107685122639,0.7467666557982828,0.3116774597869229,0.1285109150142419,0.0
Sana İhtiyacım Var,"Olga Napoli, Mustafa Sandal",20s,44zxsgA2PlBQIEnU3IxcUp,2024,2024-07-29,turkish,0.8697131082643982,0.7293772416041735,0.8569041153123041,0.007817708901179674,0.0001029263370332997
Kadehimi Boş Bırakma,Ezhel,20s,14y1hmMvxwpDLbZnY5i0Ne,2024,2024-07-25,turkish,0.7614747674378982,0.7826323225736334,0.4307499477752245,0.39959622946833717,0.0
Kayboldum,Siyam,20s,3m7PB4QKIxqSzHGF4bqt7G,2024,2024-06-14,turkish,0.6051304973551761,0.5272253015976525,0.4370169208272404,0.3684716192902744,1.3521695257315843e-06
Gəl,Çinarə Məlikzadə,20s,4eiSRgPFsJkYekMRChl3gq,2024,2024-07-05,turkish,0.7704946291734399,0.7945875448320835,0.4641738040526425,0.10441444261832229,5.1261352169525735e-05
Yanıbaşımda,Sefo,20s,3I69y3FlCsZ6UlOQinRs3l,2024,2024-05-31,turkish,0.6682695295039678,0.7413324638626236,0.4432838938792563,0.10341042293515898,0.00031382441977800205
Senden Hatıra,"Kerim Araz, Sevgim Yılmaz",20s,2i7XLrmbkbhIFbGwBMw2ec,2024,2024-07-19,turkish,0.5470024995039077,0.5739593522443213,0.2970545226655525,0.36947563897343766,0.0
Sensin Bana Yar,Umut Timur,20s,6BVDiTLJagH7wtBKwVp2jv,2024,2024-07-19,turkish,0.7835233183470001,0.47940441256385175,0.3409233340296636,0.11746669849944541,2.2603430877901108e-05
2017,M Lisa,20s,4QccVW3CYYLzvTY0yCwcrZ,2024,2024-07-19,turkish,0.5991172561981483,0.6913378980545593,0.3618132442030499,0.3313228910132317,6.4984863773965695e-06
DAMLALAR,M Lisa,20s,4bLNcWlObRwarB6zJEZX4P,2024,2024-03-08,turkish,0.5630378092559817,0.5826540593413759,0.40672655107583033,0.7700794925556007,0.0005398587285570132
Katran,Ece Mumay,20s,5A2U9S3ZQtNELLL8CEq9j4,2024,2024-05-24,turkish,0.7835233183470001,0.823932181284643,0.5028201378734071,0.3192746548152719,2.3208879919273463e-06
Harla,"Rabia Tunçbilek, Amo988",20s,67O5SW15kRsiDkiDJrQHMx,2024,2024-07-02,turkish,0.7955498006610556,0.7282904032170416,0.8078128264048465,0.5291147685964048,0.0
Tattım Ölümü,Ahmet Can Dündar,20s,0SV5HWv1U5BRncl8mMCDX4,2024,2024-02-23,turkish,0.5750642915700371,0.5728725138571894,0.305410486734907,0.46686554824027937,0.0008324924318869829
Hadi Yavrum,"Sinan Akçıl, Ferah Zeydan",20s,38S9Pk5i9LXYEqMcI2A6yT,2024,2024-05-31,turkish,0.9148124169421066,0.5283121399847843,0.7399206183413412,0.29417416273618896,3.622603430877901e-05
Elfida,"Burak Bulut, Kurtuluş Kuş",20s,1K21duGDbieOPk1D3Pb9p7,2024,2024-05-31,turkish,0.4327509175203799,0.719595696119987,0.28556507207019005,0.3202786744984352,0.0
Yo,Tarkan,20s,5ikFGOKtCdl9YC2xJh9hho,2024,2024-06-14,turkish,0.7965520075205603,0.7043799587001413,0.22393983705870063,0.00948438157523078,9.697275479313823e-06
DÜŞLERİM,Aleyna Kalaycıoğlu,20s,5fyQngKPy0lxTQlVXzdKz2,2024,2024-05-02,turkish,0.6251746345452687,0.8130637974133247,0.55922289534155,0.20180435188516396,1.1402623612512614e-05
Sevda,Umut Timur,20s,3fl0NK92Umx3b2F75PWe4r,2024,2024-06-07,turkish,0.7013423558676204,0.8206716661232475,0.6406935450177564,0.3644555405576211,0.001513622603430878
Uykularından Ol,Doğu Swag,20s,7aNDRqnslAhK2dWE0jMwTA,2024,2024-05-10,turkish,0.8657042808263796,0.6304749483751767,0.47148527261332773,0.5742956543387541,0.0
Kibir,Tuna Taşkın,20s,2NtAqHPKwRbuZXRkZJHeGo,2024,2024-06-07,turkish,0.6712761500824816,0.6304749483751767,0.27720910800083554,0.5180705520816083,0.00042684157416750755
Vur Patlasın,Kurtuluş Kuş,20s,40qnxbhV7qJB4RfEoUs559,2024,2024-05-28,turkish,0.8667064876858843,0.7500271709596783,0.6897848339252141,0.1164626788162821,0.0
Cennet,Reynmen,20s,0ay0rJ0zPpu5yGLCxqz5oE,2024,2024-05-17,turkish,0.6792938049585187,0.7250298880556462,0.6970963024858993,0.20180435188516396,0.0
Hayat Oyunu,Hadise,20s,7kKFuo8oXLGeaYr69bNDcE,2024,2024-05-24,turkish,0.6221680139667548,0.6196065645038583,0.4641738040526425,0.12047875754893535,3.0676084762865795e-06
Tek Başıma,Semicenk,20s,4wrThHGMM2xOoxMwE7TbhZ,2024,2024-05-03,turkish,0.5670466366940001,0.5011411803064885,0.2615416753707959,0.13855111184587504,4.127144298688193e-06
Sensiz,Siyam,20s,4fQ3h0bpzYAR4QH53GTcS5,2024,2024-05-03,turkish,0.5931040150411205,0.6782958374089774,0.3597242531857113,0.27509778875608604,1.2108980827447024e-05
Söyleme,Simge,20s,4cXwWjAa1xBNnp1NYUCzGn,2024,2024-04-12,turkish,0.7584681468593844,0.4935333115965656,0.34301232504700224,0.008841808978006257,0.0
GÜZEL VE İDDİALI,BLOK3,20s,3LUFeTIPLxgZYdBxG0eV5k,2024,2024-02-09,turkish,0.9037881414875556,0.7565482012824694,0.3137664508042615,0.20080033220200064,3.5216952573158426e-06
BAL,Gülşen,20s,2RojZW2380o281z4LF0wTh,2024,2024-05-17,turkish,0.864702073966875,0.6761221606347138,0.405682055567161,0.0022654800532865373,6.781029263370333e-06
Kendime,Gökçe Kırgız Taner,20s,7EVaWvonnAz4vJkSZTsBoF,2024,2024-05-17,turkish,0.7354173890907779,0.7685034235409195,0.6480050135784416,0.1405591512122017,0.0
Tavrına Hayran,"Reynmen, Bilal Sonses",20s,0nGaoa9b9Ovpr0G3Y3Nidd,2024,2024-05-10,turkish,0.6171569796692317,0.6880773828931638,0.3409233340296636,0.5120464339826285,0.0
Yaka Yaka,"Mustafa Ceceli, Rabia Tunçbilek",20s,2NPLHkaXfE9sFmyEfWojxW,2024,2024-05-03,turkish,0.7895365595040279,0.836974241930225,0.7430541048673491,0.3303188713300684,0.0
Princess of Persia,Faolan,10s,3S5gqEZdPSZLei9ZNqDs3n,2016,2016-07-08,arabic,0.4317487106608753,0.4565808064340832,0.28452057656152074,0.5180705520816083,0.715438950554995
Haunting Desert,Invadable Harmony,10s,4msrbCgTlRXI8mM6tr4PWQ,2019,2019-10-06,arabic,0.14812416942106518,0.14900554287577436,0.0021934405682055543,0.9759035276040804,0.8960645812310797
"Egypt Unveiled, Pt. I","Hossam Ramzy, Phil Thornton",10s,2T0nxWW0gWaoU9tYB0gtQ6,2011,2011-01-04,arabic,0.3024640257847781,0.2055211390066297,0.0042824315855441815,0.3373470091122116,0.8738647830474269
Desert Traces,Two Worlds II,10s,1EbOjF3SXKYHAte9Pui9OJ,2013,2013-09-20,arabic,0.2353161661979679,0.4239756548201282,0.009818257781491539,0.8343367522780528,0.8708375378405651
Greek Summer,"Thomas Konstantinou, Michalis Koumbios",20s,5anMIxGoShM34xi76vZzJm,2020,2020-05-20,arabic,0.5069142251237224,0.7119878274100642,0.7858784207227909,0.8674694018224423,0.8990918264379415
The Desert Bazaar,John Robert Matz,10s,4byXhgYGoKqLDuubHyzBQA,2016,2016-07-01,arabic,0.2353161661979679,0.2794261493315944,0.028619176937539167,0.8232925357632563,0.16347124117053483
Wandering,Monica Williams,10s,3LLxZ43yR9vhoOEUTgZgEf,2018,2018-09-21,arabic,0.2613735445450883,0.11531355287468753,0.01065385418842699,0.9899598031683668,0.9525731584258325
Sahara Sunrise,John Grout,10s,5xZcRDyrYQigdKPFAEeE3O,2016,2016-05-27,arabic,0.4708347781815558,0.6304749483751767,0.006475872153749736,0.3744957373892543,0.8859737638748739
The Orient Is Calling,"Heiko Streicher, Stefan Heinz",10s,6xUUwsBkj6UfLKVbIpA9pl,2012,2012-01-20,arabic,0.8186005584296621,0.5120095641778067,0.34301232504700224,0.11345061976679215,0.15438950554994954
Nubia Nur,Lars-Luis Linek,20s,1ll3j3ZYFOOyO62J0kT3ww,2020,2020-07-15,arabic,0.5009009839666947,0.7880665145092925,0.38688113641111344,0.6596373274076359,0.7961654894046418
Exotic Cairo,Egyptian Meditation Temple,10s,6h0w3wos9JLMoeLx5zsuXx,2019,2019-06-10,arabic,0.5620356023964771,0.6456906857950223,0.782744934196783,0.5883519299030404,0.6680121089808275
Desert Sphinx,Brandon Fiechter,10s,6rse2yZOqhuFbRY7x082hP,2015,2015-10-24,arabic,0.2894353366112179,0.4880991196609064,0.45895132650929593,0.7690754728724374,0.9253279515640768
"The Prince Of Persia - From ""Prince of Persia: The Sands of Time""/Score",Harry Gregson-Williams,10s,4Vt93gKXpOG2WlxRVQuSuz,2010,2010-01-01,arabic,0.38163836768564385,0.25116835126616666,0.008564863171088363,0.5572273197249777,0.9162462159434914
Atlantis of the Sands,Greg Edmonson,10s,00JOgmWv6RmkgwPxdYScnf,2011,2011-01-01,arabic,0.47283919190056506,0.3870231496576459,0.0390641320242323,0.20582043061781718,0.756811301715439
Eastern Falvours,Two Worlds II,10s,0VCFk2CmecCNCknooDSYEP,2013,2013-09-20,arabic,0.3094794738013105,0.5739593522443213,0.4850637142260288,0.9036141104163217,0.9848637739656912
The Nile River,Brandon Fiechter,10s,1PxKm76HDzexIxp6FdEHnY,2014,2014-12-20,arabic,0.4056913323137549,0.11313987610042386,0.09860037601838312,0.8524091065749926,0.9091826437941474
Enchanted Palace,Adrian Von Ziegler,10s,6HpsR6lJWl22BSuEw3EWI4,2012,2012-12-12,arabic,0.17718816834669943,0.5804803825671123,0.07457697931898893,0.9367467599607111,0.987891019172553
TEMPTATION,Joey Bada$$,10s,3gJDgenxLephg09x86IxPs,2017,2017-04-07,hip-hop,0.7083578038841528,0.778284969025106,0.7837894297054523,0.39859220978517385,0.0
Nikes on My Feet,Mac Miller,10s,7cAFB83sEKAmwekVvQtGZj,2010,2010-08-13,hip-hop,0.5710554641320187,0.8065427670905337,0.55922289534155,0.561243398457631,0.0
Drunken Sailor,The Irish Rovers,10s,5Su5ILFp6U83cnIXwfmlC5,2012,2012-02-22,folk,0.8987771071900325,0.6619932616019999,0.9665761437225819,0.6285127172295731,0.23107971745711403
Come Out Ye Black & Tans,The Wolfe Tones,10s,5ueyUIOcH7iDpNzuR1LsKn,2010,2010-01-01,folk,0.3906582294211855,0.6826431909575047,0.7044077710465845,0.8032121420999901,0.00015539858728557014
Leave Her Johnny,"Sean Dagher, Nils Brown, Michiel Schrey, Assassin's Creed",10s,2vaa0nnDnNTlxCh7fCmjsr,2013,2013-10-29,folk,0.27039340628063,0.7098141506358004,0.729475663254648,0.9387547993270378,0.0
Star Of The County Down,The High Kings,10s,7lvna493KcT7vC5V8K1yAz,2010,2010-01-01,folk,0.6632584952064446,0.771763938702315,0.9206183413411323,0.39658417041884725,0.0
I'm Shipping Up To Boston,Dropkick Murphys,00s,7rSERmjAT38lC5QhJ8hnQc,2005,2005-07-19,folk,0.929845519834676,0.42723616998152375,0.5957802381449759,0.0007052334656507447,0.0006427850655903128
Morrison's Jig,Orthodox Celts,10s,5CLUgmwdCyveF3xOK1DypI,2017,2017-01-13,folk,0.47684801933858356,0.6098250190196718,0.7409651138500104,0.25200533604332975,0.001442986881937437
Don't Care,Wizkid,20s,1t6yJs1WSeetp1OdFf9oHJ,2024,2024-11-22,ambient,0.7043489764461344,0.8228453428975111,0.8401921871735951,0.03553869235331883,0.0
It Hurts,"Johnny Drille, Don Jazzy",20s,6dXJzvdMdh9WADpxoeXkJo,2024,2024-11-13,ambient,0.6031260836361668,0.7739376154765787,0.39314810946312934,0.07981596038082106,0.0
Time,Wizkid,20s,0d1rbxaODhWDBLJ7ywooEj,2024,2024-11-22,ambient,0.570053257272514,0.8489294641886751,0.7743889701274285,0.33232691069639503,0.0008657921291624622
INTOXYCATED,"Oxlade, Dave",20s,1lcSY9kXL2PG8HYuDlV4KW,2024,2024-09-20,ambient,0.6943269078510881,0.7272035648299098,0.5654898683935659,0.1054184623014856,1.2613521695257316e-05
Lose,Wizkid,20s,4sHR4SfCBR7iaoi1PNi1W1,2024,2024-11-22,ambient,0.6913202872725741,0.6837300293446364,0.7712554836014206,0.501002217467832,8.779011099899092e-05
Awolowo - Remix,"Fido, Tiwa Savage",20s,1SDOo6cNNrvarL9wqEVAJT,2024,2024-11-01,ambient,0.46482153702452805,0.7185088577328551,0.3670357217463965,0.05692431160469746,0.0
Slow (feat. Anaïs Cardot),"Wizkid, Anaïs Cardot",20s,3fGdbjANHhuAhNo0f4POgw,2024,2024-11-22,ambient,0.3806361608261392,0.4913596348223019,0.642782536035095,0.6084323235663068,0.004359233097880929
Pinterest,"Phyno, NSG",20s,3tBWJXPBzqYGkE8I4K7suN,2024,2024-10-04,ambient,0.8396469024792593,0.5033148570807521,0.879883016503029,0.3805198554882342,0.0
Break Me Down,Wizkid,20s,0EI0H7VQ7SNk7cwpuxG1DC,2024,2024-11-22,ambient,0.6281812551237825,0.6239539180523856,0.5278880300814707,0.17168376139026448,0.0017255297679112007
Hello Habibi,"Olamide, Russ",20s,4QbYZ16EH34vcSNcpAQR37,2024,2024-11-07,ambient,0.8687109014048936,0.5011411803064885,0.11844579068310004,0.23594102111271667,0.0
Bad For You (feat. Jazmine Sullivan),"Wizkid, Jazmine Sullivan",20s,3Ae97zTfGTtJzDfmCweNn8,2024,2024-11-22,ambient,0.8897572454544908,0.745679817411151,0.8892834760810528,0.10843052135097556,0.0
Double Tap,"Zoro Swagbag, Klem",20s,3EQBdqK2OrtpIlYtzPGmDv,2024,2024-10-18,ambient,0.8697131082643982,0.5152700793392022,0.7806559431794444,0.14758728899434487,0.0
hell and back,Fireboy DML,20s,1v9AZkRJoirN00lAC3Pvd8,2024,2024-08-28,ambient,0.6843048392560418,0.5772198674057167,0.48088573219135156,0.06666330253138163,0.0
A Million Blessings,Wizkid,20s,2hZttcpkiVBA6thTLFDaS9,2024,2024-11-22,ambient,0.6361989099998197,0.45549396804695136,0.043973260914978066,0.4387529971117065,0.015136226034308779
Count My Blessings,Johnny Drille,20s,43ZHlCWp1TAA1dyMxNh28L,2024,2024-07-17,ambient,0.8206049721486713,0.7924138680578199,0.7545435554627116,0.5692755559229374,0.00025731584258324925
Pray,Wizkid,20s,5HeW3DSp2lsfcXXRuJkZUy,2024,2024-11-22,ambient,0.8847462111569676,0.7793718074122379,0.4641738040526425,0.040458388800819076,6.256306760847629e-06
Pano Tona,"Kizz Daniel, Adekunle Gold",20s,4rYrmw13Viwwu3c5vM89ty,2024,2024-11-10,ambient,0.7284019410742455,0.8326268883816976,0.9456862335491958,0.26505759192445283,0.0
Bad Girl (feat. Asake),"Wizkid, Asake",20s,2j8n2hpZlEMvtrjJ7n0ZIy,2024,2024-11-22,ambient,0.6231702208262594,0.8902293228996848,0.6417380405264258,0.037044721878063805,0.0010797174571140263
Believe Me,"Johnny Drille, Don Jazzy",20s,6c6F0PkyCUiv2zZHI2NNly,2024,2024-11-13,ambient,0.7644813880164122,0.7511140093468102,0.6939628159598913,0.06616129268979996,5.630676084762866e-05
We Must,"Kizz Daniel, Thyself",20s,30YgRP8fhEWJwb5Vp6CAbx,2024,2024-09-25,ambient,0.7614747674378982,0.5783067057928486,0.7357426363066639,0.45682535140864616,0.0
Santorini,Seyi Vibez,20s,6vnToAh7RIRYU4XMM2Wir4,2024,2024-07-12,ambient,0.7043489764461344,0.6630800999891316,0.7649885105494046,0.07911314660260674,1.9172552976791123e-05
OMFTR,"Show Dem Camp, The Cavemen., Obongjayar, Nsikak David",20s,26DKXDxS9eqQqVfjfqh9Nh,2024,2024-08-09,ambient,0.7714968360329445,0.8326268883816976,0.405682055567161,0.0961814812163831,0.2330978809283552
Sweet Karma,"Phyno, Johnny Drille",20s,2rkzI0YLhgIR8ardKTmXd7,2024,2024-10-04,ambient,0.8937660728925093,0.4163677861102054,0.7514100689367036,0.31124249734996534,0.2472250252270434
PUFF PUFF,"M.anifest, The Cavemen., Flea",20s,6NMuQPXrTjnolGuttpu5Xy,2024,2024-10-17,ambient,0.6061327042146807,0.771763938702315,0.6730729057865051,0.5030102568341587,0.0
COMPOZURE,Timaya,20s,7hEnQlFTKJOkEpA23VQRHQ,2024,2024-08-14,ambient,0.5510113269419261,0.7576350396696012,0.44641738040526424,0.1746958204397544,0.0008234106962663976
I Swear,Asake,20s,0RHdQDaqgDwsXQujji1TSn,2024,2024-08-08,ambient,0.7213864930577131,0.856537332898598,0.7931898892834761,0.31023847766680207,0.0
iseoluwa,Fireboy DML,20s,36GYWNzc0MwGSSmXZLP6bX,2024,2024-08-28,ambient,0.7935453869420465,0.8000217367677427,0.6918738249425527,0.33835102879537493,2.4823410696266398e-06
OLAITAN - OLAOLUWA,Oxlade,20s,24Tx4htE4jbGXiDa864tHN,2024,2024-09-20,ambient,0.5730598778510279,0.5065753722421475,0.6448715270524337,0.4969861387351788,5.075681130171544e-06
Blessings,"Show Dem Camp, The Cavemen., Moelogo, Nsikak David",20s,5gIqCQLQOkE0etoESFushJ,2024,2024-08-09,ambient,0.37462291966911143,0.6000434735354853,0.1435136828911636,0.8955819529510152,1.8768920282542887e-05
Suru (feat. Stormzy),"Asake, Stormzy",20s,25KjMlA0KAwRKS9JuT1NSq,2024,2024-08-08,ambient,0.7554615262808705,0.765242908379524,0.5874242740756215,0.25702543445914633,0.00046720484359233095
BLESSED,"Oxlade, Popcaan",20s,0yHnMci6HNtbL85kv2zuL1,2024,2024-09-20,ambient,0.386649401983167,0.5424410390174982,0.12993524127846248,0.08011716628577005,0.0
Burning,Tems,20s,1D1M805zV8DwhYXsvJdQZx,2024,2024-06-06,ambient,0.29344416404923646,0.8391479187044886,0.40672655107583033,0.37951583580507087,2.058526740665994e-05
No Love In Lagos,"Show Dem Camp, The Cavemen., Nsikak David",20s,3S612TExInLWnYOsQ9Ti9y,2024,2024-07-05,ambient,0.25936913082607904,0.5772198674057167,0.5916022561102987,0.2730897493897594,0.02542885973763875
letting go,"Fireboy DML, Lojay",20s,4VmZWEvWcmWFqg7GciQM88,2024,2024-08-28,ambient,0.7324107685122639,0.7500271709596783,0.5435554627115105,0.20481641093465386,0.0
Sudden Day,"Show Dem Camp, The Cavemen., Nsikak David",20s,6FvnqxPCxXf1Zl2MxY4FNW,2024,2024-08-09,ambient,0.5510113269419261,0.6891642212802956,0.23856277418007102,0.026602917173165312,0.6256306760847629
LIVE- STYLE,Timaya,20s,7Ju9pGHiC9pAmDVwzYzmk2,2024,2024-08-14,ambient,0.570053257272514,0.7956743832192154,0.4850637142260288,0.31023847766680207,0.023007063572149346
Risk,Victony,20s,6qS9yoAUIXNfno5t4YLQdn,2024,2024-06-21,ambient,0.6863092529750511,0.7435061406368874,0.5487779402548569,0.11345061976679215,0.0
Ouu wee (brown),Mannywellz,20s,0yqkv2grqb1Iz0L5UTfYNc,2024,2024-08-29,ambient,0.49889657024768547,0.7880665145092925,0.7639440150407354,0.25200533604332975,0.0
Fall,"Show Dem Camp, The Cavemen., Nsikak David",20s,3HDGC8t5S5csiKtHGYevr9,2024,2024-08-09,ambient,0.5229495348757965,0.8228453428975111,0.6406935450177564,0.6526091896254927,0.2512613521695257
Wickedest,Tems,20s,0D6XSXGNj5CTGQQzKQKQQ2,2024,2024-06-06,ambient,0.4187200214873151,0.8576241712857298,0.5936912471276373,0.37248769802292764,0.00035317860746720485
ecstasy (feat. Seun Kuti),"Fireboy DML, Seun Kuti",20s,1hBvCXXnLsXwlS7Qx2xdAh,2024,2024-08-28,ambient,0.7233909067767224,0.6359091403108358,0.6093586797576771,0.03644231006816581,9.293642785065591e-05
Energy,Niniola,20s,7jiUmMWr3xHjjsrBBp0uht,2024,2024-09-13,ambient,0.6211658071072501,0.5087490490164113,0.5226655525381242,0.4969861387351788,0.5317860746720484
OVAMI,"Oxlade, Flavour",20s,7GrimU22Za4OxcGo5Pea4L,2024,2024-09-20,ambient,0.6061327042146807,0.44897293772416036,0.7002297890119072,0.33232691069639503,0.00029061553985872856
Train,"Show Dem Camp, The Cavemen., Ruti, Nsikak David",20s,5R2wKKaRmOR2qDJKAPyXDl,2024,2024-08-09,ambient,0.5399870514873752,0.7206825345071188,0.5863797785669521,0.7550191973081509,0.03269424823410696
My Heart,Asake,20s,4Mq3cWI9k0DO9sMe6Ylqr2,2024,2024-08-08,ambient,0.42473326264434286,0.5196174328877297,0.4443283893879256,0.7389548823775378,1.65489404641776e-05
Therapy Session,"Boj, Gyakie",20s,11Hmj3zOB2BkN9Nvgfyitu,2024,2024-07-25,ambient,0.33954567958644943,0.4631018367568742,0.66576143722582,0.7801196893872339,4.1372351160443995e-05
Lagos,Seyi Vibez,20s,0YgAGCU3kDEMTvndL9u3Tw,2024,2024-07-12,ambient,0.6502298060328844,0.47397022062819255,0.5226655525381242,0.5752996740219174,0.0
ready,"Fireboy DML, Jon Batiste",20s,6QMd3x9BDm3k5wrHdEvfW0,2024,2024-08-28,ambient,0.2272985113219309,0.5457015541788937,0.12471276373511593,0.9508030355249975,5.116044399596367e-05
Worldwide,Asake,20s,3n7kzSJ246VvIe4lRmxV9X,2024,2024-08-08,ambient,0.4257354695038475,0.5152700793392022,0.45372884896594945,0.6947780163183519,0.00015943491422805247
BROTHER,"Ashidapo, Asake",20s,27xFlKtzTMEOgqBDX7skYn,2024,2024-07-05,ambient,0.597112842479139,0.5837408977285078,0.08815542093168999,0.33935504847853826,0.0
Why,"Show Dem Camp, The Cavemen., Nsikak David",20s,5TEgAzd2FfR0W9xj2I9ttd,2024,2024-08-09,ambient,0.5480047063634123,0.8380610803173568,0.4861082097346981,0.6927699769520252,0.023007063572149346
Gbemidebe,"Boj, Ajebutter22",20s,2cNxVZOPJAh4cx2PBcd6ra,2024,2024-07-25,ambient,0.47684801933858356,0.628301271600913,0.5665343639022352,0.5060223158836485,0.02875882946518668
Johni,"Show Dem Camp, The Cavemen., Nsikak David",20s,6sRAVzPbOjfq40bjYYgMEb,2024,2024-07-26,ambient,0.4948877428096669,0.73915878708836,0.46626279506998114,0.09828992255102607,0.005761856710393542
Hello Habibi,Olamide,20s,4nj32rIPm4mqx15x8B1meM,2024,2024-06-26,ambient,0.7003401490081158,0.6109118574068036,0.48088573219135156,0.4387529971117065,0.0
Abu Dhabi,Seyi Vibez,20s,4oo4weTPM0KbBaTmD6f3WH,2024,2024-07-12,ambient,0.7684902154544306,0.7598087164438648,0.7451430958846877,0.7088342918826384,9.132189707366297e-05
My Dealer,"KAESTYLE, Omah Lay",20s,7IFoyt4ZL7raIETupyDCYM,2024,2024-05-17,ambient,0.66225628834694,0.771763938702315,0.8495926467516189,0.5873479102198771,2.2603430877901108e-05
Doha,Seyi Vibez,20s,5hphSVebVxTpDfrk09W0hS,2024,2024-07-12,ambient,0.6923224941320788,0.5163569177263341,0.32734489241696263,0.4226886821810934,6.942482341069627e-05
"Synchro System (feat. Pheelz, Young Jonn & Lil Kesh)","Olamide, Pheelz, Young Jonn, Lil Kesh",20s,4OXlgrOv4FtLuMnuqsI69c,2024,2024-06-26,ambient,0.7384240096692918,0.6130855341810673,0.3962815959891372,0.46586152855711604,0.0
Skating,Asake,20s,5FxlRNsUFstHTDT29A1Cuh,2024,2024-08-08,ambient,0.5910996013221113,0.6109118574068036,0.40881554209316895,0.054815870270054495,0.0
Buga,"Show Dem Camp, The Cavemen., Tim Lyre, Nsikak David",20s,33WuiR0fGEdy1PmfMH4dLU,2024,2024-08-09,ambient,0.6121459453717085,0.621780241278122,0.5362439941508252,0.5652594771902841,0.2129162462159435
back n forth,"Fireboy DML, Lagbaja",20s,2q7BfsGmjmUbxn5VkI6QKN,2024,2024-08-28,ambient,0.7795144909089816,0.8271926964460384,0.886149989555045,0.25401337540965635,0.0
Ligali,Asake,20s,6PJNuJwkvzKammMxgrRxkU,2024,2024-08-08,ambient,0.8426535230577732,0.8337137267688295,0.746187591393357,0.040357986832502746,0.002956609485368315
Stubborn (with Asake),"Victony, Asake",20s,4cpxSBb2TRx8WJhQM1Jdpk,2024,2024-05-10,ambient,0.6642607020659492,0.8054559287034019,0.8704825569250052,0.45481731204231957,0.0
Soh-Soh,Odeal,20s,1I08zQMc1sHy2xwd8itedV,2024,2024-07-05,ambient,0.5500091200824215,0.7793718074122379,0.6782953833298517,0.0580287332561771,0.01503531786074672
"Ba$tard, Don't Be Silly",Victony,20s,0u9khlv9uOvSEUOTFZtMNs,2024,2024-06-21,ambient,0.7584681468593844,0.7902401912835562,0.8871944850637142,0.4176685837652768,5.4389505549949545e-06
Whine,"Asake, LUDMILLA",20s,1RMEvuPu0Lq5GzBedlzEdA,2024,2024-08-08,ambient,0.8486667642148009,0.7674165851537876,0.7984123668268227,0.1285109150142419,0.0
Devil Wears White,"Larry Gaaga, Patoranking, ODUMODUBLVCK",20s,2gcOLxQioot3aJEzyVQZUr,2024,2024-05-17,ambient,0.7464416645453288,0.46744919030540155,0.6636724462084813,0.41566054439895017,0.0
"APALA DISCO (feat. Wizkid, Seyi Vibez & Terry Apala) - Remix","DJ Tunez, Wizkid, Seyi Vibez, Terry Apala",20s,55nKxeuQ63YLqhtxPWMCgN,2024,2024-06-21,ambient,0.6572452540494168,0.7728507770894468,0.8819720075203676,0.30019828083516886,0.0
Open Bareta,"Skiibii, Don Jazzy",20s,4ibmjx42gz3UtWLMCbXwEU,2024,2024-06-21,ambient,0.6111437385122038,0.8348005651559612,0.9300188009191561,0.39859220978517385,0.0
Salt,Dai Verse,20s,68d70XrR9yr5515EzmnE7e,2024,2024-03-29,ambient,0.7163754587601899,0.6196065645038583,0.5341550031334866,0.09166339264214819,0.00034308779011099904
Hallelujah (feat. Lojay),"Giggs, Lojay",20s,0Zb004lei42rERugapZaSt,2023,2023-08-18,ambient,0.7223886999172177,0.4598413215954787,0.682473365364529,0.1817239582218976,9.757820383451061e-06
Hold On,Tems,20s,48v9mb6Z5i1qDSbD9RUEXk,2024,2024-06-06,ambient,0.5650422229749908,0.7185088577328551,0.7681219970754126,0.27108171002343273,0.12209889001009082
Normally (feat. NSG),"JAE5, NSG",20s,3xo3GCZI9Vz1GVDeIKWJhR,2024,2024-05-23,ambient,0.5209451211567873,0.9695685251603087,0.6668059327344893,0.22590082428108352,0.0017255297679112007
Lagos Love Story,Ayra Starr,20s,2Q2QZJlhGcGPV1XAdvcqob,2024,2024-05-30,ambient,0.6341944962808104,0.4815780893381154,0.45581783998328806,0.25401337540965635,0.0
American Love,Qing Madi,20s,5c1rWQAa8GX8LgCC9h3d1N,2023,2023-11-17,ambient,0.7875321457850186,0.3870231496576459,0.44746187591393355,0.3805198554882342,0.0
Pana,Tekno,10s,3ddd0nUY2jZtPYzg0r0wTb,2016,2016-12-20,ambient,0.5540179475204401,0.537006847081839,0.6626279506998121,0.30622239893414877,0.058627648839556006
Goodbye (Warm Up)(feat. Asake),"Ayra Starr, Asake",20s,7vAXxDFUHDPxWzSujxb8jB,2024,2024-05-30,ambient,0.7915409732230372,0.6467775241821542,0.7608105285147274,0.006281558785939801,1.5338042381432895e-05
Showa,Kizz Daniel,20s,4WYbYaibpIWj1FLbMUH2Yb,2024,2024-03-11,ambient,0.5630378092559817,0.7750244538637105,0.8934614581157301,0.7791156697040705,7.305751765893037e-05
Hallelujah,"LADIPOE, Rozzz, Morrelo",20s,6JNLAYsRE0JAES5arxN0nY,2024,2024-04-19,ambient,0.7464416645453288,0.5674383219215302,0.6208481303530395,0.19678425346934736,0.0
TECHNICIAN (feat. Blaqbonez & Lekaa Beats),"ODUMODUBLVCK, Blaqbonez, Lekaa Beats",20s,60qIa2znv2BICoDyJS8rNv,2024,2024-04-19,ambient,0.5880929807435974,0.8011085751548745,0.5801128055149363,0.20883248966730714,3.01715438950555e-06
Merrily,Lamii,20s,4havwM5WjZLvXYTjX2qAFt,2024,2024-03-22,ambient,0.6722783569419862,0.7402456254754918,0.8704825569250052,0.19778827315251069,0.0017658930373360242
Steeze,Skiibii,20s,0py9TbQUYOaIzPnYXHX1mS,2024,2024-06-28,ambient,0.7113644244626668,0.8521899793500707,0.4370169208272404,0.07419345015510648,3.5822401614530776e-06
Dey,Shallipopi,20s,3LoOprAVtyNADJUb8xmqzQ,2024,2024-04-11,ambient,0.5870907738840927,0.5011411803064885,0.46626279506998114,0.5582313394081411,0.0
Sensational (feat. Davido & Lojay),"Chris Brown, Davido, Lojay",20s,5HM5trJxTouv3eUVcbW8sh,2023,2023-10-20,ambient,0.6121459453717085,0.7771981306379742,0.8130353039481931,0.10843052135097556,0.0
Free Fall (feat. J. Cole),"Tems, J. Cole",20s,3cuUZnjDwk4cUJCFinYbAC,2024,2024-06-06,ambient,0.529964982892329,0.7445929790240191,0.7994568623354921,0.47088162697293257,0.045105953582240156
Control,Ayra Starr,20s,4ykLInGVHdWGU5Gni1WY61,2024,2024-05-30,ambient,0.794547593801551,0.8054559287034019,0.632337580948402,0.24296915889485987,3.541876892028254e-06
Ilashe,"Ruger, Bnxn",20s,1kW728xFsRBvunN1yiTsNf,2024,2024-04-17,ambient,0.7554615262808705,0.817411150961852,0.44015040735324834,0.037345927783012794,0.00024924318869828455
POE,"Ruger, Bnxn",20s,32HYphoaaPlTaR7KzOXhp1,2024,2024-04-10,ambient,0.6532364266113984,0.7837191609607652,0.5717568414455818,0.6425689927938596,0.0
High Tension,Shallipopi,20s,3tEzyNbV0BS9AS0HRSsy3Q,2024,2024-04-11,ambient,0.8125873172726343,0.7891533528964244,0.492375182786714,0.15963552519230467,0.0
ASAP,Shallipopi,20s,6FZlSfQrD9aoB4SSnoAzWk,2024,2024-04-11,ambient,0.8286226270247083,0.6065645038582763,0.6814288698558597,0.1556194464596514,1.8869828456104945e-05
NYEM EGO (feat. Jeriq),"Blaqbonez, Jeriq",20s,2GG6ETOQ8jiXcKYrwhNi0M,2023,2023-10-27,ambient,0.8777307631404352,0.7467666557982828,0.9404637560058492,0.5702795756061008,0.00014228052472250254
Oil in my Head,Black Sherif,20s,5zNWfIlGEVQ72uzVOGgAiZ,2022,2022-10-05,ambient,0.5630378092559817,0.8130637974133247,0.23960726968874033,0.26505759192445283,0.000124117053481332
Dreams II,"Ajebo Hustlers, Zlatan, Blaqbonez",20s,4yNcaIKp8I0zQPc8OMDBj1,2024,2024-05-03,ambient,0.6692717363634724,0.8793609390283665,0.6083141842490077,0.16465562360812125,3.5923309788092835e-06
Zuzulakate,"Mr Eazi, Joeboy",20s,5E9gbfvLaMP1MC8wWzq7vh,2023,2023-10-27,ambient,0.5740620847105325,0.7337245951527008,0.03937748067683309,0.07088018520066754,0.0
January 9th,Black Sherif,20s,5JL5FbKStegRpZc7OCeRnc,2024,2024-01-08,ambient,0.7795144909089816,0.5641778067601347,0.3012325047002298,0.14758728899434487,0.0
AREA BOYZ PRAYER (feat. Seyi Vibez),"NSG, Seyi Vibez",20s,4q66cTrveS3OCh2cIeOKRS,2023,2023-10-20,ambient,0.6261768414047733,0.5087490490164113,0.44746187591393355,0.3503992649933347,3.733602421796165e-05
WOTOWOTO SEASONING (feat. Black Sherif),"ODUMODUBLVCK, Black Sherif",20s,2LP8KwtvzUx1onvXKQCoKR,2023,2023-12-01,ambient,0.5289627760328243,0.5706988370829258,0.2646751618968038,0.6606413470907992,0.005711402623612513
Normal,Burna Boy,20s,2KiqSjEDFFOyf4yCQwSOud,2023,2023-08-24,ambient,0.7223886999172177,0.621780241278122,0.8057238353875079,0.4698776072897693,3.5519677093844603e-06
100,Shallipopi,20s,7g1KHFtfJF1Xhp3QNIoEfH,2024,2024-04-11,ambient,0.7454394576858242,0.8337137267688295,0.5372884896594945,0.06907294977097359,1.6145307769929363e-06
Maximum Damage (feat. Headie One),"Bnxn, Headie One",20s,721NXqBKtuUskJBNKgSUYB,2023,2023-10-04,ambient,0.6823004255370326,0.6087381806325399,0.4986421558387299,0.5712835952892641,2.8456104944500504e-05
6 BUSINESS DAYS (feat. Projexx),"Blaqbonez, Projexx",20s,2KbFskDFrgLGKBKIVDrzbh,2023,2023-10-27,ambient,0.4848656742146206,0.6456906857950223,0.2093168999373303,0.11244660008362882,1.8163471241170533e-06
SIMMER DOWN,Black Sherif,20s,58PIq4XvTG4bR3IJbE6yX5,2023,2023-08-09,ambient,0.6011216699171575,0.7054667970872731,0.5425109672028411,0.752007138258661,0.0
CORLEONE (feat. ODUMODUBLVCK & Steel Banglez),"NSG, Steel Banglez, ODUMODUBLVCK",20s,1XKbhxFEvUnk5B6WCOSa9H,2023,2023-10-20,ambient,0.6592496677684261,0.5870014128899033,0.5540004177982035,0.34136308784486485,0.0
APALA DISCO,"DJ Tunez, Terry Apala",20s,1SiBHQQkkySXWZfARVr6Pz,2023,2023-11-01,ambient,0.6341944962808104,0.7902401912835562,0.9655316482139127,0.17871189917240765,0.0009263370332996973
Òròkórò,"Mr Eazi, Angelique Kidjo",20s,5WwkpRC1O6TVsIzYhJtIec,2023,2023-10-27,ambient,0.7544593194213658,0.6272144332137811,0.766033006058074,0.1305189543805685,0.0
NA MONEY (feat. The Cavemen. & Angélique Kidjo),"Davido, The Cavemen., Angelique Kidjo",20s,0pLx3RsHPmZnD90h2yaL8V,2023,2023-03-30,ambient,0.7755056634709631,0.6619932616019999,0.6271151034050554,0.1756998401229177,0.0
Jamboree,"Mr Eazi, Tekno",20s,17Yhnis5nnAKKRQKMAHtse,2023,2023-10-27,ambient,0.6011216699171575,0.654385392892077,0.7012742845205765,0.3022063202014955,1.8264379414732594e-06
Dey Play,Burna Boy,20s,7KEPDWPWa4wfsP0Ee7JlIr,2023,2023-08-24,ambient,0.5480047063634123,0.6685142919247908,0.7545435554627116,0.10240640325199565,0.004752774974772956
Fefe Ne Fefe,Mr Eazi,20s,54lyWR5MrajC4HaECUTkiK,2023,2023-10-27,ambient,0.6873114598345558,0.7641560699923922,0.7482765824106956,0.18975611568720416,0.00018668012108980826
Anything for Love,Blackmagic,10s,0F77YnmeyLoTsSzpONWhB0,2019,2019-02-28,ambient,0.7073555970246482,0.889142484512553,0.6051806977229998,0.634536835328553,0.0020484359233097884
KILO,Blaqbonez,20s,29xr6qxvadrU5bIYywqRlW,2023,2023-10-27,ambient,0.8827417974379584,0.752200847733942,0.5957802381449759,0.21887268649894032,4.389505549949546e-06
COMMEND,ODUMODUBLVCK,20s,5bh6Uoxkt8Jjzhr1C4ibiD,2023,2023-10-06,ambient,0.5870907738840927,0.5598304532116074,0.6438270315437644,0.12549885596475194,0.0
If I'm Lying,Burna Boy,20s,5batLmtO74GzFY6clZwwQr,2023,2023-08-24,ambient,0.3846449882641577,0.32181284642973584,0.7785669521621057,0.5672675165566108,0.0
TESLA BOY (feat. Blaqbonez),"ODUMODUBLVCK, Blaqbonez",20s,4tvoZzMGhx23HAlS5GUVCa,2023,2023-10-06,ambient,0.5359782240493567,0.9402238887077492,0.6835178608731983,0.050197379727503245,0.00020282542885973764
My G,Kizz Daniel,20s,25k1dcqUAmq4uYKUFj7u3o,2023,2023-07-27,ambient,0.6632584952064446,0.8141506358004565,0.7722999791100899,0.39859220978517385,0.0041372351160444
"Chop Time, No Friend",Mr Eazi,20s,4qbEAsnEwISp19ebujxhg4,2023,2023-10-27,ambient,0.6552408403304075,0.8902293228996848,0.626070607896386,0.09367143200847482,0.018567103935418768
Jinja,Olamide,20s,5dVJTSZhL2n81ZkT4PZu0x,2023,2023-08-08,ambient,0.7364195959502825,0.9119660906423215,0.39001462293712136,0.11345061976679215,0.005973763874873864
KUBOLOR (feat. Amaarae),"ODUMODUBLVCK, Amaarae",20s,7sFukIJffFFLwnazXIbqP5,2023,2023-10-06,ambient,0.7223886999172177,0.5565699380502119,0.7534990599540422,0.3303188713300684,9.001009081735621e-05
Exit,"Mr Eazi, Soweto Gospel Choir",20s,3V6c5KpTtIFHzmb1kofHPG,2023,2023-10-27,ambient,0.8316292476032222,0.5130964025649386,0.6605389596824734,0.004253439025949902,0.00010494450050454086
On Form,Burna Boy,20s,2vocGs3C0oElZiVwZSQZPg,2023,2023-08-24,ambient,0.7935453869420465,0.8554504945114662,0.6406935450177564,0.02198442663061406,0.01634712411705348
Mandela,Mr Eazi,20s,4KsipOlFHPF7Qo29auvXXL,2023,2023-10-27,ambient,0.5039076045452086,0.9239213129007717,0.12157927720910798,0.1756998401229177,4.7124117053481326e-05
Final Answer (feat. Popcaan),"Bnxn, Popcaan",20s,6lPFIUFLh26s5z8LTy1eCz,2023,2023-10-04,ambient,0.5710554641320187,0.5304858167590479,0.308543973260915,0.44176505616119643,0.0
"Tested, Approved & Trusted",Burna Boy,20s,6Z7X86HZWODk0KPVmOsCKR,2023,2023-08-24,ambient,0.48286126049561134,0.8206716661232475,0.6438270315437644,0.160639544875468,2.674066599394551e-06
MASQUERADE (feat. M24),"Blaqbonez, M24",20s,0J0zVe6dR8atTdiWfIBFP7,2023,2023-10-27,ambient,0.7113644244626668,0.8597978480599935,0.66576143722582,0.1756998401229177,0.0
City Boys,Burna Boy,20s,1OX1aWd5WTavFuOXZ7k6Q5,2023,2023-08-24,ambient,0.6171569796692317,0.8326268883816976,0.5916022561102987,0.06545847891158564,0.0
SHUT IT DOWN,"LADIPOE, Chocobantis",20s,7209lSaT96QO2FEm7BYDLX,2023,2023-10-12,ambient,0.7995586280990742,0.537006847081839,0.41717150616252346,0.0996955501074547,4.016145307769929e-05
Advice,Mr Eazi,20s,65jJXNS6RMNSn5J43e6eXq,2023,2023-10-27,ambient,0.6101415316526992,0.7119878274100642,0.6281595989137247,0.3945761310525206,0.0
Omo Eko,Adekunle Gold,20s,5G7kb3GF3V7B2vjsT2ZYh1,2023,2023-07-28,ambient,0.7434350439668149,0.8424084338658842,0.492375182786714,0.42971681996323663,0.007053481331987891
BLOOD ON THE DANCE FLOOR (feat. Bloody Civilian and Wale),"ODUMODUBLVCK, Bloody Civilian, Wale",20s,35MU2MEhQMw0NhXZztAP9m,2023,2023-10-06,ambient,0.8396469024792593,0.6826431909575047,0.7942343847921455,0.2620455328749629,4.439959636730575e-05
Start Am,Shallipopi,20s,6H54zSIPiuLv0jULCx2n4Y,2024,2024-04-11,ambient,0.6933247009915834,0.8358874035430931,0.4046375600584917,0.5522072213091612,0.0
DOLLERZ (feat. ODUMODUBLVCK),"Blaqbonez, ODUMODUBLVCK",20s,1X9zmng42hJSwZ3gz8Q9v7,2023,2023-10-27,ambient,0.8226093858676806,0.6467775241821542,0.17798203467725088,0.16365160392495795,0.00019374369323915238
Regret (feat. 2Baba),"Bnxn, 2Baba",20s,4RkuFGsIae9AGdGnxIQTGx,2023,2023-10-04,ambient,0.6913202872725741,0.5663514835343985,0.6709839147691665,0.1877480763208775,0.0002532795156407669
LIKE ICE SPICE,Blaqbonez,20s,61iDSv1MgCsdo0zKXGxvCO,2023,2023-07-07,ambient,0.5830819464460743,0.7185088577328551,0.8088573219135159,0.12650287564791524,0.0
TONIGHT (feat. Libianca & Jae5),"NSG, Libianca, JAE5",20s,17sdMcLIsAvKuQBPKXmiDC,2023,2023-10-20,ambient,0.627179048264278,0.836974241930225,0.7169417171506163,0.5100383946163018,0.00013319878910191725
AZONTO,NSG,20s,7L4MhWr3EV17zD8gqxEBmE,2023,2023-10-20,ambient,0.5259561554543104,0.6098250190196718,0.9697096302485899,0.2078284699841438,0.0
Cheat On Me (feat. Dave),"Burna Boy, Dave",20s,0J8rHxfMi4RbRoZD3TdjW9,2023,2023-08-24,ambient,0.6502298060328844,0.7380719487012282,0.6762063923125131,0.11947473786577203,0.0
Big 7,Burna Boy,20s,33POpbUeOVICoToq7xJBmF,2023,2023-07-27,ambient,0.8807373837189492,0.6402564938593631,0.6208481303530395,0.11746669849944541,0.0
FYN,"Rema, AJ Tracey",20s,5gdhbzqHrZsjc3Rf3SdeXE,2022,2022-03-11,ambient,0.6472231854543705,0.5837408977285078,0.5863797785669521,0.256021414775983,0.0
Blood Is Thicker,Kizz Daniel,20s,2fxdkLmsjFPkWwnmIrHErw,2023,2023-07-27,ambient,0.5369804309088614,0.8456689490272796,0.8172132859828704,0.48292986317089237,0.000781029263370333
Best Of Me,Bnxn,20s,3Z19t8pNaAHqlLmz2LuwNa,2023,2023-10-04,ambient,0.6131481522312131,0.7413324638626236,0.4871527052433674,0.20481641093465386,5.8627648839556e-06
Celebrate,Olamide,20s,3kFdOJRsCytUFYilg7rXnX,2023,2023-08-08,ambient,0.6482253923138752,0.7174220193457232,0.4610403175266346,0.1746958204397544,6.81130171543895e-06
Hardcore,Olamide,20s,6Yzs7ka9QuGgW2nGYeFaX8,2023,2023-08-08,ambient,0.7474438714048335,0.8261058580589066,0.2093168999373303,0.0694745576442389,0.0002179616548940464
Talibans II,"Burna Boy, Byron Messia",20s,0h6xhnFpPWG15EU3WSvMYG,2023,2023-07-20,ambient,0.5119252594212456,0.9413107270948811,0.5477334447461877,0.24196513921169657,3.6125126135216953e-06
PICANTO,"ODUMODUBLVCK, Zlatan, ECko Miles",20s,32R7SBDSQmhDM4qUgzTc6z,2022,2022-11-21,ambient,0.5640400161154863,0.7000326051516139,0.6584499686651348,0.17971591885557098,0.0
Sittin' On Top Of The World,Burna Boy,20s,7bWk569kMxdaXmSfVZKZpS,2023,2023-06-01,ambient,0.8506711779338102,0.7869796761221607,0.692918320451222,0.026502515204848982,0.004187689202825429
BEZOS,Blaqbonez,20s,6AZiTKzO3xmkFofIBbObit,2023,2023-07-07,ambient,0.6331922894213057,0.80436909031627,0.5644453728848966,0.13252699374689514,0.0
Shibebe,"Olamide, Fireboy DML",20s,5Ujp7vES41Sc6YwN3m4GDq,2023,2023-08-08,ambient,0.6131481522312131,0.7902401912835562,0.40254856904115305,0.1616435645586313,0.0
Say My Name,Bnxn,20s,7BbYS6CmphNACEolLIdqZA,2023,2023-10-04,ambient,0.5339738103303474,0.4848386044995109,0.3774806768330896,0.1877480763208775,0.0
Ngozi,"Crayon, Ayra Starr",20s,5mhM7bfzv52bzfCzlq8vH1,2023,2023-07-21,ambient,0.5951084287601298,0.5663514835343985,0.5122205974514309,0.16264758424179462,0.0
Normally,"Joeboy, Bnxn, ODUMODUBLVCK",20s,4cPKw3rzgmaU4zixJe6wge,2023,2023-05-19,ambient,0.3585876099170373,0.7261167264427779,0.29287654063087526,0.33835102879537493,7.901109989909183e-05
Olorun,Asake,20s,6ouXLgYvJUqyL7ljiGzZS1,2023,2023-06-15,ambient,0.36560305793356973,0.4370177154657103,0.27616461249216623,0.8032121420999901,0.0006165489404641776
No Worries,Olamide,20s,18xsgQpqp7RTzluaM2HI19,2023,2023-08-08,ambient,0.8095806966941205,0.7478534941854147,0.4787967411740129,0.1556194464596514,9.212916246215944e-06
HIGHER,Patoranking,20s,6S1W6Ll9DEAFMsQYoiem4l,2023,2023-08-15,ambient,0.8737219357024167,0.39680469514183236,0.7138082306246083,0.09507705956490346,0.00040464177598385466
Sunshine,Asake,20s,3Yr0vIcfXq5MWdSDmZzKgk,2023,2023-06-15,ambient,0.8216071790081759,0.7793718074122379,0.5707123459369124,0.2590334738254729,0.08980827447023208
GWAGWALADA,"Bnxn, Kizz Daniel, Seyi Vibez",20s,0YeUYYOh25Cn57DKTC8uS4,2023,2023-10-04,ambient,0.7324107685122639,0.8641452016085208,0.5936912471276373,0.13654307247954842,0.005529767911200807
Who Told You (feat. Drake),"J Hus, Drake",20s,40EXFgNMOIQRQOwJZ8mJkC,2023,2023-06-08,ambient,0.7374218028097871,0.7315509183784371,0.8777940254856904,0.15662346614281472,0.0
Money & Love,Wizkid,20s,3nIj7jkWVKKmmKPdhgrddu,2022,2022-10-27,ambient,0.8145917309916435,0.7956743832192154,0.8516816377689576,0.2138525880831237,0.0003440968718466196
Kere,Adekunle Gold,20s,2BN2ZaeJQHQYireSpTCY7w,2023,2023-07-28,ambient,0.6091393247931945,0.8087164438647974,0.66576143722582,0.10140238356883235,1.4934409687184662e-06
Thanks (feat. J. Cole),"Burna Boy, J. Cole",20s,5hejGb1TchNpLD7gfJARVU,2023,2023-08-24,ambient,0.6502298060328844,0.7445929790240191,0.8349697096302485,0.6546172289918194,0.0
Woodwork,Boj,20s,5MYCIFKSx81z814I4CpVF7,2023,2023-06-02,ambient,0.5931040150411205,0.7261167264427779,0.7722999791100899,0.3463831862606814,0.7578203834510595
Streets (feat. T-Pain),"Wande Coal, T-Pain",20s,7jVfySXCpJkZD72K23ywhg,2023,2023-05-17,ambient,0.7163754587601899,0.8597978480599935,0.6344265719657406,0.4106404459831336,1.2613521695257317e-06
Yoga,Asake,20s,79xHOEYZKZEj6fPkmhQboa,2023,2023-01-30,ambient,0.7083578038841528,0.4533202912726877,0.6020472111969919,0.3955801507356839,0.002573158425832493
Plan B,M.I. Abaga,20s,4mutdKyuoznj0vM6IhA7Jc,2023,2023-06-09,ambient,0.46281712330551883,0.35659167481795456,0.3785251723417589,0.5953800676851837,0.0
Dues,Wande Coal,20s,5r8VdeY8A8Z0o5WWqKKlsM,2023,2023-05-17,ambient,0.7454394576858242,0.7630692316052603,0.2030499268853144,0.20481641093465386,0.0
Good Life {Freestyle},Zlatan,20s,1XwGGXSgu5UpWr8rdaRRG0,2023,2023-06-23,ambient,0.47684801933858356,0.80436909031627,0.27616461249216623,0.5210826111310983,0.0
Soak Garri,"Boj, Knucks, Tay Iwar",20s,1sJhXWCOzlaJ6yCS7wchNC,2023,2023-06-02,ambient,0.5059120182642178,0.4598413215954787,0.41403801963651554,0.61244840229896,0.0
Don't Feel Love,Wande Coal,20s,31pmKihliYRk8lpGim9VZ4,2023,2023-05-17,ambient,0.5429936720658891,0.6891642212802956,0.47252976812199704,0.05772752735122811,0.00024217961654894048
Toxic,Bnxn,20s,06Vz1qArYwyIt2JYXbZVdO,2023,2023-10-04,ambient,0.2914397503302272,0.7674165851537876,0.40777104658449964,0.1355390527963851,0.018062563067608475
Nobody Holy,Wande Coal,20s,1xe7FOo2drdKBIri7iLv8X,2023,2023-05-17,ambient,0.9208256580991343,0.8228453428975111,0.9770210988092751,0.38754799327037737,0.0
No Option,"Boj, ODUMODUBLVCK",20s,3mxm7OJDadZK1HYN9ZP8gf,2023,2023-06-02,ambient,0.5560223612394493,0.523964786436257,0.35136828911635676,0.12449483628158861,0.0005277497477295661
HOV,Rema,20s,2naOhWJptgRLoSn85MBxRh,2023,2023-04-28,ambient,0.6482253923138752,0.6565590696663407,0.6908293294338834,0.33935504847853826,0.0
IN THE GARDEN (feat. Morravey),"Davido, Morravey",20s,21hZ5a5marKn0MWxkZ0vYR,2023,2023-03-30,ambient,0.7023445627271251,0.86957939354418,0.5581783998328806,0.08192440171546403,0.00011402623612512613
Let Them Know,Wande Coal,20s,6FLxB7ot3KZwjr0Zew8L7p,2023,2023-04-19,ambient,0.6833026323965372,0.7880665145092925,0.8454146647169417,0.07278782259867785,0.0
Nanny Riddim,Juls,20s,3bGjIIBA2av8gLd96NtT9E,2023,2023-04-18,ambient,0.8556822122313333,0.67394848386045,0.626070607896386,0.02770733882464496,0.8678102926337034
Lock Up,"Nonso Amadi, Zinoleesky",20s,22sKJ38aklXtEzQtnDDluQ,2023,2023-03-24,ambient,0.5951084287601298,0.843495272253016,0.642782536035095,0.24899327699383977,0.0007194752774974773
Charm,Rema,20s,3de3ASYwXvqgEzqJaMWYEQ,2023,2023-04-28,ambient,0.6682695295039678,0.7619823932181286,0.5341550031334866,0.5763036937050806,0.0
Magician (feat. J Milla & Yung L),"Ice Prince, J-Milla, Yung L",10s,06SLNa1xtBmA9I6JHN6z2j,2011,2011-10-09,ambient,0.5580267749584585,0.9478317574176721,0.492375182786714,0.025498495521685666,0.0
22,JayO,20s,1QxTmNDHFmgaxgAolqqgAD,2023,2023-02-22,ambient,0.8226093858676806,0.5163569177263341,0.5007311468560685,0.6957820360015152,1.029263370332997e-05
PICASSO (feat. Logos Olori),"Davido, Logos olori",20s,1f5WN3V8AVYyUahqjWogGj,2023,2023-03-30,ambient,0.6121459453717085,0.7011194435387458,0.7514100689367036,0.5823278118040606,0.013925327951564077
You Go Know,Ajebo Hustlers,20s,6sTPT0d9cJtFI3F3b2IA1q,2023,2023-03-22,ambient,0.7444372508263195,0.7261167264427779,0.4192604971798621,0.36746759960711106,0.0045105953582240165
U (JUJU) (feat. Skepta),"Davido, Skepta",20s,3kvfr5h3oQuJHbkEfg2R3U,2023,2023-03-30,ambient,0.6722783569419862,0.39028366481904136,0.7106747440986003,0.04748652658296229,1.6952573158425832e-06
DECLAN RICE,ODUMODUBLVCK,20s,1sEIkVGd7fG4K5wFQS6f6y,2023,2023-03-23,ambient,0.7805166977684862,0.6859037061189001,0.6302485899310634,0.029815780159287923,0.005923309788092836
FOR THE ROAD,Davido,20s,0SGea6cYbJWWz0MW1MYWlD,2023,2023-03-30,ambient,0.5750642915700371,0.8391479187044886,0.5738458324629204,0.06465526316505499,0.0013824419778002018
Ballin,Pheelz,20s,5Uy30uolunyNIFBUV4SCq6,2023,2023-02-10,ambient,0.5369804309088614,0.7489403325725464,0.6208481303530395,0.4267047609137467,0.0008930373360242181
Personal,Zinoleesky,20s,1Lg2Agsu9XTZ6M4wfRMpff,2022,2022-12-16,ambient,0.5429936720658891,0.7358982719269644,0.7691664925840819,0.45381329235915624,0.0
Doldrums,Joseff Shields,20s,7EM9OzuJlYg9aKTpBHiocx,2024,2024-03-08,ambient,0.0007466441103309488,0.10770568416476468,0.0030290369751410067,0.9899598031683668,0.9778002018163471
Cosmos,So Lis,20s,2MBjwA8m5hDRJR62A19xh6,2024,2024-08-11,ambient,0.002333137568926777,0.10661884577763285,0.007624817213285983,0.9598392126734673,0.9525731584258325
A Place For The Mind,n.i.g.h.t,20s,7geKBGxxwkJI9AKgEFXvXJ,2023,2023-09-21,ambient,0.0005772711510746664,0.08053472448646885,0.017547524545644448,0.9568271536239774,0.8768920282542886
Simien,Petros Idris,20s,3tf0epgGh6Zbh2skKajYjw,2021,2021-05-28,ambient,0.00942876213421955,0.0014128899032713788,0.06747440986003761,0.926706563129078,0.9979818365287588
Ceres,Ageena,20s,15yzjfz4HkzuITxJjajVVX,2024,2024-08-15,ambient,0.0014010851895874719,0.08053472448646885,0.001984541466471693,0.8544171459413192,0.9374369323915238
Times,Medi Mindler,20s,55zjeIIywlkvH80y1bmOL7,2024,2024-02-02,ambient,0.007574679444135988,0.09792413868057818,0.01180279924796323,0.9949799015841834,0.9606458123107972
Renascence,Dreamlifter,20s,4cI5JUTZLfZA81q7pzN0ts,2024,2024-07-05,ambient,0.016233746710255986,0.15770024997282903,0.0077292667641529105,0.9146583269311181,0.9485368314833501
Echoes,Leya Watson,20s,4TGVSsk5tV5rPA2eZ5QW2s,2023,2023-04-16,ambient,0.013527788189593486,0.09683730029344635,0.008982661374556085,0.9759035276040804,0.9445005045408679
Incipits,Elviras,20s,51cHdrCG6qyH5r9BPRK2K0,2022,2022-09-22,ambient,0.004588103002812193,0.021084664710357564,0.08606642991435137,0.9648593110892839,0.958627648839556
Somnova,Reso Nata,20s,5sOzPDUiz5ZTDoXUGCtNGu,2024,2024-09-22,ambient,0.016634629454057834,0.03532224758178458,0.0,0.9166663662974448,0.9778002018163471
Inner Self,Magnolia Dreams,20s,5dCxYQPC6pn7FokFTaLL3R,2024,2024-08-16,ambient,0.015031098478850428,0.1403108357787197,0.014518487570503441,0.9769075472872437,0.9646821392532795
Nightlight,DEX 1200,20s,2g70d5Z9qEF34gLIqxWMg3,2024,2024-09-10,ambient,0.04539796632184069,0.0848820780349962,0.009609358679757677,0.8664653821392789,0.8314833501513622
Breaking Silence,Sounding Cosmos,20s,4380dhBofsUcbAwa2UqBMc,2024,2024-03-01,ambient,0.004187220259010341,0.0881425931963917,0.009609358679757677,0.977911566970407,0.9606458123107972
Appearance,Nessa Wright,20s,2Yp4j0acgawJR9WGGmb1Zb,2023,2023-04-16,ambient,0.009308497311078997,0.09031626997065534,0.020263212868184666,0.99698794095051,0.9041372351160444
Circuting 417 Hz,Alembra,20s,7hv5s66hzrGx3IT3a77B7t,2024,2024-05-31,ambient,0.011523374470584227,0.10879252255189652,0.00564027574681429,0.844376949109686,0.9798183652875883
Subdue,Solen Taylor,20s,0s2salZ3j2fGPJPVUPHJP1,2024,2024-03-01,ambient,0.01442977436314765,0.09140310835778717,0.02632128681846668,0.8654613624561157,0.9303733602421796
Kamala Whispers,Gerda Holmes,20s,7vuiorqf35I6w77KN6SX9v,2023,2023-04-07,ambient,0.00028562895495881933,0.0254320182588849,0.005535826195947356,0.9799196063367337,0.8809283551967709
Cove,Mareina,20s,2dslILOVDhmXVEds5LUuDj,2024,2024-03-08,ambient,0.0027540644499187213,0.18161069448972936,0.005326927094213495,0.9708834291882639,0.9545913218970736
Eon,Luna Novina,20s,1lEmgReLHaCJHJwG4OCo13,2024,2024-02-02,ambient,0.0006343969420664303,0.008586023258341482,0.006371422602882809,0.9759035276040804,0.9656912209889
Meander,Anders Schill Paulsen,20s,0llXuMzfxERO9rNFZ4pCUh,2024,2024-05-31,ambient,0.0062517663895898775,0.004564721225953703,0.03582619594735742,0.9748995079209171,0.8779011099899092
Sapphire,Onedin,20s,0POsUHXKVnilLquumLz5sM,2024,2024-03-22,ambient,0.0013810410523973791,0.10118465384197368,0.010862753290160851,0.9728914685545904,0.9798183652875883
luminesce,Flyndon,20s,6WaUIATyui73xu1bzeGle3,2024,2024-07-07,ambient,0.02154544306563052,0.0848820780349962,0.0708167954877794,0.9548191142576508,0.8395560040363269
Exhale,Placidous,20s,77V2oQd9cpcMBx5UYcZ8wl,2024,2024-11-01,ambient,0.0006153550117358423,0.09683730029344635,0.24796323375809484,0.9558231339408141,0.9727547931382442
Sublimity,Aerial Lakes,20s,4RZxj7BmKmlKAryPNkDXjt,2024,2024-09-20,ambient,0.010320726239178672,0.10335833061623735,0.022770002088991017,0.9618472520397939,0.9656912209889
Creation,Astred,20s,1Q2nWimBEhOpUsl4u8Bumw,2024,2024-10-13,ambient,0.01092205035488145,0.1174872296489512,0.02767913097973678,0.9748995079209171,0.7164480322906155
Far Frontier,Mauri Zeen,20s,5Rdk9CWB3c3XVBdEZktopc,2024,2024-10-11,ambient,0.011122491726782374,0.09140310835778717,0.01065385418842699,0.9658633307724472,0.7921291624621595
Sealand,Heno,20s,6q3U3SkUY9Qz88q1pd39kx,2024,2024-10-11,ambient,0.007173796700334137,0.09357678513205084,0.007624817213285983,0.9939758819010202,0.7820383451059536
Everlasting,Alma Meris,20s,2tHwS5rv7nIDZWVu0lY62s,2024,2024-07-12,ambient,0.0056805084796722385,0.09357678513205084,0.007833716315019845,0.9538150945744874,0.9283551967709385
Chasing Infinity,The Endity,20s,3W3q7ZBWslm6fWfGnnvmhk,2024,2024-11-01,ambient,0.007284039454879645,0.14791870448864253,0.011385001044495508,0.9919678425346935,0.953582240161453
Ancient Ruins,Slumber Boy,20s,1HoTlNbrP4TvyexOygEiQ9,2024,2024-10-25,ambient,0.03226905646233005,0.01380284751657428,0.007520367662419049,0.9437748977428543,0.9788092835519677
Expectations,different spaces,20s,5jiRq2Z5eEZUvCn32XDExZ,2024,2024-02-02,ambient,0.0007516551446284719,0.1370503206173242,0.044599958220179654,0.9909638228515302,0.9646821392532795
Rossø,Ganlas,20s,2dSnb7M0ghAJjFlOw5gWcs,2024,2024-07-05,ambient,0.007063553945788627,0.06749266384088685,0.003969082932943386,0.8744975396045855,0.9798183652875883
Bondade,Adrian Eden,20s,2Gw3X5DvHENIOD0ZxOfS5s,2024,2024-07-12,ambient,0.00033774371165306,0.10118465384197368,0.007833716315019845,0.9166663662974448,0.9424823410696267
Subdued,Calil,20s,3NnOISTgydjYvBvV49JVXx,2024,2024-11-01,ambient,0.0035558299375224246,0.06314531029235954,0.02976812199707541,0.9959839212673467,0.8920282542885974
Reconcile,Jan Garlow,20s,3ICePNxRuTz1ufDJC7cq08,2024,2024-05-10,ambient,3.5077240082662006e-05,0.12292142158461034,0.00908711092542302,0.9769075472872437,0.9757820383451059
Noctis,Spatia Sonica,20s,67w1r47H4szGAGCbFOHnGr,2024,2024-07-04,ambient,0.029262435883816162,0.10879252255189652,0.001566743263003967,0.8584332246739724,0.9293642785065591
Golden Light,J. Cartwright,20s,3XEHb3M4yb6CXyXfakxsyC,2024,2024-09-01,ambient,0.0038364478581837205,0.08379523964786437,0.056298307917275955,0.9548191142576508,0.5338042381432896
Echoes Divided,Bright Lens,20s,14k8ejDpD3MNTzpYhUjKTN,2024,2024-07-08,ambient,0.007985584256532886,0.12183458319747853,0.0061625235011489405,0.9939758819010202,0.8627648839556004
Aurora,So Lis,20s,2haUT5yGg6OK1D1GU87JlO,2024,2024-07-07,ambient,0.0006093417705788145,0.10009781545484185,0.009713808230624604,0.9437748977428543,0.9495459132189706
Just Breath,Silence Concertos,20s,3B4AAJ9SGCAJ9tANwAKSZ6,2024,2024-07-07,ambient,0.023148974040837926,0.10009781545484185,0.0026112387716732766,0.9457829371091809,0.9545913218970736
Chimenarius,Rosa Rogers,20s,5j0mqk4wJI0HClQOAFWqsE,2024,2024-05-31,ambient,0.08077586846235411,0.17508966416693836,0.005118027992479634,0.8995980316836685,0.7124117053481331
Somniantes,Enma,20s,2oRPG3rScsUtAwJ5W0Ij6m,2024,2024-05-31,ambient,0.0012006438176865458,0.0881425931963917,0.08606642991435137,0.9839356850693869,0.9737638748738647
"Nightscape, Pt. 1",Oceanic Voices,20s,1NBoFhYZy1gugrVWBpvV0B,2024,2024-05-31,ambient,0.008797371812731635,0.09683730029344635,0.03509504909128891,0.8634533230897891,0.9182643794147326
Moments,Nova Ambia,20s,0ZUnUqTwUa985VvMYVAU0P,2024,2024-03-22,ambient,0.0030246603019849715,0.12400825997174217,0.005118027992479634,0.9417668583765276,0.8153380423814329
Everbloom,Aerial Lakes,20s,2M4mwRgcBVviiT4jeSaecT,2024,2024-05-31,ambient,0.0035959182119026096,0.0881425931963917,0.16962607060789636,0.9618472520397939,0.9808274470232089
Yoga,Cosmic Nuit,20s,1OVUdRhh2HebvcNyzOYNwO,2024,2024-05-17,ambient,0.05562047628878791,0.07401369416367785,0.03634844370169208,0.9879517638020402,0.8264379414732593
Torpor Voices,Ayla Nenura,20s,4wWeuf4lp3yFxPwIvOqy42,2024,2024-05-10,ambient,0.01713573288381015,0.03521356374307141,0.009818257781491539,0.8142563586147866,0.8526740665993945
Foundation,Matheo Lyon,20s,15TwhLj4nBzXJ6LNkkMrF2,2024,2024-01-19,ambient,0.0,0.07075317900228235,0.005222477543346561,0.9738954882377537,0.9808274470232089
Timeless,Elm Lake,20s,4OgLtqCE1dMYnEdcgZ0ZSS,2024,2024-09-27,ambient,0.00034475915966959247,0.08270840126073253,0.01994986421558387,0.9759035276040804,0.9788092835519677
Rosy,Misha Burton,20s,6kL9qu9SsGGp8DUIT52j3n,2023,2023-08-24,ambient,0.00044097101818203684,0.0,0.41194902861917687,0.9648593110892839,0.9515640766902118
Moonlight Cicadas,Castorum,20s,6SxP1Dvkot5ft3HP5rVUIA,2023,2023-08-14,ambient,0.0012507541606617773,0.09466362351918267,0.010131606434092333,0.977911566970407,0.9687184661957619
Mahabharata,Mellow Line,20s,5X5nxaIGTBD83D93pqAjcr,2023,2023-04-29,ambient,0.0018721224135546473,0.09901097706771002,0.12471276373511593,0.99698794095051,0.8607467204843592
Rapids,Evolutionists,20s,6aBfyMJWmr1N2hjARg8Bp4,2024,2024-04-26,ambient,0.009819622809426356,0.1109661993261602,0.008773762272822224,0.9518070552081608,0.922300706357215
Animálico,Huma,20s,3uZ4KyVZwwnfAt3IGhS3c0,2024,2024-04-26,ambient,0.006221700183804738,0.09140310835778717,0.0253812408606643,0.9728914685545904,0.9475277497477295
Radiance,Quiet Tones,20s,2RE57iFY7fJ4xLoTx7V2rC,2024,2024-07-09,ambient,0.02084389826397728,0.14791870448864253,0.12053478170043867,0.9819276457030603,0.8385469223007064
Connection,Latehours,20s,48E9vNhkFZTSiTpbeEcq8T,2024,2024-04-26,ambient,0.0014712396697527958,0.12618193674600583,0.007415918111552122,0.9939758819010202,0.9576185671039353
Ascension,Echoes of Embers,20s,5v18Tp6CsKglJO83kyLRJB,2024,2024-04-26,ambient,0.003505719594547193,0.0881425931963917,0.11635679966576142,0.8413648900601961,0.9384460141271443
Aftermoon Nap,Whispered Dreams,20s,2OP0LH6XsVHHViytoyNtQ0,2024,2024-05-31,ambient,0.006261788458184924,0.14139767416585153,0.01994986421558387,0.9708834291882639,0.8405650857719476
Gentle Insight,Parting Clouds,20s,6lk7e0kzmHfMt1cIciJ2D6,2024,2024-07-09,ambient,0.0028041747928939527,0.14248451255298336,0.030499268853143927,0.9909638228515302,0.8526740665993945
In Vain,Kouyou,20s,2I2Ain5zP8wFvBBQHaMfnO,2024,2024-04-26,ambient,0.002202850677191175,0.092489946744919,0.19991644035930647,0.8323287129117262,0.9798183652875883
Hyperbola,Map Of My Mind,20s,3ZHCgX2hgEXBWGDYu4NU1W,2024,2024-04-26,ambient,0.0036961388978530726,0.09357678513205084,0.01159390014622937,0.980923626019897,0.9616548940464177
Sogniare,Darmian Coté,20s,2lRlv6866bap5dTst95GoN,2024,2024-04-26,ambient,0.0029144175474394617,0.014998369742419302,0.00814706496762064,0.9477909764755075,0.9626639757820383
Evolving,Cthulhu Ramón,20s,0CSMEI3zYa4Jued0MkyNcz,2023,2023-09-12,ambient,0.0020324755110753883,0.040213020323877836,0.009713808230624604,0.9678713701387739,0.8153380423814329
Favaloro,Zoniacs,20s,4UxVwYIO8HiIK2mk01jLub,2024,2024-02-02,ambient,0.00972942419207094,0.10227149222910552,0.009504909128890742,0.980923626019897,0.9253279515640768
Nebbia,Luca Magliano,20s,16d6iAPkHT69gtd9dksGuz,2023,2023-09-29,ambient,0.008927658704467236,0.012389957613302902,0.04658449968665135,0.9648593110892839,0.9667003027245207
Millenia,Dominum Nominum,20s,0htFs1gMdUkSo6Z81CCaJ7,2024,2024-06-14,wellness,0.0018420562077695087,0.09683730029344635,0.09128890745769794,0.9899598031683668,0.81029263370333
Tauri Verme,Aitne,20s,3XhgsM5P391eg3PUVRBSGb,2024,2024-06-14,wellness,0.002373225843306962,0.09466362351918267,0.006475872153749736,0.9789155866535704,0.9737638748738647
Quiescent State,Yoo Woon,20s,6QQ5FWFNaFutL0fvJTL5DB,2024,2024-05-17,wellness,0.007033487740003488,0.1207477448103467,0.007938165865886773,0.9558231339408141,0.8869828456104945
Heima,Ronja Mair,20s,6cb2ZbtBESjuwhKawvm9qg,2023,2023-02-06,wellness,0.0037863375152084894,0.03727855667862189,0.09860037601838312,0.9909638228515302,0.8385469223007064
Cometus,Noah Moon,20s,1HfNNI811ZFISNkSV35niH,2024,2024-10-04,wellness,0.007173796700334137,0.0957504619063145,0.010758303739293918,0.9648593110892839,0.9071644803229062
Restfulness,Zion Llama,20s,1eWEJ1JVoyt0nozyAoUPZW,2022,2022-01-15,wellness,0.011924257214386077,0.19030540158678405,0.16231460204721118,0.9949799015841834,0.7921291624621595
Beyond Sleep,Heal Divisions,20s,76o7AbUu5f5sM06b4g18OP,2024,2024-06-14,wellness,0.019641250032571726,0.12944245190740133,0.010340505535826194,0.9246985237627513,0.9717457114026236
Huzurlu,Aidin,20s,5AE2Q5ecdUUPxjNbIknTNW,2022,2022-02-17,wellness,0.028360449710261998,0.10009781545484185,0.060058491748485474,0.9638552914061206,0.9243188698284561
Desear,Julia Alvarez,20s,4a20vranOH3ic2txQ463jc,2023,2023-07-02,wellness,0.0019422768937199715,0.10335833061623735,0.0077292667641529105,0.9347387205943846,0.9818365287588294
One Drope On World,SWAMP&STAR,20s,14lFQ2ennhUQyDvS7LIxB8,2023,2023-08-16,wellness,0.0011104452003311291,0.10009781545484185,0.021412157927720908,0.9738954882377537,0.9576185671039353
Imaginations,Elijah Edwards,20s,4rBXXAmg7w41IN64wvBcvM,2024,2024-10-18,wellness,0.008947702841657329,0.1305292902945332,0.03363275537915187,0.9678713701387739,0.9091826437941474
Pembebasan,Waneesa,20s,6hdh7SrQIAckKv5hvGSI3L,2023,2023-11-03,wellness,0.00012126703000006012,0.13270296706879686,0.00407353248381032,0.8845377364362187,0.9808274470232089
Cosmic Enlightenment,Stepan Korolev,20s,4FPF6KASKzwYP3XRjXm0jF,2024,2024-09-13,wellness,0.005359802284630758,0.11640039126181936,0.047106747440986,0.9979919606336733,0.7164480322906155
Shaded Cosmos,Bright Lens,20s,3uvYdddUFjnlW9ONU4k4eD,2024,2024-02-05,wellness,0.004698345757357702,0.08270840126073253,0.06204303321495717,0.9799196063367337,0.8809283551967709
Pelagos,Counting Tides,20s,4NdxzUIuzsbbcWg0FgAFuO,2023,2023-10-13,wellness,0.0013108865722320552,0.01901967177480708,0.0621474827658241,0.9789155866535704,0.9303733602421796
Omegagigia,Galactica Pivot,20s,7bgTGa2DeDTFX8yIbjhl2s,2024,2024-01-19,wellness,0.0023130934317366846,0.10009781545484185,0.02611238771673282,0.980923626019897,0.9757820383451059
Come Wander,Wicker Whales,20s,1d0sc4npZeCAxX4YRuaCNG,2024,2024-07-21,wellness,0.008196047697028858,0.1337898054559287,0.003237936076874868,0.99698794095051,0.7921291624621595
Nom Mind,Aurora Dreamer,20s,4FWPL5W5UKBuYMMRPVNWC1,2024,2024-03-29,wellness,0.0009601141714054347,0.11640039126181936,0.0037601838312095247,0.9568271536239774,0.9808274470232089
Nightbreak,Ookean,20s,7cHIf0anY63vOeXMtzmqVG,2024,2024-04-12,wellness,0.0028843513416543227,0.09031626997065534,0.04428660956757885,0.942770878059691,0.9737638748738647
Equinox,Laurent Emmmerling,20s,3quLPTvP34Ob4aklp5oKRZ,2024,2024-10-11,wellness,0.0010202465829757127,0.09140310835778717,0.13933570085648633,0.9718874488714271,0.9697275479313824
Endlessly,Calmative,20s,3njM9rpLOm07HHfVpIFb7K,2024,2024-08-25,wellness,0.0012307100234716848,0.09357678513205084,0.004177982034677247,0.9176703859806081,0.9808274470232089
Luminescent,Luna Novina,20s,4WU2fTBAX3JkayltzAC55D,2024,2024-03-29,wellness,0.001982365168100157,0.0848820780349962,0.008460413620221428,0.9949799015841834,0.939455095862765
Solituda,Deep Vibrations,20s,4WyBGcjHglkZUlOWi475cO,2024,2024-08-16,wellness,0.0021527403342159438,0.092489946744919,0.12157927720910798,0.9156623466142815,0.9061553985872856
The Source,SKEN,20s,5oKVPdVRznGeBxtaH4yyEw,2024,2024-06-14,wellness,0.0018320341391744625,0.09140310835778717,0.010549404637560055,0.885541756119382,0.9757820383451059
Ephemara,Admira Mara,20s,6MJP8z8GbPYyS69TvlrEL8,2024,2024-02-09,wellness,0.0031048368507453415,0.009455493968046944,0.007520367662419049,0.9718874488714271,0.9717457114026236
Hora Somni,Lavinium,20s,3qBOyYcWluNCMHJU7uO3xi,2024,2024-06-14,wellness,0.008787349744136589,0.17182914900554286,0.008669312721955298,0.9769075472872437,0.8980827447023209
Earthly,Dhanura,20s,2TCrbllNiGHJFJU5Bgua4V,2024,2024-04-26,wellness,0.0010402907201658052,0.15770024997282903,0.04616670148318362,0.9909638228515302,0.9616548940464177
Villa Onieva,Two Nighthawks,20s,3ec9xaaV7mYDlki1e7unJS,2024,2024-09-20,wellness,0.0015714603557032587,0.09792413868057818,0.002088991017338627,0.9738954882377537,0.7951564076690212
Luminescence,Author S,20s,5xVDZEddHqUI4gLxWfFri0,2024,2024-11-01,wellness,0.0038464699267787674,0.10335833061623735,0.009713808230624604,0.9759035276040804,0.9606458123107972
Nejma,A.Z. Louna,20s,2G60IUm1SMnoLHN6kgaZNo,2024,2024-10-27,wellness,0.007053531877193581,0.1337898054559287,0.07562147482765823,0.9839356850693869,0.8203834510595358
Whispering Tides,Quiet Point,20s,2ITqkX40AUFSv8TIBWoCQt,2024,2024-10-28,wellness,0.003986778887109414,0.11966090642321486,0.03937748067683309,0.9769075472872437,0.7093844601412714
Beginning,Georgia Vesper,20s,1ARm8lUFXYOZthnfob5OZR,2024,2024-03-05,wellness,0.012926464073890708,0.092489946744919,0.007624817213285983,0.9518070552081608,0.8668012108980827
Quiet Lake,ZenithEcho,20s,39dfa566WWFrWpauUTcyeB,2024,2024-03-29,wellness,0.0016516369044636292,0.09792413868057818,0.040421976185502397,0.8052201814663168,0.9566094853683148
Dust,Tristan Axvall,20s,6yBYZ1cSkwQ2Uv51RxFjDC,2024,2024-03-29,wellness,0.0015514162185131662,0.08596891642212803,0.009609358679757677,0.9497990158418341,0.9767911200807265
Orbital,Tranquomo,20s,44MJQRHs2cF4a66b8japWK,2024,2024-03-29,wellness,0.01442977436314765,0.09031626997065534,0.10591184457906831,0.81224831924846,0.6115035317860746
Cycle of Emotions,Benjin Blund,20s,7L1ExUYs6SqaCu5o4G8umc,2024,2024-03-25,wellness,0.0006233726666118793,0.11640039126181936,0.002820137873407145,0.9949799015841834,0.7891019172552978
Equilibrium,Burgundy Skies,20s,3VvomBh2ZKssj7gDFZF8gI,2024,2024-03-29,wellness,0.00929847524248395,0.1403108357787197,0.04616670148318362,0.9748995079209171,0.9687184661957619
Isolate My Soul,Stormfields,20s,6E2bLDnK8ivZpPg3GHheAX,2023,2023-11-29,wellness,0.00023652081884309253,0.09140310835778717,0.01274284520576561,0.9889557834852035,0.8879919273461151
Split Vision,Tim Eshin,20s,6ksUKkHQEttsJuqZ0zVr3x,2024,2024-05-03,wellness,0.0007997610738846941,0.11205303771329203,0.03217046166701483,0.977911566970407,0.9778002018163471
Amaryllian,Lush Lotus,20s,0HzKdJzGNFyBd4kMuF7JMH,2024,2024-05-03,wellness,0.0064121194871106174,0.09901097706771002,0.005849174848548152,0.9728914685545904,0.9101917255297679
Benevolent,Miriam van Steeg,20s,3qv6UdZerLnFiGkWBynjGv,2024,2024-04-12,wellness,0.001140511406116268,0.09140310835778717,0.008982661374556085,0.9518070552081608,0.9767911200807265
Aspiration,Silent Motions,20s,6uSzJ1maVPTAkGS9YdLIQy,2024,2024-04-12,wellness,4.91081361157268e-05,0.092489946744919,0.0267390850219344,0.8162643979811132,0.9808274470232089
Pelagus,Solitary Sun,20s,66EH3IBazFrTjGB3wSOpxx,2024,2024-04-12,wellness,0.0008598934854549718,0.13487664384306053,0.05243367453519949,0.9949799015841834,0.7467204843592331
Tempest,Chasing Storms,20s,3PzsiqywMM10T2frPmozQe,2024,2024-04-12,wellness,0.001451195532562703,0.092489946744919,0.004177982034677247,0.9528110748913241,0.9334006054490415
Tranquillo,Escix V,20s,7A1uziu96JlZBqgbYnx3VE,2024,2024-07-21,wellness,0.005259581598680294,0.10118465384197368,0.022665552538124082,0.9879517638020402,0.846619576185671
Abloom,Drishti,20s,6hdHn3UvY4TKIXjarrXOOH,2024,2024-04-12,wellness,0.005720596754052424,0.10227149222910552,0.02997702109880927,0.9949799015841834,0.858728557013118
Bountiful,Space Case Travel Inc.,20s,5VzPfqAPty6kWuGywackk7,2024,2024-04-12,wellness,0.008246158040004089,0.09357678513205084,0.021412157927720908,0.9859437244357135,0.8415741675075681
Let go,Nessa Wright,20s,1NRLFIhFm333fvUE46FSC2,2024,2024-02-07,wellness,0.00491883126644872,0.08596891642212803,0.0059536243994150785,0.926706563129078,0.9808274470232089
Nattord,Eleonora Feldt,20s,5Vab4sH6FYCTPHEZHFlIhQ,2023,2023-09-29,wellness,0.0015714603557032587,0.11205303771329203,0.00814706496762064,0.9909638228515302,0.9687184661957619
Cavern,Lux Alba,20s,0W5UA7hd3hwOUwayBTFlFq,2024,2024-03-08,wellness,0.039685387222664306,0.11640039126181936,0.007207019009818254,0.771083512238764,0.9828456104944501
Tidal Energy,Månvarv,20s,7KuG4E1I7cNDaHo31R8Lzm,2023,2023-09-29,wellness,0.011523374470584227,0.15117921965003803,0.01180279924796323,0.9799196063367337,0.8476286579212916
Driftwood,Puddle of Head,20s,5IOSHTjNe5zUAGyfcsHcWy,2024,2024-01-19,wellness,0.0020324755110753883,0.10444516900336918,0.006893670357217466,0.9608432323566306,0.8960645812310797
Placidus,Elvio Martín,20s,0k5fYqZwhHGPxMxmLYg6gu,2023,2023-09-22,wellness,0.0036259844176877486,0.09792413868057818,0.013265092960100268,0.9186744056637715,0.9757820383451059
Aligne,Casiamty,20s,09Y2QXKWb5cTg8GeHNK3L2,2023,2023-07-06,wellness,0.0003207061950414813,0.09683730029344635,0.029454773344474612,0.9718874488714271,0.9747729566094854
Quiet Dreams,Astred,20s,1hLocT1ZOLgTPDVtsfLLwU,2024,2024-08-04,wellness,0.024151180900342552,0.07836104771220519,0.17484854815124293,0.9899598031683668,0.7204843592330978
Spirals,Hrothgar Tarek,20s,78HCy9rFb20PwAJvk9Tv73,2022,2022-11-04,wellness,0.023650077470590242,0.08053472448646885,0.07071234593691246,0.9879517638020402,0.8042381432896065
Droplet of Grace,South Noon,20s,3W2UlaHx93we9YqM1BvjFZ,2023,2023-08-16,wellness,0.0016315927672735364,0.10553200739050102,0.10068936703572175,0.9839356850693869,0.8446014127144298
Shelter,Armando Mago,20s,6AOdCocb5K5qoqtgJJZfbv,2022,2022-12-09,wellness,0.0016616589730586754,0.07836104771220519,0.063818675579695,0.9979919606336733,0.9404641775983855
Faithful,Ozo Nakuru,20s,2epHEGzdynPsNt6AXiBnC7,2023,2023-06-17,wellness,0.0037061609664481186,0.004673405064666889,0.050240233966993945,0.9909638228515302,0.829465186680121
Eleni,Carwyn,20s,62FsGEI77Ot7VXNcA2ReHz,2022,2022-09-22,wellness,0.0037061609664481186,0.16856863384414736,0.11949028619176937,0.9989959803168367,0.8657921291624622
Innervate,Jasmine Viola,20s,2ZUsvuyl43t1oqiwGaHMt7,2021,2021-10-05,wellness,0.0036961388978530726,0.09683730029344635,0.010340505535826194,0.99698794095051,0.8365287588294652
Undulating,Joseff Shields,20s,77X5JEYLRwx9G3DCJ3PVsn,2022,2022-11-04,wellness,0.0007306088005788747,0.07944788609933702,0.16022561102987254,0.9819276457030603,0.8809283551967709
"Floating, Flying",Michel LeBond,20s,30UGQxzuYRKOziYOLFbYUY,2024,2024-09-05,wellness,0.016835070825958764,0.0957504619063145,0.13097973678713182,0.9989959803168367,0.9505549949545913
Oscalated,Setareha,20s,09uALXIXXbw9TV31XtuMvk,2023,2023-06-17,wellness,0.0007977566601656848,0.08705575480925987,0.08188844787967411,0.9618472520397939,0.8960645812310797
Listen,Maximilian Sievert,20s,2SOtrZCAuoNn2FvF6Skq6a,2024,2024-06-19,wellness,0.0016716810416537217,0.08053472448646885,0.008773762272822224,0.99698794095051,0.934409687184662
Dancing Thoughts,Lotus Vega,20s,2UfRc5564aGiVmeefaeOAg,2023,2023-01-20,wellness,0.015331760536701817,0.10118465384197368,0.0621474827658241,0.844376949109686,0.9778002018163471
Intergalactico,Universo,20s,0Ofa1VBQNy5iV9LyyX0iw1,2024,2024-04-26,wellness,3.8083860661175914e-05,0.14574502771437886,0.0504491330687278,0.7730915516050907,0.9767911200807265
Paisible,Pierrette Tremblay,20s,4Z0o3Ye8znaAPUyfVmLSE5,2022,2022-01-06,wellness,0.1310866528094865,0.14574502771437886,0.008669312721955298,0.9829316653862236,0.9182643794147326
Soundbed,Spring Euphemia,20s,5A0kxibkbR8Wzgv07eyGtu,2023,2023-04-06,wellness,0.0013910631209924256,0.0848820780349962,0.0061625235011489405,0.9849397047525502,0.9757820383451059
Spectral Vibrations,Paulo May,20s,364Yxnly3Q1XvxWZRwFtS1,2023,2023-07-07,wellness,0.001581482424298305,0.10770568416476468,0.008564863171088363,0.9989959803168367,0.8890010090817356
Natural Beauty,Luka Vida,20s,0YqMuFuT9EWKMFQnZeDlYL,2022,2022-10-14,wellness,0.006993399465623303,0.22943158352353005,0.17484854815124293,0.9738954882377537,0.9263370332996973
Meteor 5,Modular 53,20s,4x6vhZrC3BNxMtYYb0xa7z,2023,2023-01-28,wellness,0.0008899596912401108,0.007064449516356916,0.09964487152705243,0.9949799015841834,0.8385469223007064
Calming Eternity,Celestial Aura,20s,4HJdSjBogB3I06ObjTQ0MS,2024,2024-03-29,wellness,0.007404304278020201,0.1337898054559287,0.0043868811364111086,0.9357427402775479,0.958627648839556
Melancholy,Jonas Sandberg,20s,569aPavFjL3WvPwZepX67d,2023,2023-06-22,wellness,0.001641614835868583,0.12618193674600583,0.1226237727177773,0.9979919606336733,0.9646821392532795
Metamorphic,Celestial Echoes,20s,6S5TAvYjNKzaVI5KR6DomW,2023,2023-08-18,wellness,0.002092607922645666,0.09901097706771002,0.08711092542302068,0.9889557834852035,0.9273461150353179
We Belong Here,Aaera Mio,20s,0F6iu3jm5bJpTsyDKSaE4a,2023,2023-08-11,wellness,0.004948897472233859,0.14791870448864253,0.06768330896177147,0.9688753898219372,0.9253279515640768
Soundscape lord,Anis Flashbacks,20s,3O7hQIsAayZMcQk8huRP8R,2023,2023-01-28,wellness,0.0010503127887608516,0.16204760352135636,0.08606642991435137,0.9949799015841834,0.8506559031281533
Sanyog,Aasmi Jayavant,20s,4jS79eUku1DjatFHoM06Xd,2023,2023-08-10,wellness,0.0018320341391744625,0.0848820780349962,0.0701900981825778,0.907630189148975,0.9737638748738647
Serenede,myndstream,20s,59RgVD5OaEP23JhlmmMyiF,2023,2023-07-07,wellness,0.005610353999506914,0.10770568416476468,0.003446835178608729,0.9558231339408141,0.9485368314833501
Aurora's Embrace,Eternalistic,20s,15xJU9AwlLlAwkcONJKVA2,2024,2024-02-23,wellness,0.012124698586287003,0.044669057711118364,0.008669312721955298,0.8514050868918293,0.9455095862764885
Freedom Fighters,"Thomas Bergersen, Two Steps from Hell",10s,1gjUBLiGk3MdFksH3aRMax,2010,2010-05-03,classical,0.42874209008236136,0.2837735028801217,0.008982661374556085,0.00560886559822038,0.9525731584258325
Welcome To My Battlegrounds (Original),Tom Salta,10s,1aQtqFfLUM70KDwcXzKCLO,2019,2019-07-29,classical,0.6241724276857641,0.4880991196609064,0.15604762899519528,0.07760711707786176,0.9212916246215944
Road to Glory,Audiomachine,10s,12kEjVpMMNtjsBrpMCckcz,2012,2012-03-23,classical,0.7193820793387038,0.38050211933485484,0.40672655107583033,0.5763036937050806,0.8274470232088799
Live as Lions,"Glory Oath + Blood, Robert Leslie Bennett",10s,5GZAPSX6hdoURY23tBNjqB,2017,2017-09-22,classical,0.37562512652861607,0.10227149222910552,0.05107583037392939,0.022988446313777375,0.5721493440968718
Unstoppable,E.S. Posthumus,10s,1j9hygHMlSWI9PlopV0uqI,2010,2010-02-02,classical,0.5429936720658891,0.30659710900989023,0.0354083977438897,0.07971555841250473,0.9646821392532795
The Machination (ROGUE MIX),NINJA TRACKS,10s,68KlqwpbXI56VHY3jAN06q,2017,2017-08-01,classical,0.7434350439668149,0.01880230409738072,0.03436390223522039,0.007928151066327641,0.9031281533804238
Transformers Prime,"Brian Tyler, Transformers",10s,0EBl6YOS1XWsuCi3cXp8JS,2012,2012-03-06,classical,0.5409892583468798,0.22073687642647538,0.021934405682055565,0.8805216577035654,0.9021190716448032
Dauntless,Audiomachine,10s,4B2DCWTuhLUtHnKHeaFRQH,2018,2018-08-17,classical,0.4888745016526391,0.1109661993261602,0.10173386254439105,0.05913315490765675,0.9202825428859738
Liberators,Epic Score,10s,4jIn1jQ7Wm0CHBUpgKv9uG,2015,2015-09-04,classical,0.8626976602478658,0.17074231061841103,0.41717150616252346,0.008229356971276636,0.7880928355196771
Earth’s Ambassadors,Michael Curran,10s,0kAvWY9HgTHsBmwhSsnucC,2014,2014-10-24,classical,0.4758458124790789,0.28051298771872624,0.051598078128264044,0.7319267445953946,0.9646821392532795
A Way to Freedom,"Epic North, Peter Roe",20s,4K9IViilzSmpsnYDQCl2U0,2023,2023-06-30,classical,0.5730598778510279,0.1696554722312792,0.059118445790683094,0.0036108664287253806,0.7386478304742684
Champion of the Radiant,Revolt Production Music,10s,2GnO7tKQPNvl40i4RETLHM,2018,2018-03-12,classical,0.6833026323965372,0.33159439191392237,0.1654480885732191,0.09437424578668914,0.9021190716448032
Spirit of Valour,"Gregory Tan, Atom Music Audio",20s,3NtmKsMgyyNiN9BQRqDw1B,2021,2021-02-28,classical,0.7394262165287964,0.40549940223888703,0.2521412157927721,0.0002725009822073556,0.900100908173562
Blue Drift,Dwayne Ford,10s,1nJ5DaBIIdVUQZddQ6ZCr7,2016,2016-01-06,classical,0.6261768414047733,0.2652972502988805,0.09442239398370586,0.17168376139026448,0.8213925327951563
Icarus (feat. Julie Elven),"Iván Torrent, Julie Elven",10s,68PiDQalK1uaP8zqrFmSzR,2014,2014-12-02,classical,0.5229495348757965,0.26203673513748504,0.20096093586797578,0.04748652658296229,0.0905146316851665
Wrath of the Righteous Main Theme,Dmitry V. Silantyev,20s,0gX3vycUAw2L2gnh6zM3vD,2021,2021-09-25,classical,0.5399870514873752,0.32724703836539504,0.17693753916858157,0.81526037829795,0.9556004036326942
Strength of a Thousand Men,"Thomas Bergersen, Two Steps from Hell",10s,3GJZLvGXaVszYdSBLMtJFX,2011,2011-09-20,classical,0.9077969689255742,0.45549396804695136,0.5853352830582829,0.09658308908964842,0.9273461150353179
See What I've Become,Zack Hemsey,10s,0uxK3GiLjigKgceER5mdKl,2011,2011-06-30,classical,0.7704946291734399,0.3663732203021411,0.009818257781491539,0.19778827315251069,0.7588294651866802
Born a Legend,"Secession Studios, Greg Dombrowski",20s,7GCCaq49i5ZK4jM84CUeh7,2021,2021-03-29,classical,0.5199429142972826,0.3478969677208999,0.17484854815124293,0.04648250689979897,0.6781029263370334
Unforgiven,"Two Steps from Hell, Thomas Bergersen",10s,0Ib9P2lSlqC6F2xCr5PcOI,2015,2015-04-28,classical,0.6993379421486112,0.4315835235300511,0.5717568414455818,0.23694504079587997,0.9212916246215944
Son of War,Audio Armoury,20s,3BcqlZpm2fnBsCRaqM8dRG,2022,2022-07-20,classical,0.5630378092559817,0.40332572546462336,0.308543973260915,0.09628188318469943,0.9576185671039353
A Legacy Uncovered,Icon,10s,6jyff5pywoegJ34ZLbPPSW,2013,2013-10-08,classical,0.41771781462781044,0.17835017932833386,0.06026739085021934,0.3303188713300684,0.751765893037336
Aeternum,"Ramin Djawadi, Brandon Campbell",20s,0VL2dRCjMWmDPkWC3bbRav,2021,2021-09-21,classical,0.5991172561981483,0.3305075535267905,0.18111552120325883,0.3433711272111915,0.9293642785065591
The Dynasty,"Andreas Waldetoft, Paradox Interactive",20s,18J3nTKjiiyxkxo4kgzpyW,2020,2020-08-28,classical,0.26638457884261146,0.12726877513313767,0.029350323793607688,0.9548191142576508,0.9031281533804238
The Last of Us,Gustavo Santaolalla,10s,285ieonEuLkll3zknYK2TY,2013,2013-06-07,gaming,0.46782815760304197,0.5739593522443213,0.3377898475036557,0.8704814608719322,0.9364278506559032
Ezio's Family,"Jesper Kyd, Assassin's Creed",00s,05UMQXFCsa9oPnLgfJHVyF,2009,2009-11-16,gaming,0.3445567138839725,0.34354961417237256,0.07979945686233549,0.8132523389316233,0.7830474268415742
Dragonborn,Jeremy Soule,10s,2gaZJDgE71VL9PzzUUlpMg,2013,2013-01-31,gaming,0.48286126049561134,0.14574502771437886,0.09546688949237518,0.8985940120005051,0.691220988900101
Shared Vision,"Halo, Sean Callery, Colin Stetson",20s,66RFxA8iDSZmRqtMSsHmQq,2024,2024-11-12,gaming,0.22328968388391238,0.07510053255080969,0.007938165865886773,0.6696775242392691,0.9606458123107972
God of War II - Main Titles,Gerard Marino,20s,4Ga0jNG9Pm5g6x1whprPQd,2024,2024-10-04,gaming,0.5409892583468798,0.2859471796543854,0.29392103613954457,0.7680714531892741,0.3834510595358224
Sweden,C418,10s,4NsPgRYUdHu2Q5JRNgXYU5,2011,2011-03-04,gaming,0.009819622809426356,0.6337354635365722,0.17484854815124293,0.9959839212673467,0.953582240161453
You Are The Resistance,Boris Salchow,10s,4lm5D5pwWQt7kmPPoqIFAa,2011,2011-01-01,gaming,0.34555892074347716,0.1924790783610477,0.23334029663672445,0.793171945268357,0.79313824419778
The Rebel Path,P.T. Adamczyk,20s,3m8UfZwPMMbiWfGR8Lg2cR,2020,2020-12-11,gaming,0.5720576709915233,0.38484947288338217,0.32212241487361604,0.0023658820216028694,0.12714429868819374
Defying the Odds,Justin Burnett,10s,65u8xkeB9XJ40Zspr1vOJZ,2012,2012-01-01,gaming,0.5169362937187687,0.5467883925660255,0.15709212450386462,0.313250536716292,0.715438950554995
Burning Skies,"Kevin Riepl, Jason Graves",10s,39J6EI5ysv2FmIsJHPijh2,2012,2012-01-01,gaming,0.2543580965285559,0.10444516900336918,0.010549404637560055,0.8383528310107061,0.8446014127144298
Race To Destruction,Brain,20s,4prLjTDLdh6Fk2mYza9q0Y,2024,2024-10-04,gaming,0.9388653815702177,0.5457015541788937,0.6030917067056611,1.687757087397534e-05,0.8193743693239153
"Secunda (Transcr. Trifonov for Piano) - From ""The Elder Scrolls: Skyrim""","Jeremy Soule, Daniil Trifonov",20s,4xEbrGC6A3Bw7hCw3yuwJz,2024,2024-07-19,gaming,0.002092607922645666,0.20769481578089335,0.07875496135366618,0.9989959803168367,0.8940464177598386
Divine Overture (Main Theme),Stephen Barton,20s,6eXw5tf0oLrJRowzaOetc0,2024,2024-08-20,gaming,0.6021238767766621,0.3913705032061732,0.1644035930645498,0.047386124614645954,0.9566094853683148
Mirage Theme - From Assassin's Creed Mirage,"Brendan Angelides, Assassin's Creed, Layth Sidiq",20s,17D3bYY9JJJjH1TUAruBJr,2023,2023-09-29,gaming,0.348565541321991,0.13270296706879686,0.02767913097973678,0.1104385607173022,0.9465186680121089
Enthroned on Mount Olympus,Winifred Phillips,20s,7hVKcAyshAzCL16kJAdji1,2024,2024-10-04,gaming,0.13208885966899112,0.12183458319747853,0.006266973052015875,0.8765055789709122,0.9808274470232089
Into the Starfield (Main Theme),Inon Zur,20s,325hdqkyHBRYu6ZOZt5Yrh,2023,2023-09-01,gaming,0.3345346452889263,0.1631344419084882,0.00908711092542302,0.7319267445953946,0.9303733602421796
The Lost Crown (Prince of Persia),"2WEI, Joznez, Kataem",20s,116jZYVgxrFurFTmo6pDgv,2023,2023-06-09,gaming,0.7394262165287964,0.5348331703075753,0.3764361813244203,0.11746669849944541,0.0
Emmett's Theme,Christopher Lennertz,10s,21e8VPZa4lRxAt2Ra772f9,2012,2012-01-01,gaming,0.5449980857848984,0.17074231061841103,0.41717150616252346,0.5030102568341587,0.5449041372351161
Elden Ring,Tsukasa Saitoh,20s,2iiJOgkKOCyb7ZPeqUNpud,2022,2022-09-09,gaming,0.5419914652063845,0.2087816541680252,0.05055358261959473,0.0082795579554348,0.6881937436932392
Greater Together (Album Version),"John Paesano, Ben Billions",20s,7D3owndTfR0iPyRO7sHR3g,2023,2023-10-20,gaming,0.5399870514873752,0.4500597761112922,0.19260497179862127,0.2299169030137368,0.9041372351160444
The Fallen Brother,Gerard Marino,10s,1Y0LhaqOcaUFxF3VBGD9Qy,2010,2010-01-01,gaming,0.26237575140459296,0.08162156287360069,0.04240651765197409,0.9738954882377537,0.9667003027245207
Fields of Dusk - Orchestral Version,TATRAN,20s,4zDOsDzhepxaCHzDiMVBEJ,2023,2023-04-28,gaming,0.2673867857021161,0.22073687642647538,0.0367662419051598,0.6255006581800832,0.9596367305751765
Astro,Kenneth C M Young,20s,54JLst9pXCA0BeBLcLe018,2024,2024-10-04,gaming,0.8356380750412408,0.602217150309749,0.7952788803008147,0.00059780335955227,0.260343087790111
Assassin's Creed IV Black Flag Main Theme,"Brian Tyler, Assassin's Creed",10s,6enLk2V2s0M6D6PGLjHxYv,2013,2013-10-14,gaming,0.6221680139667548,0.2837735028801217,0.3022770002088991,0.0430688399770437,0.9041372351160444
"Overture to the Unwritten (from ""Hogwarts Legacy"")","chuck e. myers 'sea', J Scott Rakozy, Peter Murray, Hogwarts Legacy",20s,4u3Idn4PRAINifJ5lgzZDx,2023,2023-02-10,gaming,0.33754126586744015,0.1696554722312792,0.007624817213285983,0.8714854805550956,0.7558022199798183
Fontaine,HOYO-MiX,20s,7gEpP0zIY3lVwTl7I5GZmH,2023,2023-10-02,gaming,0.24934706223103273,0.12618193674600583,0.09233340296636723,0.9206824450300981,0.9414732593340062
Force Projection,P.T. Adamczyk,20s,1ZJevzwhAH7YHB6AFmoIqG,2023,2023-09-14,gaming,0.9488874501652639,0.4631018367568742,0.5028201378734071,6.296207433117155e-05,0.9313824419778003
The Last of Us Part II,Gustavo Santaolalla,20s,0NsG1b9koK74vTJ2VJUJQU,2020,2020-06-19,gaming,0.04559840769374162,0.4261493315943919,0.10277835805306038,0.907630189148975,0.7901109989909183
Arkham City Main Theme,Nick Arundel,10s,1m73S45l5u5Al1jQCNBVsf,2011,2011-10-18,gaming,0.5359782240493567,0.17400282577980652,0.05138917902653018,0.45080123330966626,0.6730575176589304
New York's Only Spider-Man,John Paesano,20s,3sPz0HlbbJsiTL1jrrrxGT,2020,2020-11-10,gaming,0.6091393247931945,0.43919139223997394,0.2657196574054731,0.2439731785780232,0.9596367305751765
The First Hunter,SIE Sound Team,10s,33eoaqosKfgXYHd6HyYmPh,2015,2015-04-22,gaming,0.35357657561951417,0.044669057711118364,0.010758303739293918,0.20080033220200064,0.7830474268415742
The Streets of Whiterun,Jeremy Soule,10s,18CctEeOpjEDIAvWM5S7RE,2013,2013-01-31,gaming,0.1862080300822411,0.008151287903488751,0.006998119908084393,0.9467869567923443,0.8950554994954592
The Way of the Ghost,Ilan Eshkeri,20s,0AnsIh2o4sa9p8pHJOi9oI,2020,2020-07-17,gaming,0.16215506545413,0.12183458319747853,0.007520367662419049,0.7118463509321283,0.9293642785065591
Je te laisserai des mots,Patrick Watson,10s,0V5cvmTKsYmF5FmGGEAfmS,2010,2010-09-10,ambient,0.1872102369417457,0.2652972502988805,0.19051598078128265,0.9929718622178568,0.5035317860746721
In the Woods Somewhere,Hozier,10s,5Pkn31exSVgFbfDAH961QC,2014,2014-09-19,ambient,0.42673767636335214,0.32072600804260404,0.16231460204721118,0.7851397878030504,0.11099899091826439
When the Night is Over,Lord Huron,10s,4FE9SgxcOoCNuGnaaU8TXz,2018,2018-04-20,ambient,0.41370898718979193,0.6815563525703728,0.5905577606016295,0.10341042293515898,0.11604439959636731
Persephone,The Tragic Thrills,10s,0L9c6xtjgeHjcDaMjS752x,2017,2017-01-31,ambient,0.12507341165245872,0.4424519074013694,0.08188844787967411,0.710842331248965,0.0
Good Place,Kathleen Regan,20s,4u0P2hkKL6UKnDexOPhfME,2022,2022-02-18,ambient,0.2563625102475652,0.5250516248233887,0.3179444328389388,0.9066261694658116,0.0
Please Don't Go,Abbey Glover,20s,7IanweILQWvEsrKQn7YVIm,2020,2020-04-03,ambient,0.31849933553685217,0.45549396804695136,0.16962607060789636,0.19778827315251069,4.389505549949546e-05
Writer In The Dark,Lorde,10s,193Dm5SqYy3hTSbuzxbwKc,2017,2017-06-16,ambient,0.2713956131401346,0.2892076948157809,0.2604971798621266,0.732930764278558,0.0
toler,kaido,20s,6JDdR64MpaAqmINP004cpe,2023,2023-08-26,ambient,0.43375312437988456,0.24464732094337568,0.17067056611656567,0.7449790004765178,0.0038950554994954594
NFWMB,Hozier,10s,30SxaBvjxjuIzl6nnDJObx,2018,2018-09-06,ambient,0.3736207128096068,0.3609390283664819,0.3315228744516398,0.8975899923173418,0.07003027245206862
Novels,Rusty Clanton,10s,6Fvte9n3r2EZLG9uoSpjdl,2016,2016-10-28,ambient,0.28141768173518095,0.4967938267579611,0.12784625026112387,0.17268778107342778,0.00868819374369324
Scared of You,"Bobby, I Miss You",10s,658cGRlA8RgGbP6rsKEo6z,2018,2018-02-20,ambient,0.3605920236360466,0.4294098467557874,0.24065176519740963,0.9728914685545904,0.6417759838546923
Every Breath You Take,Chase Holfelder,10s,4osqCEZCWttWdR9nFZ9c82,2015,2015-09-08,ambient,0.429744296941866,0.30333659384849476,0.1435136828911636,0.10341042293515898,2.613521695257316e-06
Whitacre: The Seal Lullaby,"Eric Whitacre, Eric Whitacre Singers",10s,1ZqzUiCQICQmjtpbFZYwnt,2010,2010-01-01,classical,0.02164566375158098,0.04901641125964568,0.03843743471903071,0.9919678425346935,0.8324924318869829
The Road Home,"Stephen Paulus, Conspirare, Craig Hella Johnson",00s,3vA1AS2PWl4RePRCiR36lb,2006,2006-03-28,classical,0.05381650394167958,0.14900554287577436,0.019427616461249214,0.99698794095051,0.0318869828456105
Nimrod (Lux Aeterna),"Edward Elgar, VOCES8",10s,0URENFI2Nk9oVMdhz4SQKM,2015,2015-01-01,classical,0.09490698518136938,0.12944245190740133,0.007311468560685188,0.99698794095051,0.37235116044399597
"Requiem in D Minor, K .626: III. Sequentia: 6. Lacrimosa - Amen, appendix","Wolfgang Amadeus Mozart, Franz Xaver Süssmayr, Ensemble Pygmalion, Raphael Pichon",20s,23uLK8a4YIdHYlkmmqCEaQ,2024,2024-10-04,classical,0.0845842545284717,0.034018041517226386,0.005118027992479634,0.9497990158418341,0.02936427850655903
Media Vita,"Kerensa Briggs, Anna Lapwood, The Chapel Choir of Pembroke College, Cambridge",20s,4htAzv3rkpAzCjo2pW12id,2020,2020-03-06,classical,0.07586505485078142,0.0848820780349962,0.006998119908084393,0.9789155866535704,0.26538849646821394
Versa est in luctum,"Alonso Lobo, Tenebrae, Nigel Short",10s,5aJ7jwNHSdudJNTZVzUElL,2011,2011-03-28,classical,0.11805796363592631,0.10444516900336918,0.009400459578023814,0.9989959803168367,0.9354187689202826
La Kanteletar: I. Herkä neito,"Veljo Tormis, Mikrokosmos, Loïc Pierre",90s,0QXrJH7Whrm5xFioJtT1BV,1997,1997-07-01,classical,0.014930877792899967,0.1533528964243017,0.03760183831209526,0.9949799015841834,0.4167507568113017
Upon Your Heart,"Eleanor Daley, The Chapel Choir of Pembroke College, Cambridge, The Pembroke College Girls’ Choir, Anna Lapwood",20s,7aqgHJkQeVLId28hLNuHIN,2020,2020-09-16,classical,0.11505134305741244,0.06966634061515052,0.009713808230624604,0.9909638228515302,0.6387487386478304
The Day Is Done (2006),"Stephen Paulus, Stephen Layton, The Choir Of Trinity College, Cambridge",10s,1l8Pv9SFF7ts5odswk3c51,2011,2011-06-27,classical,0.042090683685475416,0.10553200739050102,0.0100271568832254,0.9889557834852035,0.0013723511604439961
Fljótavík (Arr. Lawson for Ensemble),"Jónsi, Georg Holm, Kjartan Sveinsson, Orri Pall Dyrason, VOCES8, Thomas Gould, Emma Denton, Sam Becker",20s,2f9SS1yJpq3452wIbVQeT1,2024,2024-09-27,classical,0.04750260072680042,0.11205303771329203,0.025276791309797365,0.9447789174260176,0.9515640766902118
Avinu Malkeinu (Arr. Clements for Cello & Vocal Ensemble),"Max Janowski, Sheku Kanneh-Mason, VOCES8",20s,5VJ22a5qHT1G8l6cvkTcp3,2024,2024-11-01,classical,0.10402706760286151,0.1142267144875557,0.01723417589304366,0.980923626019897,0.8062563067608477
Stopping by Woods on a Snowy Evening,"Rebecca Dale, Robert Frost, Tenebrae, Nigel Short",20s,0pE7ijJ1Wi5f7Ua60Xa3RO,2024,2024-02-21,classical,0.06103239333011291,0.030866210194544073,0.0050135784416127,0.9979919606336733,0.5751765893037336
"Veris gratia, Op. 6: VII. Hymn to Cypris","Kenneth Leighton, David Cuthbert, The Choir of The Queen's College Oxford, Owen Rees, Britten Sinfonia",20s,2BHUEsN9pQFsHVnvoROBPZ,2024,2024-10-08,classical,0.10502927446236614,0.07510053255080969,0.011489450595362435,0.9769075472872437,0.0077497477295660954
Psalm 22.21,"jung jaeil, VOCES8",20s,12XJf2wZXhYjOdsEGMZ90n,2024,2024-09-27,classical,0.006642627064796683,0.1435713509401152,0.00658032170461667,0.9939758819010202,1.0
Seek Him That Maketh The Seven Stars,"Jonathan Dove, The Choir of Magdalen College, Oxford, Edward Byrne, Mark Williams",20s,7uTUsPng53tWpLDkKN8vHu,2024,2024-10-11,classical,0.17017272033016703,0.16204760352135636,0.008773762272822224,0.9518070552081608,0.33501513622603435
Now Sleeps The Crimson Petal (Four Madrigals On Rose Texts): Now Sleeps The Crimson Petal,"Paul Mealor, Tenebrae, Nigel Short",10s,53vD24j7PgGW5beqOxZska,2011,2011-01-01,classical,0.014229332991246724,0.1109661993261602,0.004177982034677247,0.9899598031683668,0.11806256306760848
Dreamweaver: 1. Prologue,"Ola Gjeilo, The Choir of Royal Holloway, Royal Philharmonic Orchestra, Rupert Gough",20s,2PpgI9UbH7akaXAFB5rb8E,2023,2023-08-04,classical,0.10502927446236614,0.14900554287577436,0.0454355546271151,0.9899598031683668,0.7891019172552978
Whilst Great Is Our Poverty,"Cyrillus Kreek, Traditional, Anna-Liisa Eller, Angela Ambrosini, Marco Ambrosini, Vox Clamantis, Jaan-Eik Tulve",20s,4x0gTKvCwR5gn9yFw0xWWX,2020,2020-05-08,classical,0.07456218593342541,0.024671231387892626,0.006684771255483597,0.9929718622178568,0.4843592330978809
Shenandoah,"Traditional, Westminster Choir, James Jordan, Gregory Stout",20s,3GSRFohtLOIGDDsTi0C42D,2024,2024-05-03,classical,0.02846067039621246,0.05662427996956852,0.003969082932943386,0.9949799015841834,0.8425832492431886
Only in Sleep,"Ēriks Ešenvalds, Stephen Layton, The Choir Of Trinity College, Cambridge",10s,0OH2nRfMpPOioibGdTVEii,2015,2015-02-01,classical,0.0997175781069916,0.0881425931963917,0.017651974096511383,0.9929718622178568,0.4318869828456105
"Heyr, himna smiður","Härlanda Chamber Choir, David Molin",10s,5R1sIewu1amxKBwg0BPC7V,2016,2016-12-13,classical,0.10502927446236614,0.08162156287360069,0.009609358679757677,0.9979919606336733,0.8627648839556004
There Will Come Soft Rains,"Ēriks Ešenvalds, The Pacific Lutheran Choir Of The West, Richard Nance",20s,5KCHfR2RGdpieZoQ5NQd5g,2020,2020-01-17,classical,0.07676704102433558,0.13922399739158786,0.009504909128890742,0.9839356850693869,0.0479313824419778
The Promised Light of Life,"Cheryl Frances-Hoad, Owain Park, The Gesualdo Six",10s,4QdX71tgddOK3p643nbFNE,2019,2019-11-01,classical,0.0299639806854694,0.09792413868057818,0.004804679339878839,0.9718874488714271,0.005015136226034308
Stardust,"Taylor Scott Davis, VOCES8",20s,3Ox9FXYffPUB44mqxXJrxs,2024,2024-09-27,classical,0.0291622151978657,0.005542875774372351,0.002715688322540211,0.9899598031683668,0.6488395560040363
L'Amour,"WUULA, Dr Feel",20s,4CoDFjUTm985ta8hylhdmT,2024,2024-05-10,electronic,0.9348565541321991,0.8228453428975111,0.766033006058074,0.018169151834593462,0.6094853683148335
Nomathemba - Enoo Napa Remix,"FiNE, Lizwi, Enoo Napa",20s,7nY5my1s2KTOv42Kyp5TyF,2024,2024-05-10,electronic,0.767488008594926,0.7163351809585915,0.2678086484228117,0.003028535012490658,0.4328960645812311
Kolwa,"Euggy, Suraj, Mumba Yachi",20s,4U6zIONOpmnby5fvOM6han,2023,2023-12-01,electronic,0.7013423558676204,0.6869905445060319,0.028514727386672233,0.1355390527963851,0.8264379414732593
Hajikwai,"Naarly, Thabza De Soul, Idd Aziz",20s,15YgWqEEqXBafFdKHPIcDo,2024,2024-07-19,electronic,0.7524549057023566,0.8837082925768939,0.04867349070398998,0.19076013537036746,0.2986881937436932
Sina,"Lakwister, Aweko Brian, Moses rallo",20s,68wvH1g0T6yOUQlk95xKkT,2024,2024-07-26,electronic,0.8236115927271852,0.7011194435387458,0.7148527261332777,0.00042310393468185294,0.7295660948536832
Moors,Drumetic Boyz,20s,4HPugJL3Gwnw4tTHMpXKDM,2024,2024-04-25,electronic,0.7404284233883011,0.6261275948266494,0.52893252559014,0.00022129597836602645,0.7820383451059536
Letha,"Thandi Draai, Dj Beekay",20s,42fDq94MjR4FcQCSPVVEuz,2023,2023-11-17,electronic,0.7073555970246482,0.5152700793392022,0.22498433256736994,0.022988446313777375,0.46316851664984865
Space Fair,"Hanna Haïs, KingDonna",20s,16WmsfJpN9v239N0BtkwMj,2024,2024-06-14,electronic,0.8967726934710232,0.602217150309749,0.014831836223104237,0.010639004210868592,0.8415741675075681
Nomvula (feat. Nia Pearl & Bontle Smith),"Citizen Deep, Nia Pearl, Bontle Smith",20s,43yHwDUgHXuRx4Ntur15dL,2024,2024-09-20,electronic,0.6903180804130695,0.7956743832192154,0.5728013369542511,0.11144258040046551,0.32088799192734613
Don't Give Up,Afro Swanky,20s,4HeWkyuI8CoNMbRibOIj7c,2024,2024-03-15,electronic,0.7855277320660093,0.3978915335289642,0.5425109672028411,0.18574003695455088,0.9192734611503532
Tsoang Tsoang - Remix,"DJ Leo Cris, Dr. Victor",20s,27EyCYhJcucr3fMqgISIdu,2024,2024-03-23,electronic,0.8005608349585789,0.7750244538637105,0.13306872780447046,0.0012815407637864881,0.36629667003027244
Udokotela,Muzari,20s,2hF8zj1pgjlzENfzqztU4b,2024,2024-05-31,electronic,0.8186005584296621,0.7641560699923922,0.6511385001044496,0.00271728891071003,0.9011099899091827
FIND A WAY,"NAAK, Atmos Blaq",20s,2R9fVFtDxzhbZjqJIgSUKy,2024,2024-06-14,electronic,0.6442165648758567,0.38050211933485484,0.3064549822435763,0.3242947532310885,0.46417759838546924
let it breathe (feat. Roddy Ricch),"Gunna, Roddy Ricch",20s,4vpx4cL7IRedZul0j0bL2c,2024,2024-05-10,hip-hop,0.7294041479337501,0.7924138680578199,0.268853143931481,0.17067974170710115,4.863773965691221e-06
Goddard Song,Lil Uzi Vert,20s,7gj6KJknnzPHcfjFccBSsy,2024,2024-11-01,hip-hop,0.7304063547932548,0.5902619280512987,0.28452057656152074,0.08433404895505599,0.0
Topanga,Trippie Redd,10s,1Am3fwJi1NF1sD2McZfVWi,2018,2018-11-09,hip-hop,0.6171569796692317,0.7543745245082056,0.009609358679757677,0.005849830322179575,1.7860746720484358e-06
WRONG (feat. Lil Mosey),"The Kid LAROI, Lil Mosey",20s,32cDvfCsazF1frFWcaMjc1,2021,2021-07-27,hip-hop,0.7694924223139353,0.35876535159221823,0.3179444328389388,0.03814914352954345,0.0
Hard Work Pays Off,"Future, Juice WRLD",10s,6gzIcEUuswJQGfJNPYMjjv,2018,2018-10-19,hip-hop,0.48286126049561134,0.7358982719269644,0.6041362022143305,0.3283108319637418,0.0
ALWAYS,YOON MIRAE,10s,4LsMjCB4qt4RnWcJBiHrA6,2016,2016-02-18,korean,0.6051304973551761,0.3815889577219867,0.2615416753707959,0.7801196893872339,0.0
Beautiful,Crush,10s,6mzF8HvHdVrzJNd8M1uFCS,2016,2016-12-17,korean,0.41070236661127807,0.3881099880447777,0.19782744934196783,0.8463849884760126,0.0
Say Yes,"Loco, Punch",10s,27zrFrtUtWl2urlvjOn5xc,2016,2016-08-29,korean,0.7795144909089816,0.6924247364416911,0.3973260914978065,0.3534113240428246,0.0
Everytime,"CHEN, Punch",10s,1D6lK8qADoErTTLkY4YBfM,2016,2016-02-25,korean,0.7374218028097871,0.4946201499836974,0.4861082097346981,0.484937902537219,0.0
With you,"Jimin, HA SUNG WOON",20s,2gzhQaCTeNgxpeB2TPllyY,2022,2022-04-24,korean,0.42673767636335214,0.5141832409520705,0.1121788176310842,0.6415649731106963,0.0
Love Me Like That,Sam Kim,20s,1lhm29o3syw122xynSKaAK,2021,2021-07-24,korean,0.29444637090874104,0.5772198674057167,0.4505953624399415,0.8574292049908091,0.0
You Are My Everything,Gummy,10s,4s80CRYk3rRPZE56NvmFi7,2016,2016-03-10,korean,0.49989877710719005,0.3087707857841539,0.07771046584499686,0.6676694848729425,0.0
I Will Go To You Like the First Snow,AILEE,10s,2BPXILn0MqOe5WroVXlvN1,2017,2017-01-07,korean,0.4317487106608753,0.4761438974024562,0.1435136828911636,0.6626493864571259,0.0
This Love,DAVICHI,10s,1mh5s6XJ3RLJBRPErACsHW,2016,2016-03-03,korean,0.4467818135534447,0.3772416041734594,0.19260497179862127,0.7419669414270278,0.0
Like A Dream,MINNIE,20s,4Kw1ykVLHoFQxOPSVd8R2E,2024,2024-04-16,korean,0.5179385005782734,0.5217911096619933,0.19573845832462922,0.3222867138647619,0.0
Run Run,ECLIPSE,20s,5EBtIi8j2ARUCwxzB5gc82,2024,2024-04-08,korean,0.8186005584296621,0.5924356048255625,0.6218926258617088,0.016060710499950497,0.0
Your Existence,Wonstein,20s,2tmX4T7ODY34NwvQ3DD3MC,2022,2022-02-26,korean,0.6041282904956714,0.39028366481904136,0.6553164821391269,0.5381509457448748,2.5428859737638748e-05
For You,"CHEN, BAEKHYUN, XIUMIN",10s,7rLvsAO1yb7ElxPhkz60qh,2016,2016-08-25,korean,0.8396469024792593,0.5152700793392022,0.4380614163359097,0.10240640325199565,0.0
I Miss You,SOYOU,10s,3SfbB0Y3saMIQnNctxMVhj,2016,2016-12-31,korean,0.3445567138839725,0.4598413215954787,0.18947148527261332,0.904618130099485,0.0
Descendants Of The Sun (Original Television Soundtrack) Pt.6 - Talk Love,K.Will,10s,5NkpsRKvSBukdYQtl3WLZW,2016,2016-03-18,korean,0.8356380750412408,0.5913487664384306,0.5487779402548569,0.35441534372598793,0.0
Good Person (2022),HAECHAN,20s,0lbtRkC7Bs9aR3ZYvtZydi,2022,2022-03-05,korean,0.36660526479307437,0.5500489077274209,0.3712137037810737,0.6596373274076359,1.2209889001009082e-05
If It Is You,Jung Seung Hwan,10s,5i6gHFXg4aLK5xvc2jJJC5,2016,2016-05-31,korean,0.5159340868592641,0.35659167481795456,0.17693753916858157,0.6887538982193722,0.0
Round And Round,"HEIZE, Han Suji",10s,3vAncbML0jhNrp63DKhsCo,2017,2017-01-21,korean,0.6883136666940604,0.5924356048255625,0.4955086693127219,0.7600392957239676,0.23612512613521697
Stand By Me,SHINee,00s,4y6TpWQJjW5nVRn3wDs1qa,2009,2009-01-08,korean,0.8406491093387639,0.7576350396696012,0.7023187800292459,0.1937721944198574,0.0
MY LOVE,LeeHi,10s,4PvVKyqJ6pLVi5HKpAjTPc,2016,2016-10-04,korean,0.34355450702446794,0.34354961417237256,0.13411322331313977,0.8624493034066257,0.0
Can You Hear My Heart (feat. LEE HI),"Epik High, LeeHi",10s,7n5eQJYX7e6H5gkzgyEfQG,2016,2016-09-20,korean,0.5931040150411205,0.6902510596674274,0.28765406308752867,0.7449790004765178,0.0
"Very, Slowly",BIBI,20s,7GkHIsnziYgk6j1lx2TK6H,2022,2022-02-20,korean,0.4237310557848382,0.5098358874035431,0.2291623146020472,0.6807217407540656,0.001493440968718466
Breath,Sam Kim,20s,12cDuwg8jJ4N7RokLnFWfQ,2020,2020-06-28,korean,0.5019031908261993,0.6337354635365722,0.2803425945268435,0.8403608703770328,1.8163471241170535e-05
Here Always,Seungmin,20s,2WdnAdw7zpgU0FRkGiRV8n,2021,2021-10-10,korean,0.3906582294211855,0.5587436148244755,0.09233340296636723,0.3463831862606814,2.6639757820383455e-06
Starlight,TAEIL,20s,00Coyxt9mTec1acC52qtWa,2022,2022-02-13,korean,0.7364195959502825,0.634822301923704,0.4934196782953833,0.07891234266597408,0.0
Tus Ojos,Los Cafres,90s,6yyrsrci6u2nreFlhXSy3J,1997,1997-09-01,world,0.4808568467766021,0.863058363221389,0.8203467725088782,0.023490456155359035,0.0006236125126135217
Confianza,Micro TDH,10s,4chzKVwJz3Dt0ryO3Vd9ue,2017,2017-06-16,world,0.5159340868592641,0.6630800999891316,0.2709421349488197,0.7489950792091711,0.0
Hablar de Ti,Gepe,10s,1vV2FBKYvu6sJDqzSCNgbI,2017,2017-05-26,world,0.4878722947931345,0.5793935441799805,0.6354710674744098,0.4869459419035456,0.0
Lo Que Hoy Quieras,Koino Yokan,20s,2o0qEJLFTlR3NPxLy7Hz0T,2022,2022-03-17,world,0.43475533123938914,0.8608846864471253,0.936285773971172,0.5220866308142617,0.0
Mi Balcon,"Vicente Garcia, Cultura Profética",10s,05SZ279Bnz9Zst21BMoZWg,2011,2011-01-01,world,0.5600311886774678,0.843495272253016,0.7534990599540422,0.20280837156832726,2.1796165489404642e-06
Runaway,"Los Pericos, The Original Wailers",10s,0ZLakHzHWqUIlkeDa4i8aC,2010,2010-09-28,world,0.7324107685122639,0.6706879686990546,0.8172132859828704,0.04397245769189068,1.2714429868819374e-05
Decide Tú,Dread Mar I,10s,1OuRWuKhsxNdV2FCIkyCnV,2018,2018-05-24,world,0.448786227272454,0.7935007064449517,0.7284311677459787,0.12650287564791524,0.0
Sin Ti,King Chango,00s,1mmaywWRQzNE5dt0eUISBd,2000,2000-01-01,world,0.529964982892329,0.7239430496685143,0.5957802381449759,0.09116138280056653,0.0028254288597376388
Casi q' me pierdo,Los Cafres,10s,0Nj3EM5QMCIdTbWM3wzJGR,2011,2011-09-27,world,0.6392055305783335,0.693511574828823,0.5936912471276373,0.021683220725665066,0.002885973763874874
Caney,"Rawayana, Jambene",20s,1iy127mskdnMF5mC5kicFF,2021,2021-11-22,world,0.7324107685122639,0.5261384632105206,0.6333820764570712,0.25802945414230966,0.005277497477295661
BSOS,Mora Navarro,20s,5Y1R365I3Z4zAJCr3wMHf1,2022,2022-09-30,world,0.6482253923138752,0.7315509183784371,0.8255692500522247,0.656625268358146,8.193743693239152e-05
Por el Bien de los Dos,Abril Olivera,20s,5YVBaeIf9L56ybZdUYOcjy,2023,2023-04-21,world,0.32451257669387995,0.8934898380610804,0.7837894297054523,0.35441534372598793,0.0052068617558022195
Verte,"Nicki Nicole, Dread Mar I, Bizarrap",20s,2mMZAd3ol9wGI2WJl4XJCF,2020,2020-12-10,world,0.6692717363634724,0.7761112922508423,0.7430541048673491,0.37549975707241756,0.0
Anónimos (feat. Carla Morrison),"Los Pericos, Carla Morrison",10s,6pKADEM7gx8EZ6UypMUzyd,2016,2016-10-28,world,0.6041282904956714,0.7152483425714596,0.8130353039481931,0.27810984780557596,6.488395560040364e-05
San Bá,Vicente Garcia,10s,1SZmIlruJaumMmS2CzTdDE,2019,2019-05-24,world,0.6883136666940604,0.895663514835344,0.7169417171506163,0.6495971305760028,0.00033905146316851666
Fugaz,Connie Isla,20s,2xzdpc3aZm9mKmJpumCsRY,2023,2023-04-13,world,0.6151525659502224,0.7185088577328551,0.5226655525381242,0.1425671905785283,0.0007850655903128154
Porque Yo,"Pahua, Eva de Marce",20s,2eqLgrPkcSTgCvxEtsymiz,2023,2023-01-27,world,0.8165961447106528,0.752200847733942,0.5122205974514309,0.3463831862606814,0.02734611503531786
Isla del Ritmo,Ritmo Machine,20s,5YAQFjWdqU0Rjm0SbnY8wf,2023,2023-01-27,world,0.7033467695866297,0.7728507770894468,0.52893252559014,0.43574093806221653,0.8415741675075681
Una Cumbia Triste,Rels B,20s,5IQfg3XiRgQpbKnbyiIDNx,2020,2020-12-26,world,0.786529938925514,0.7848059993478971,0.6417380405264258,0.26505759192445283,0.0
9 to 5,The Mayries,20s,5OvkbpZ2ANLbLpzPbz0VAd,2024,2024-10-18,folk,0.2102609947103522,0.4946201499836974,0.3659912262377272,0.9066261694658116,0.0
Cult to A Saint,"Rhys, AKA lisa",20s,6LiZv6hKaSY9DMMqVO3hgy,2024,2024-05-17,folk,0.3425523001649633,0.45549396804695136,0.18424900772926675,0.8744975396045855,0.006599394550958627
"I Miss You, I Do",Arny Margret,20s,6Q6DS150kHJ3bigd3EEWh6,2024,2024-10-16,folk,0.2543580965285559,0.4837517661123791,0.3743471903070817,0.8895578348520352,0.00632694248234107
i don’t know what i saw in you,Malen,20s,0BD4OTTInTSc9tcJwGPyT2,2024,2024-05-24,folk,0.2303051319004448,0.7554613628953375,0.405682055567161,0.6957820360015152,0.00023007063572149346
The Speed of Life,Malin Pettersen,20s,42opmht9GJpxaxwMh79oQD,2024,2024-05-02,folk,0.06965137232185273,0.5098358874035431,0.2302068101107165,0.9246985237627513,2.2603430877901108e-05
Flowers at a Funeral,NOEL,20s,3tW7YR0lQoJds70KsLP0i7,2024,2024-08-23,folk,0.5510113269419261,0.5163569177263341,0.42239398370587006,0.18875209600404083,0.0
codepending,AKA lisa,20s,1WMTEpq5ngLwPGRV1fq5yx,2024,2024-06-14,folk,0.42673767636335214,0.6076513422454082,0.1497806559431794,0.7259026264964148,0.027043390514631685
Turning Onto You,First Aid Kit,20s,4tl5Knezh7Qohx4TWgJFpP,2022,2022-09-30,folk,0.635196703140315,0.5424410390174982,0.8005013578441613,0.11445463944995546,7.780020181634713e-05
Beautiful Woman,Sarah Klang,20s,6q7Q8j4oso0rMmJj7xtCzV,2024,2024-08-02,folk,0.22629630446242627,0.48701228127377455,0.22602882807603925,0.8072282208326435,0.00019878910191725529
I Let the Good Ones Go,Smith & Thell,20s,3Q30mwHAXv4cYoIQFiIWt8,2024,2024-08-23,folk,0.7835233183470001,0.39028366481904136,0.1497806559431794,0.5923680086356937,1.5539858728557014e-05
Bloom,Alexander Grandjean,20s,4MTWIFU8gPl2gGcximDHp0,2024,2024-04-18,folk,0.33754126586744015,0.5500489077274209,0.3346563609776477,0.9226904843964248,0.004127144298688194
Love Songs,Emmelie de Forest,20s,6QMSygBOH5hDe7JHCtmH9V,2024,2024-10-18,folk,0.44377519297493084,0.44897293772416036,0.12366826822644661,0.7700794925556007,0.003027245206861756
Animal,Oklahoma,20s,6XLsy0UvTwzfd3eS8Uqqc9,2024,2024-08-23,folk,0.4848656742146206,0.5065753722421475,0.22707332358470855,0.5893559495862037,0.00016145307769929366
anywhere,Malen,20s,3UTw97nvn3xfPsB3RtbdWN,2024,2024-08-30,folk,0.35558098933852345,0.6315617867623085,0.28869855859619803,0.8112442995652966,0.0006498486377396569
Fear/Hope,Malin Pettersen,20s,3hswSBDeVf5DNk9oUKtqlX,2024,2024-11-08,folk,0.10102044702434763,0.5533094228888165,0.29183204512220595,0.9026100907331583,0.0
Atmosphere,Crying Day Care Choir,20s,442HltvzhREoVIVY9aeGaG,2024,2024-11-08,folk,0.43976636553691234,0.6945984132159547,0.3137664508042615,0.34437514689435483,0.0
For What We Love,"Gunnhild Sundli, Ski-VM Trondheim 2025",20s,18lvAhOCbPQ1mkpoODG4UG,2024,2024-11-01,folk,0.7083578038841528,0.38593631127051403,0.2542302068101107,0.026502515204848982,0.0
JUBA,Anendlessocean,20s,3y8fl4vQjkHjOaHc0nHmXU,2024,2024-10-31,gospel,0.7183798724791992,0.7011194435387458,0.38061416335909753,0.3343349500627216,0.0
E Dey Flow,"Moses Bliss, Neeja, Ajay Asika, Festizie, S.O.N Music, Chizie",20s,7BvQTLZXj9XDG9BZnGLZtO,2024,2024-06-28,gospel,0.7664858017354214,0.7858928377350288,0.7743889701274285,0.7168664493479449,0.0
Big God,"Tim Godfrey, Fearless Community, Anderson",20s,4Zpw0Yb8T8hfyQht5pQ4HG,2023,2023-10-06,gospel,0.942874209008236,0.6978589283773503,0.7211196991852935,0.024996485680104007,0.00218970736629667
Holy Spirit,Sunmisola Agbebi,20s,77I6qSpZcwJoEhxNo0yCQ9,2024,2024-11-15,gospel,0.5439958789253937,0.29464188675144004,0.22080635053269268,0.0986915304242914,0.0
You Are Great,"Moses Bliss, Festizie, Chizie, Neeja, S.O.N Music, Ajay Asika",20s,0JgTmcVrSqq4dbfmlRSixK,2024,2024-01-26,gospel,0.8516733847933149,0.6315617867623085,0.6981407979945686,0.10039836388566904,0.0
Defe Defe,Team Eternity Ghana,20s,2GZNll3SJMAEHstg0wO37N,2024,2024-05-01,gospel,0.8115851104131298,0.49788066514509294,0.28347608105285144,0.08092038203230072,0.0
Calling My Name (I'm A Soldier) - Live,Ebuka Songs,20s,6pKrwKfT1IUq6GvO7xtlIW,2023,2023-09-29,gospel,0.7915409732230372,0.36202586675361376,0.28765406308752867,0.006643005871878594,0.0
Kumama Papa,"Grace Lokwa, Moses Bliss, Prinx Emmanuel",20s,5LwT1tPiIUszQ7C51DuEL2,2022,2022-06-03,gospel,0.6251746345452687,0.44027823062710575,0.47148527261332773,0.8333327325948895,1.8062563067608476e-06
E Ti Tobi to (Live),"EmmaOMG, The OhEmGee Choir, Pelumi Deborah, BBO",20s,6CyvOdf4V0PM8mU3ktVzsh,2024,2024-08-11,gospel,0.7825211114874955,0.4413650690142376,0.6574054731564655,0.38754799327037737,0.0
Darling Jesus,"S.O.N Music, Neeja",20s,3ePKfVhpGQWdcm05CDKM36,2023,2023-08-25,gospel,0.6893158735535649,0.7750244538637105,0.7890119072487989,0.20180435188516396,0.00026034308779011097
B'Ola - Honour,Sunmisola Agbebi,20s,2dMDbU8IYPSltZayJLQ9Mb,2023,2023-05-19,gospel,0.5560223612394493,0.2652972502988805,0.2657196574054731,0.7389548823775378,0.0
Worthy of My Praise,"Dunsin Oyekan, Lawrence Oyor",20s,2TfDq6YUBAiX09xTlH2bhX,2024,2024-04-12,gospel,0.8216071790081759,0.3946310183675687,0.31481094631293083,0.004333760600602968,0.0017558022199798183
Gratitude,Anendlessocean,20s,0D9JNf7ntudlGuRUQW1bXp,2023,2023-12-01,gospel,0.5249539485948058,0.5652646451472666,0.7911008982661375,0.29718622178567894,0.0
Look what you've done,Greatman Takit,20s,7KuXYbVO5fi6Re3q0iJTEN,2022,2022-12-02,gospel,0.6111437385122038,0.27616563417019885,0.2542302068101107,0.2961822021025156,0.0
Yeshua - Live,Jesus Image,20s,4lu2i1XcWo1zze2vealWlB,2022,2022-04-15,gospel,0.5349760171898521,0.11857406803608303,0.08919991644035931,0.11545865913311877,0.1987891019172553
Worship Medley I,Okunade Adedeji,20s,7mQhKQYG3PHWpyoU37A2r7,2023,2023-10-20,gospel,0.7143710450411807,0.3913705032061732,0.38270315437643615,0.46686554824027937,0.0
Another One (feat. Chris Brown),"Elevation Worship, Chris Brown",20s,1ks04dUr7tjZJUbT89MoJD,2024,2024-02-09,gospel,0.7554615262808705,0.40332572546462336,0.09442239398370586,0.004645006702383595,0.0
PRAYER (ADURA),Biola Yakubu,20s,2emarCNTTsnFvTU64qaUwP,2024,2024-03-21,gospel,0.643214358016352,0.5120095641778067,0.3733026947984123,0.17168376139026448,2.008072653884965e-06
Bigger - odogwu,Prinx Emmanuel,20s,4g5KxATLbcyOGNpOYFErU7,2023,2023-08-18,gospel,0.5259561554543104,0.8684925551570482,0.45895132650929593,0.61847252039794,0.0002956609485368315
Worship Medley II,Okunade Adedeji,20s,6dXxFo30WqVtwWPHulA52c,2023,2023-10-20,gospel,0.7434350439668149,0.29790240191283557,0.375391685815751,0.10943454103413888,0.0
In The Room (feat. Tasha Cobbs Leonard),"Maverick City Music, Naomi Raine, Chandler Moore, Tasha Cobbs Leonard",20s,2YOtce7fA4wusxvFQqGqCo,2023,2023-10-27,gospel,0.8306270407437176,0.44897293772416036,0.3263003969082933,0.09949474617082205,0.0
Turn It Up / No Longer a Slave / Made a Way / Ekwueme (Medley) [Live],Big Bolaji,20s,6KP2hImAclvMNgCl39GvP3,2020,2020-05-14,gospel,0.83764248876025,0.6489512009564179,0.6083141842490077,0.018671161676175115,0.0
Praise Combo,Olamilekan Akamo,20s,00DPAwQ3NkWs6PZKNxy7Pi,2023,2023-09-24,gospel,0.8997793140495371,0.7826323225736334,0.6741174012951745,0.022084828598930392,0.1432896064581231
Altar (Hosanna),"Oba Reengy, Limoblaze, Gaise Baba",20s,3q3ItcIZzhzCSmKIvWhfWU,2024,2024-01-26,gospel,0.786529938925514,0.7163351809585915,0.4610403175266346,0.11847071818260871,0.0006720484359233098
Praise Fest 1.0,Blessing Lopez,20s,4UH9j071WIDzzRjZFRWFJf,2023,2023-11-13,gospel,0.8987771071900325,0.7239430496685143,0.7075412575725925,0.4889539812698723,1.2411705348133199e-06
Today,Ibquake,20s,5NOMpIrAo3xQuNbSbebSV0,2023,2023-08-30,gospel,0.4778502261980882,0.6435170090207587,0.24378525172341758,0.6847378194867189,0.0
Kelechi,Mazi Floss,20s,4H5CjHyW6VgDzrRcRGwKvh,2023,2023-12-08,gospel,0.8115851104131298,0.6772089990218455,0.8746605389596824,0.23594102111271667,0.0
Oil on My Head,Eben,20s,0Cv9En8EDAL9YqCrEiwoDZ,2022,2022-12-01,gospel,0.9308477266941806,0.8195848277361156,0.8621265928556507,0.15662346614281472,0.0
"My Daddy, My Daddy - Live at AiiiH - As It Is In Heaven","Sunmisola Agbebi, Lawrence Oyor",20s,0bqV6cwBAloZuaPTFww9F4,2022,2022-12-23,gospel,0.6051304973551761,0.22291055320073905,0.13097973678713182,0.022185230567246726,0.0014732593340060544
OLÙGBÈJÀ,"Veekee James, Shallom Matthew, OBA",20s,5DXFUaVUCxYvpvrzbjfhQP,2023,2023-09-29,gospel,0.8035674555370927,0.21856319965221171,0.3628577397117192,0.01304865145046055,0.0
I Get Backing,Victoria Orenze,20s,5z8u1GwA8J7dBx1zMpfrjW,2022,2022-09-30,gospel,0.8616954533883612,0.3707205738506684,0.42239398370587006,0.13955513152903837,5.74167507568113e-06
Ifunanya,"Prinx Emmanuel, Limoblaze",20s,0iTk4clE5ASPjciDKc9YfR,2023,2023-01-30,gospel,0.4968921565286762,0.5783067057928486,0.27720910800083554,0.5030102568341587,1.0797174571140262e-06
Obinasom,Mercy Chinwo,20s,0zffPG1MN1yCiWkJBM4zjC,2020,2020-07-03,gospel,0.6422121511568474,0.4891859580480382,0.4286609567578859,0.45682535140864616,0.0
"Breathe (feat. Jonathan McReynolds, DOE & Mav City Gospel Choir) - Studio Version","Maverick City Music, Chandler Moore, Jonathan McReynolds, DOE, Mav City Gospel Choir",20s,0G20Y1YJ7wD1GqmKXq9JVn,2022,2022-02-11,gospel,0.6131481522312131,0.2739919573959352,0.09128890745769794,0.0037815497748631445,0.0
Daaku,"Young Stunners, Bohemia",20s,32OPGHl98lfojGFca3Ib5O,2024,2024-10-01,hip-hop,0.8697131082643982,0.7804586457993696,0.47670775015667427,0.3825278948545608,0.0
Joota Japani,"KR$NA, Mukesh, Shankar Jaikishan",20s,7lzPCtx5j2JRFhbsGpbzQ7,2024,2024-01-17,hip-hop,0.8657042808263796,0.791327029670688,0.8851054940463756,0.23292896206322675,9.05146316851665e-05
3:59 AM,DIVINE,20s,2gNMXJDKRmKWuevBGjN8wo,2020,2020-12-03,hip-hop,0.589095187603102,0.6630800999891316,0.21662836849801542,0.17770787948924435,0.0
Payal,"Yo Yo Honey Singh, Paradox",20s,76ZWOhRRQzmb4xMoZzTjJ9,2024,2024-08-26,hip-hop,0.6642607020659492,0.8261058580589066,0.7378316273240025,0.6455810518433495,0.00012108980827447024
Khatta Flow,"Seedhe Maut, KR$NA",20s,2qb5ASYergjk2qNLvYEQJD,2023,2023-08-19,hip-hop,0.7384240096692918,0.8684925551570482,0.7179862126592855,0.28513798558771913,0.0
Illegal,Dhanda Nyoliwala,20s,6L7EJzsVd50jBakdBHFDC4,2024,2024-10-19,hip-hop,0.7043489764461344,0.8228453428975111,0.5863797785669521,0.12148277723209866,0.0
I Guess,KR$NA,20s,0OxG3hlJNNzXcSrNVXEu8f,2022,2022-10-26,hip-hop,0.9067947620660695,0.8380610803173568,0.936285773971172,0.17268778107342778,0.0
Murder,"Real Boss, BIG KAY SMG",20s,0uMY0ZOYpXKHPxuakVtQzs,2022,2022-10-21,hip-hop,0.5690510504130094,0.9445712422562765,0.5049091288907458,0.18272797790506093,0.0
100 Million,"DIVINE, Karan Aujla",20s,3EJslhR33350RLGMb6eOAg,2024,2024-01-18,hip-hop,0.8386446956197546,0.5859145745027714,0.9018174221850846,0.18574003695455088,1.8466195761856712e-06
12 Bande,Varinder Brar,20s,6dgYHmc5yBnQFI4FSCbp6y,2021,2021-10-11,hip-hop,0.6943269078510881,0.7032931203130094,0.8443701692082723,0.01234583767224623,0.0
love lost,"Umair, Talha Anjum",20s,6yaF2WzaQpY00JnKPtOEB0,2024,2024-08-08,hip-hop,0.46081270958650955,0.6272144332137811,0.4641738040526425,0.7479910595260078,0.0
Afsanay,"Young Stunners, Talha Anjum, Talhah Yunus",20s,05sqcYfU2wMlKwPVJ0rotq,2021,2021-03-29,hip-hop,0.45680388214849105,0.8228453428975111,0.5268435345728014,0.5311228079627315,0.0
Laado,"MC SQUARE, Hiten",20s,0NuWRfZRWzn1oc9piFhK9n,2023,2023-08-30,hip-hop,0.5490069132229168,0.882621454189762,0.6500940045957803,0.6716855636055957,0.00015842583249243189
Downers At Dusk,"Talha Anjum, Umair",20s,5qolX8ncpZ8R6TfKbvTzbA,2023,2023-02-18,hip-hop,0.44778402041294935,0.8663188783827845,0.3774806768330896,0.7469870398428444,0.0
Ektarfa,King,20s,70wFZWY6cKFxp3Qcq8uxH4,2022,2022-05-20,hip-hop,0.47283919190056506,0.7489403325725464,0.34927929809901814,0.5983921267346737,1.1099899091826438e-05
Drippy,"Sidhu Moose Wala, Mxrci, AR Paisley",20s,4fnIORP0QTYTOMPqMKpJtF,2024,2024-02-02,hip-hop,0.6452187717353612,0.7500271709596783,0.4349279298099018,0.04367125178694169,0.0
Takeover,"AP Dhillon, Gurinder Gill, Money Musik, AR Paisley",20s,5DVnSQ90r2M3gm6XbgTCLp,2020,2020-12-23,hip-hop,0.7534571125618612,0.7924138680578199,0.21558387298934611,0.0713821950422492,0.0
Haryana Hood,Irshad Khan,20s,1RdrAqXa2fUj2XytsKaUwl,2022,2022-12-27,hip-hop,0.6231702208262594,0.7130746657971959,0.6417380405264258,0.2379490604790433,0.0
Rubicon Drill,"Laddi Chahal, Parmish Verma, Gurlez Akhtar",20s,03yKEFruN3BS2coglBtt2N,2022,2022-11-16,hip-hop,0.7464416645453288,0.8793609390283665,0.7649885105494046,0.1877480763208775,0.0003451059535822402
Kaun Talha,"Talha Anjum, Umair",20s,0euDWZG2g1Cw12TDyLQUKu,2024,2024-06-10,hip-hop,0.5590289818179632,0.6782958374089774,0.34719030708167953,0.056321899794799464,1.6750756811301715e-05
An Irish Pub Song,The Rumjacks,10s,5UGJICh0UfvXTansc82A1k,2010,2010-09-22,punk,0.8496689710743056,0.6206934028909902,0.7399206183413412,0.07529787180658613,4.026236125126135e-06
What's Left of the Flag,Flogging Molly,00s,5dDDlK2uYeRo0DmvJGfIDW,2002,2002-03-19,punk,0.9589095187603102,0.1631344419084882,0.5728013369542511,0.00306869579981719,3.4106962663975785e-05
My Son John,Smokey Bastard,10s,6PxC0ilHOSZGO6ASrktNv4,2011,2011-02-16,punk,0.5069142251237224,0.8358874035430931,0.9059954042197619,0.8734935199214222,0.0
The Cruel Wars,The Dreadnoughts,10s,6BadR8UdEijDv01ZafyO62,2011,2011-06-08,punk,0.48286126049561134,0.8380610803173568,0.7430541048673491,0.7700794925556007,0.0
Rose Tattoo,Dropkick Murphys,10s,4bLKGUkVRxIyrN1770DdDm,2013,2013-01-08,punk,0.9138102100826019,0.28703401804151724,0.6051806977229998,0.02198442663061406,0.0
Arrive On St. Patrick's Day,Sir Reg,10s,0E4tTwpmHQTXQbI9Ov7V2S,2010,2010-04-06,punk,0.9589095187603102,0.5674383219215302,0.9728431167745979,0.11947473786577203,3.7134207870837538e-06
Salty Dog,Flogging Molly,00s,5cttYnhe480emw7rofGZQ6,2000,2000-03-07,punk,0.9358587609917037,0.3413759373981089,0.7796114476707751,0.007446221618409248,0.00018567103935418768
A Fistful O' Roses,The Rumjacks,10s,34m9v482iwNV9QHWfzNFq0,2016,2016-08-05,punk,0.9749448285123843,0.37615476578632756,0.8151242949655317,0.002928133044174326,0.04994954591321897
Drunken Sailor,Blaggards,00s,4CkIURmNRubxc12llcAiuh,2005,2005-01-01,punk,0.7534571125618612,0.4370177154657103,0.9059954042197619,0.02118121088408341,0.00043390514631685165
The State Of Massachusetts,Dropkick Murphys,00s,0kXpvPNNjjPsEGRg3SE0xW,2007,2007-09-18,punk,0.9689315873553564,0.36854689707640476,0.6072696887403384,0.0009451941699267772,5.761856710393542e-06
Fight Song,The Stanfields,10s,35DtVain6n4J5hAb0wDNZz,2015,2015-09-18,punk,0.9047903483470603,0.4370177154657103,0.8339252141215793,0.005398021464756083,0.006286579212916247
The Worst Day Since Yesterday,Flogging Molly,00s,5S1qWBPGQoktlmFd6bj3JY,2000,2000-03-07,punk,0.48987670851214377,0.3131181393326812,0.3461458115730102,0.28815004463720906,2.108980827447023e-06
"Cheer Up Love (Worse Things Happen at Sea), Pt. 3",Smokey Bastard,10s,1geM10YkSCzsCIFen0LQvW,2011,2011-02-16,punk,0.9077969689255742,0.5620041299858711,0.8057238353875079,0.05090019350571756,0.0
How To Fly,Sticky Fingers,10s,6I3Evf3nNhxFA5lSM37Y0v,2013,2013-03-08,reggae,0.6452187717353612,0.6717748070861863,0.52893252559014,0.1616435645586313,0.0017961654894046418
Smokin' Love (with Collie Buddz),"Stick Figure, Collie Buddz",10s,3D7cUXDEKLAFsoD10QRoiR,2015,2015-11-13,reggae,0.6251746345452687,0.765242908379524,0.8579486108209735,0.4096364262999703,0.0013218970736629666
Doin' Time,Sublime,90s,4eamJr2k9YDH8j58RSTmSc,1996,1996-07-30,reggae,0.7584681468593844,0.7054667970872731,0.5456444537288491,0.03634190809984948,0.0
Love Me Easy,"ANORA, Stick Figure, Walshy Fire",20s,11Y4VVU6MTBtuSO116rsfG,2022,2022-03-04,reggae,0.6522342197518937,0.6717748070861863,0.42239398370587006,0.07088018520066754,0.03299697275479314
That's Not True,"Skip Marley, Damian Marley",20s,4MbHdE6u1WVqqzwbHLkKUL,2020,2020-08-28,reggae,0.7294041479337501,0.7076404738615368,0.866304574890328,0.15361140709332477,0.0
Falling Down (with Nick Hexum of 311),"Tropidelic, 311",20s,5A9xSuOZGQJNdRGEWVNGeI,2022,2022-08-05,reggae,0.7724990428924492,0.647864362569286,0.7033632755379151,0.09276781429362783,0.0
This Joint,Slightly Stoopid,00s,6wxGZ8D8lAuJpocaTAVVyL,2005,2005-04-19,reggae,0.7273997342147408,0.7848059993478971,0.9728431167745979,0.24196513921169657,0.002058526740665994
Warning (feat. Stick Figure),"Pepper, Stick Figure",10s,29JOtyhGMv2gfikATHJlCF,2019,2019-06-28,reggae,0.5279605691733197,0.8065427670905337,0.5122205974514309,0.019273573486073104,0.11907164480322906
Feeling Good,Dirty Heads,10s,51Fyd9vJHLRRjQ4egVPrZi,2016,2016-07-15,reggae,0.8045696623965973,0.6141723725681991,0.8527261332776269,0.015458298690052509,2.1695257315842583e-06
Gold Snafu,Sticky Fingers,10s,01agKeBhkaFQuGJkVzdI2K,2014,2014-08-01,reggae,0.8506711779338102,0.6532985545049452,0.8454146647169417,0.00459480571822543,0.00010797174571140262
World on Fire (feat. Slightly Stoopid),"Stick Figure, Slightly Stoopid",10s,35cWnQKyLjmzkq81M51D9n,2019,2019-08-30,reggae,0.5389848446278706,0.8804477774154983,0.7440986003760184,0.3343349500627216,0.12916246215943492
Sounds Of Summer (with Slightly Stoopid),"The Movement, Slightly Stoopid",20s,2B1UZhUKvBrRMZ4Er4OMXm,2022,2022-07-29,reggae,0.6512320128923891,0.6685142919247908,0.7973678713181533,0.03242623133551255,6.266397578203835e-05
Guajira Linda,"Putumayo, Cuba Quartet",20s,5OQwViMEUmRj84yt18boI2,2024,2024-01-12,jazz,0.3926626431401948,0.7771981306379742,0.9749321077919365,0.4076283869336437,0.9556004036326942
Congo Mulence,"Machito & His Orchestra, Candido Camero, Paul Cohen, Curtis Fuller, Joe Newman, Herbie Mann, Cannonball Adderley, Doc Cheatham",10s,75TW2yJ4zK8VDkpbMWOamE,2011,2011-04-05,jazz,0.4778502261980882,0.8076296054776656,0.7890119072487989,0.8263045948127463,0.7346115035317861
Jive Samba,Los Poboycitos,20s,24Xe8vNaCwS9xb0cGnPVZC,2020,2020-10-23,jazz,0.5319693966113381,0.7043799587001413,0.9582201796532275,0.017265534119746476,0.7305751765893037
El Sabroson,Poncho Sanchez,90s,7hyuo1wVkmCaMrC4Kw3sXe,1991,1991-01-01,jazz,0.4497884341319586,0.6250407564395175,0.7952788803008147,0.5672675165566108,0.15237134207870837
Adios Guajira,Jesús Alejandro El Niño,20s,1CaGh5Vtn4TP0LDCY5bcqW,2022,2022-07-29,jazz,0.48586788107412526,0.856537332898598,0.69605180697723,0.4738936860224225,0.00025025227043390516
Cha Cha Cha,Tito Puente,90s,0lEj1NNFCMneNdwTM2Hpot,1990,1990-01-01,jazz,0.3796339539666346,0.6967720899902184,0.5383329851681639,0.8032121420999901,0.1917255297679112
La Melodía,"Putumayo, Guaschara",20s,4vESuxrm5MRpzm3KgGqElv,2024,2024-02-23,jazz,0.5900973944626066,0.8674057167699163,0.9352412784625027,0.6144564416652867,0.0006125126135216953
Bessoka - Version Courte,Manu Dibango,20s,0VvBih4iJKWKYYoB2N42Zf,2022,2022-07-29,jazz,0.4708347781815558,0.7826323225736334,0.6772508878211825,0.5833318314872239,0.7093844601412714
Hægt en bítandi,Tómas R. Einarsson,00s,6h8tulrA0y64CVCi4rGG9z,2003,2003-01-01,jazz,0.4237310557848382,0.80436909031627,0.8589931063296428,0.2761018084392493,0.7527749747729566
Requiem de l'Amour,Mel Malonga,20s,7B23wRrRkviDcF19JaTuK2,2022,2022-07-29,jazz,0.4127067803302873,0.7293772416041735,0.752454564445373,0.7600392957239676,0.0019374369323915239
Chan Chan,Armando Garzon,10s,2LTzLilSeP1fzxtEHXNXp4,2017,2017-05-26,jazz,0.6061327042146807,0.6554722312792088,0.5707123459369124,0.03242623133551255,0.012916246215943492
Píntame un Son,"Putumayo, Dany Martinez & His Charanga",20s,2bbu6tc1KCnixRtYXBQ6aC,2023,2023-09-14,jazz,0.6712761500824816,0.7141615041843278,0.9822435763526217,0.5140544733489552,0.002956609485368315
Condena,"Francisco Canaro, Roberto Maida",10s,6ugv4VLh1ZAbR4szf0R67y,2016,2016-04-26,latin,0.20925878785084756,0.6554722312792088,0.8119908084395238,0.8674694018224423,0.09838546922300707
La Maleva,"Francisco Canaro, Orquesta Francisco Canaro",10s,7apoDq0Xj7akeWRRbP5grB,2014,2014-08-08,latin,0.3565831961980281,0.5054885338550158,0.69605180697723,0.8925698939015252,0.5317860746720484
Mi Dolor,Alfredo De Angelis,00s,59Vy7LINo9z0Wcf6T71RlJ,2009,2009-04-16,latin,0.39967809115672714,0.6369959786979676,0.8558596198036348,0.8142563586147866,0.17457114026236123
Bahia Blanca,Carlos Di Sarli,10s,3pxJbhiBdEnKvR8ZLkGbbL,2012,2012-05-11,latin,0.26638457884261146,0.43919139223997394,0.5331105076248173,0.8524091065749926,0.8143289606458124
El escondite de Hernando,Florindo Sassone Y Su Orquesta,90s,10pyp1vuAbabWjax1doOic,1998,1998-01-01,latin,0.332530231569917,0.5522225845016846,0.41508251514518485,0.6034122251504902,0.6801210898082746
A la Gran Muñeca,Alberto Di Paulo,10s,7iyGvA9VupqQUesblipqyI,2015,2015-07-15,latin,0.28141768173518095,0.4913596348223019,0.5205765615207855,0.9146583269311181,0.8849646821392533
Yunta de Oro,Color Tango,00s,35rYbgueLPPuYDtDD3Eavk,2005,2005-03-22,latin,0.2573647171070698,0.5087490490164113,0.4787967411740129,0.7449790004765178,0.5348133198789102
Buscándote,Romántica Milonguera,10s,7CPyHE7JRFBFvwTfuVdees,2017,2017-04-28,latin,0.35958981677654195,0.5120095641778067,0.7252976812199707,0.7861438074862137,0.0014127144298688194
Oigo Tu Voz,Romántica Milonguera,10s,6oFo6bwhvppeU6vhj0bChO,2017,2017-04-28,latin,0.33954567958644943,0.5804803825671123,0.5978692291623146,0.8403608703770328,0.0010696266397578205
To Vals Tou Gamou - Remastered,Orchestra Eleni Karaindrou,00s,1H7BOyh05zP91DY81hJS7r,2006,2006-04-14,latin,0.2443360279335096,0.32724703836539504,0.5310215166074786,0.29819024146884227,0.0
Iko Iko,The Dixie Cups,00s,0hc44Di7G79vgVhwEwgZbJ,2006,2006-12-13,world,0.6652629089254539,0.9293555048364309,0.9571756841445581,0.4327288790127266,0.00018768920282542887
La danse de Mardi Gras,The Balfa Brothers,90s,4DzulM7McOqTZ4OSmLJUmF,1990,1990-07-18,world,0.26438016512360224,0.5446147157917619,0.9258408188844789,0.5331308473290581,0.0
Sunrise,Tab Benoit,10s,6cVq1RHL5IDT1YSN7V1QkB,2011,2011-01-01,world,0.3776295402476253,0.6967720899902184,0.3022770002088991,0.20180435188516396,0.19071644803229063
I'm Coming Home (To See My Mother),Clifton Chenier,00s,75E2RVwx6dncaH51QTFAeU,2003,2003-01-01,world,0.42874209008236136,0.26964460384740785,0.39001462293712136,0.0580287332561771,0.0
Vibrator,Travis Matte And The Zydeco Kingpins,00s,5PEaP89NmTQwmNWc13qb6E,2005,2005-01-01,world,0.8426535230577732,0.4381045538528421,0.749321077919365,0.03443427070183918,0.0
Put n' Work,Chris Ardoin,10s,1usiAK3HyMC9JvejNZ0chp,2014,2014-02-25,world,0.7795144909089816,0.6891642212802956,0.9885105494046376,0.1104385607173022,0.0019475277497477297
My Toot Toot,Rockin' Sidney,90s,4eK4C08WN2EcgafAkulnEx,1991,1991-02-13,world,0.6502298060328844,0.7935007064449517,0.9853770628786296,0.29116210368669904,2.18970736629667e-06
Overcome,"Keith Frank, The Soileau Zydeco Band",00s,3n07oM6Fycdr43GqUwwZzg,2009,2009-05-26,world,0.8917616591735,0.7619823932181286,0.9415082515145186,0.11545865913311877,0.001907164480322906
Beast Of Burden,Buckwheat Zydeco,90s,7E0sFIAwWZQe7zjuIffVzC,1990,1990-01-01,world,0.39366484999969936,0.38593631127051403,0.509087110925423,0.21586062744945037,1.5640766902119072e-06
I Got Loaded,Lil' Bob & the Lollipops,90s,7fvNWjj5JCUfkwBfeXZY99,1991,1991-06-17,world,0.33052581785090773,0.5185305945005978,0.9728431167745979,0.825300575129583,0.8526740665993945
Valse a Bamboula,Latché Swing,10s,4vfhJ53ZusCl9XZ53LrBHj,2014,2014-02-14,world,0.33754126586744015,0.7793718074122379,0.7357426363066639,0.9638552914061206,0.939455095862765
Amor del Bajo Corrales,Cafe Accordion Orchestra,90s,1ULkKtUQyODQheFCYbuXHZ,1996,1996-01-01,world,0.3846449882641577,0.40984675578741436,0.7044077710465845,0.5070263355668119,0.8304742684157417
Lucciola,Patrick Saussois,90s,05U8k9atnWlMKB4ltqrQ5k,1996,1996-03-01,world,0.3405478864459541,0.8597978480599935,0.7848339252141217,0.8102402798821333,0.8768920282542886
Quel temps fait-il à Paris ?,Gus Viseur,00s,3bRYXLOSsmMFOj9bUiWOpd,2002,2002-01-01,world,0.09871537124748697,0.4761438974024562,0.3994150825151451,0.9929718622178568,0.8990918264379415
Il battagliero - Valzer,Riccardo Tesi,90s,0itNOpzVqzrKfgAwEHNBWs,1997,1997-01-01,world,0.6762871843800048,0.8098032822519292,0.8266137455608941,0.7951799846346836,0.756811301715439
Fiesta de negritos - Remastered,Lucho Bermúdez,20s,2K0lDBjj2ENflX7zPRMLHc,2023,2023-12-31,world,0.6201636002477455,0.5880882512770351,0.8976394401504074,0.09859112845597506,0.00014732593340060544
To Nie Vetier,Stars Of St. Petersburg,10s,2shxOVP4ZKOH9BZBgUCNwr,2012,2012-02-07,world,0.3385434727269448,0.3359417454624497,0.1800710256945895,0.8755015592877489,0.9323915237134208
Poso Lipame - Remix,"Sofia Vebo, Imam Baildi",00s,33G9nKPm1MJypkHATvuaxL,2007,2007-01-01,world,0.394667056859204,0.6924247364416911,0.5362439941508252,0.05561908601658514,0.019576185671039355
A Vaibele A Tsnien,Dave Tarras,00s,03bEE0edmcuf9iraKHlENO,2005,2005-06-20,world,0.394667056859204,0.40984675578741436,0.8349697096302485,0.9648593110892839,0.0
Paris au mois de Septembre,Tatiana Eva-Marie,10s,0yiceYla4AAbKxMDfUzHsv,2019,2019-07-14,world,0.3094794738013105,0.6098250190196718,0.5905577606016295,0.9136543072479548,0.03794147325933401
La Zingara,Cafe Accordion Orchestra,10s,0MWobJTLASCpmQ2a3yrCWJ,2013,2013-01-02,world,0.47885243305759284,0.44897293772416036,0.7252976812199707,0.6194765400811033,0.21493440968718466
Say What,"Rampa, Adam Port, &ME, chuala, Keinemusik",20s,73YTJNeXISV9QHMG82ZrwP,2024,2024-10-25,electronic,0.7223886999172177,0.7576350396696012,0.5654898683935659,0.09688429499459743,0.2532795156407669
Gabriel,"Hydawai, CMC$, Benji (UK)",20s,4Qo9UFzbsp5avmUs6Okpl6,2024,2024-06-28,electronic,0.8526755916528195,0.6630800999891316,0.05525381240860664,0.09166339264214819,0.03804238143289606
CORAÇAO - 20th Anniversary Mix,"Jerry Ropero, HUGEL, Mijangos, Jesús Fernández",20s,2KVAO2OAH6a9Tr2DqYL65g,2024,2024-08-09,electronic,0.8667064876858843,0.7663297467666559,0.15395863797785667,0.011843827830664571,0.7285570131180625
Another Life - Marten Lou Remix,"Naomi Sharon, Marten Lou",20s,7IQDLhMpgQ23GIHh550TT9,2023,2023-08-24,electronic,0.8276204201652038,0.6337354635365722,0.492375182786714,0.004072715482980506,0.7336024217961655
La Verdolaga (feat. Totó La Momposina),"HUGEL, Totó La Momposina",20s,0cgODPSGPfVKvJ3ZarsK70,2024,2024-06-28,electronic,0.9559028981817963,0.7750244538637105,0.38270315437643615,0.004454242962582566,0.525731584258325
Gorah,"Nitefreak, Emmanuel Jal",20s,49GpUfc9M09eGET6yBJUAj,2023,2023-11-03,electronic,0.7564637331403751,0.5848277361156397,0.08815542093168999,0.00013193822656449133,0.893037336024218
Pasilda - Knee Deep Mix,"Afro Medusa, Knee Deep",90s,2BUL7sF7y5oBYUQarVCukR,1999,1999-01-29,electronic,0.7845255252065048,0.7119878274100642,0.532066012116148,0.0001751110729405139,0.8890010090817356
Papi (Bhabi),Eden Shalev,20s,2jxJzUWxqX2fnQTD9lmi2x,2022,2022-12-02,electronic,0.6572452540494168,0.6663406151505272,0.32212241487361604,0.000575714926522677,0.5428859737638749
Nothing On Me,"Maz, APACHE (FR), MAXI MERAKI, Tabia",20s,1Rh8OSTma2g6BdfBYXiTrq,2023,2023-07-14,electronic,0.7464416645453288,0.6880773828931638,0.28452057656152074,0.0018437917863579451,0.8869828456104945
Makeda,Alice DiMar,20s,4kar5EtR271EvY3FIFsnJP,2024,2024-08-02,electronic,0.7404284233883011,0.5641778067601347,0.0975558805097138,0.0009692906423226968,0.6397578203834511
Andalucia,"HUGEL, GROSSOMODDO",20s,1FUUe1VbjWakX9nFfd0Qki,2024,2024-05-31,electronic,0.813589524132139,0.6554722312792088,0.07113014414038019,0.003972313514664174,0.7699293642785066
Baiana - Radio Edit,Space Motion,20s,3ZbWQHFEZGl77HC2a3berD,2024,2024-02-16,electronic,0.8747241425619213,0.7348114335398327,0.3325673699603091,0.002737369304373296,0.165489404641776
Hey Hey - Jack Back Remix,"Dennis Ferrer, Jack Back, David Guetta",20s,1MLxfMNuBOYnCbZDMhb1Zl,2024,2024-02-02,electronic,0.7785122840494769,0.6663406151505272,0.4349279298099018,0.005367900874261183,0.17558022199798182
Ode Ireti - Nitefreak Remix,"&friends, Nitefreak, eL-Jay, Oluwadamvic",20s,40UBIQiUwe6Or8rUKRlG0N,2022,2022-10-07,electronic,0.7093600107436575,0.6696011303119227,0.5811573010236056,0.013249455387093214,0.08486377396569121
Sawa,"Ahmed Spins, Idd Aziz",20s,3eNQJg5bmvpBLlOW0LDqhE,2020,2020-07-10,electronic,0.7153732519006852,0.6924247364416911,0.0390641320242323,0.09949474617082205,0.0084460141271443
Yumi - edit,Notre Dame,20s,6PK96Y20GrGeiU8yptYGfl,2023,2023-06-23,electronic,0.8125873172726343,0.6369959786979676,0.17380405264257362,0.008249437364939901,0.38042381432896066
Milkshake 20 - Alex Wann Remix,"Kelis, Alex Wann",20s,49wEdWGkL2CcOrXEKklXtJ,2023,2023-09-12,electronic,0.902785934628051,0.615259210955331,0.09442239398370586,0.48794996158670895,0.9374369323915238
Banho de Folhas - Maz Remix,"Luedji Luna, Maz",20s,41TZ7YP0hzQLnZ3pL0x7uz,2022,2022-04-06,electronic,0.9158146238016112,0.7554613628953375,0.3304783789429705,0.027606936856328628,0.7709384460141272
Halele - Alex Wann Remix,"&friends, Samuel Cosmic, Oluwadamvic, Alex Wann",20s,5XlPOZNYfOZK7mEc6T450x,2023,2023-10-27,electronic,0.9128080032230973,0.6065645038582763,0.4432838938792563,0.1616435645586313,0.2330978809283552
Somebody’s Watching Me,"ItsArius, Lynnic, Dinia",20s,4BGbzOXgQqfhHUeqSJ1x9E,2024,2024-07-26,electronic,0.6542386334709029,0.6446038474078905,0.04689784833925213,0.42971681996323663,0.02754793138244198
It's Not Right - Radio Edit,"Gianni Romano, Emanuele Esposito, Helen Tesfazghi",20s,7x0RIQjVXoCyapWthlRG69,2023,2023-01-13,electronic,0.7273997342147408,0.6967720899902184,0.09651138500104449,0.13252699374689514,0.04641775983854692
Your Voice - Adam Port Remix,"Caiiro, AWEN, Adam Port",20s,1Rv6Lfdcny3Avjmpm4W4YM,2022,2022-08-19,electronic,0.8175983515701575,0.6978589283773503,0.18529350323793609,0.011241416020766582,0.4167507568113017
Anchor Point,"Ahmed Spins, Stevo Atambire",20s,6tE5zuD7eC7cV2O1IyjRLX,2022,2022-06-03,electronic,0.7955498006610556,0.67394848386045,0.375391685815751,0.39056005231986735,0.5146316851664985
Dancing Nihilist,Pathetic,20s,0NDwFmgihsIRmkblqpI6BY,2023,2023-08-25,electronic,0.8797351768594445,0.5022280186936202,0.5571339043242114,0.15863150550914135,0.000301715438950555
Xtal,Aphex Twin,90s,7o2AeQZzfCERsRmOM86EcB,1992,1992-02-10,electronic,0.5059120182642178,0.4902727964351701,0.3012325047002298,0.3433711272111915,0.9687184661957619
̸ ̡ ҉ ҉.·๑ඕั ҉ ̸ ̡ ҉ ҉.·๑ඕั ҉ ̸ ̡ ҉ ҉.·๑ඕั ҉ ̸ ̡ ҉ ҉.·๑ඕั ҉ ̸ ̡ ҉ ҉.·๑ඕั ҉ ̸ ̡ ҉ ҉.·๑ඕั ҉ ̸ ̡ ҉ ҉.·๑ඕั ҉,⣎⡇ꉺლ༽இ•̛)ྀ◞ ༎ຶ ༽ৣৢ؞ৢ؞ؖ ꉺლ,10s,7n8HTBeizZPBpRHWq8ZQDT,2018,2018-03-15,electronic,0.8015630418180835,0.647864362569286,0.08188844787967411,0.033831858891941194,0.8960645812310797
Adrift,Yamaneko,10s,1MNeQQdOIw8hhPXGq1UFXC,2014,2014-11-24,electronic,0.1280800322309726,0.5565699380502119,0.24378525172341758,0.9528110748913241,0.9636730575176589
awakenin,RAMZi,20s,4IgPr26PoLGpBliaxKkFPX,2022,2022-11-28,electronic,0.4447773998344355,0.4413650690142376,0.9686651347399206,0.910642248198465,0.9404641775983855
Night Arp Blues,Indian Wells,20s,2ZFs2wbwnljTAS9fSJJ6oH,2020,2020-10-22,electronic,0.3064728532227966,0.634822301923704,0.18947148527261332,0.9618472520397939,0.9172552976791121
Sink,7038634357,20s,3y0Cmt1jm5sZs1b7W3gbdp,2022,2022-09-22,electronic,0.23732057991697716,0.33268123030105423,0.8005013578441613,0.9889557834852035,0.9727547931382442
Red Curbs Loop (Stuff I Dream About),Teebs,10s,0AN2xmTFDLOIrFUAwEO8oB,2011,2011-11-07,electronic,0.6662651157849585,0.22399739158787088,0.1654480885732191,0.10742650166781224,0.8627648839556004
Vizion - Centered,Machinedrum,10s,4psFH89XQgLijX8kuAbFgU,2014,2014-11-17,electronic,0.40468912545425034,0.21204216932942072,0.08606642991435137,0.8925698939015252,0.9374369323915238
Memory Arc,Rival Consoles,10s,0SDh7AAKlUSzzzXfuB1aVw,2018,2018-04-13,electronic,0.20424775355332442,0.07292685577654602,0.010131606434092333,0.8142563586147866,0.8415741675075681
Sol,Dinamarca,10s,2nzw5ghlLsOKEqD4EuH6qO,2018,2018-06-15,electronic,0.9248344855371529,0.6239539180523856,0.17693753916858157,0.47590172538874914,0.7527749747729566
2008,Pathetic,20s,6SzHmot5W9edcb47mFtinf,2023,2023-01-20,electronic,0.9158146238016112,0.5065753722421475,0.9717986212659285,0.006813689218016358,0.934409687184662
Pulsewidth,Aphex Twin,90s,643gyipSU7dkmrFhJ8UAIm,1992,1992-02-10,electronic,0.4868700879336299,0.7674165851537876,0.28556507207019005,0.4216846624979301,0.8839556004036327
()vȯ)) ̷̨ʅ(۝ʅ(Ɵʅ():::()̵̳̗̊(Ɵʅ()vȯ)) ̷̨ʅ,⣎⡇ꉺლ༽இ•̛)ྀ◞ ༎ຶ ༽ৣৢ؞ৢ؞ؖ ꉺლ,20s,55meeb1WffJW16DfMnWVi0,2022,2022-08-19,electronic,0.9318499335536853,0.8619715248342571,0.21558387298934611,0.012747445545511556,0.49848637739656915
Heroine,Dimitri Vegas & Like Mike,20s,0Hu7MIDZWEiipqaN2UBCet,2024,2024-10-11,electronic,0.9899779314049537,0.4880991196609064,0.2542302068101107,0.09367143200847482,0.8113017154389506
Falling In Love,"Hardwell, Outsiders",20s,5L5kU9WFu7IPZQXzzxaRQV,2024,2024-10-11,electronic,0.8526755916528195,0.17400282577980652,0.12784625026112387,0.10039836388566904,0.13319878910191726
WELCOME 2 DA RECORDSHOP,Rooler,20s,5rg0MR5PFc1gUbI2E9aOxH,2024,2024-11-07,electronic,0.9939867588429723,0.5598304532116074,0.3973260914978065,0.012948249482144219,0.00010090817356205853
DON'T SLEEP,"Slaughterhouse, N-Vitral, Deadly Guns",20s,2ftrEmzMbleD2rMmAAI6vh,2024,2024-09-20,electronic,0.8997793140495371,0.5130964025649386,0.2792980990181742,0.07640229345806579,0.00012108980827447024
The Age Of Love - Brennan Heart & ANDY SVGE Remix,"Age Of Love, Brennan Heart, ANDY SVGE",20s,4h1igBodAXxo1IKsbV5h4Q,2024,2024-11-01,electronic,0.9759470353718889,0.47397022062819255,0.29914351368289116,0.00039398736387011676,1.2008072653884965e-06
New Perspective,"Frontliner, The Prophet",20s,5EO871vyXKMVLTRTCYmjtK,2024,2024-11-15,electronic,0.9128080032230973,0.4000652103032279,0.20618341341132235,0.02901256441275727,0.005297679112008073
Ride Or Die,"Ran-D, Rebelion",20s,57uOEl0RYTSpWbd6GZH6Xe,2024,2024-11-07,electronic,0.9528962776032824,0.3946310183675687,0.24378525172341758,0.0055385842203989465,0.0
Redemption & Rage,"Radical Redemption, Act of Rage, GLDY LX",20s,3sIUP0aAQNHectEBIPG7LW,2024,2024-10-25,electronic,0.9368609678512084,0.5109227257906749,0.6991852935032379,0.028008544729593958,0.0
Off My Face,"Toneshifterz, Colin Hennerz, Audiofreq, Code Black, 3Blokes",20s,5QlIuFcyEU52OGWpSjVfdv,2024,2024-11-14,electronic,0.8967726934710232,0.6913378980545593,0.7796114476707751,0.0012514201732915886,0.6064581231079718
Do What I Wanna Do - Rave Mix,"LNY TNZ, Lil Jon",20s,3ezo0jCOQpT3aTSsbJ0BiK,2024,2024-10-18,electronic,0.961916139338824,0.5859145745027714,0.06340087737622728,0.02740613291969597,0.0
Defiance,"Wildstylez, Sound Rush",20s,05uemG3jbWdpnyPKuqyL2p,2024,2024-10-25,electronic,0.7273997342147408,0.3076839473970221,0.13097973678713182,0.007586784374052111,1.0696266397578203e-06
Wanna Play?,The Prophet,10s,6iBL6TOzsO75Yz0cG1MO0o,2019,2019-05-22,electronic,0.9979955862809907,0.5543962612759482,0.4505953624399415,0.198792292835674,0.011503531786074673
Drop That,Lil Texas,20s,08XCFa4gCODqSy6FDv2Uhs,2024,2024-10-25,electronic,0.9789536559504027,0.6239539180523856,0.39105911844579067,0.0013116613542813876,0.00035418768920282545
Live Forever,Headhunterz,20s,5DYMuWtQyr1J9Af0SMrDz8,2024,2024-11-01,electronic,0.8787329699999399,0.3022497554613629,0.09964487152705243,0.00576950874752651,0.03087790110998991
Save Me,"Sub Zero Project, Rebelion",20s,50cHsbjIjPC8CGKkfaDKSJ,2024,2024-10-03,electronic,0.9037881414875556,0.40549940223888703,0.18947148527261332,0.0025365653677406333,0.007547931382441977
Turn The Tide,"Felix Harrer, Jerome",20s,13eAJfjMoCMJmwzJPLBy6a,2024,2024-05-31,electronic,0.918821244380125,0.5706988370829258,0.3983705870064758,0.01565910262668517,0.0004853683148335015
Woops - Dimitri Vegas & Junkie Kid Remix,"Dj Bountyhunter, Dimitri Vegas, Junkie Kid",20s,3s0ddyP32ZZMCXQT70UQYJ,2024,2024-10-18,electronic,0.988975724545449,0.6837300293446364,0.25736369333611864,0.10441444261832229,0.8789101917255298
Keep on Moving,Jordiz,20s,570np7INhblFuffFDsgPzi,2021,2021-06-25,electronic,0.9518940707437777,0.4761438974024562,0.5508669312721957,0.07017737142245323,0.00013017154389505548
Crossover,"Da Tweekaz, Used, LePrince",20s,5akcGPiFXnd71DRbnyFM0d,2024,2024-10-18,electronic,0.9679293804958519,0.3728942506249321,0.7848339252141217,0.004835770442184625,1.9273461150353177e-05
Now We Are Free,"Brennan Heart, Timmy Trumpet, Blademasterz",20s,2oIgEdj37KobaBDji7Ulj9,2024,2024-09-20,electronic,0.6833026323965372,0.19356591674817952,0.058491748485481505,0.0035205046572406827,0.8799192734611504
Open Sesame (Abracadabra) - D-Block & S-te-Fan Remix,"Maddix, Leila K, D-Block & S-te-Fan",20s,50Sc0h3OULBSUjBir1X0K3,2024,2024-05-03,electronic,0.9969933794214861,0.5272253015976525,0.0507624817213286,0.03242623133551255,0.00033905146316851666
TAKE ME AWAY,"Rooler, Sickmode, Paul Elstak",20s,66exMOdOYDvytfS9RQXiXq,2024,2024-05-23,electronic,0.9118057963635927,0.40549940223888703,0.2291623146020472,0.0007504143513930939,0.08456104944500505
Moonlight Shadow,"W&W, Groove Coverage",20s,0R2KmlsyojxoYG8wxcd5XX,2021,2021-11-26,electronic,0.921827864958639,0.4326703619171829,0.3764361813244203,0.013751465228674872,3.4611503531786075e-05
Ratata - Outsiders Remix,"La Fuente, Outsiders",20s,7BZoKv8WjQJ46aBkpIkicg,2024,2024-06-07,electronic,0.9929845519834676,0.6141723725681991,0.28347608105285144,0.008721326616026658,0.0017053481331987892
Dangerous,"Basswell, So Juice",20s,0yAVKaQr7UxS9PCixQCwYs,2024,2024-04-19,electronic,0.9609139324793194,0.7739376154765787,0.3461458115730102,0.1295149346974052,0.21493440968718466
Hard Beat,"TNT, Darren Styles, Technoboy, Tuneboy",20s,7Gs5hS0rQsdE5GVjovT5rm,2024,2024-07-11,electronic,1.0,0.5033148570807521,0.09860037601838312,0.0008939891660854481,0.5691220988900101
Behind Enemy Lines,"Ran-D, D-Block & S-te-Fan",20s,0r3hUPdNI7fhxCyFpJbsYX,2024,2024-10-25,electronic,0.9649227599173379,0.42723616998152375,0.12993524127846248,0.016462318373215823,3.4207870837537836e-05
Weekend!,Jordiz,20s,1lV8sXL01UVaw6g0fawtsC,2021,2021-03-26,electronic,0.94588082958675,0.47940441256385175,0.39105911844579067,0.03794833959291079,0.1493440968718466
Burning Down,Dual Damage,20s,1Es2uLFDtB3xHrjv7V2H9J,2024,2024-07-25,electronic,0.9719382079338703,0.5152700793392022,0.372258199289743,0.0602375765591364,0.0010090817356205853
DOWN DOWN,"Sickmode, Rooler",20s,6H4mOpaopoXbLkf12GEhe4,2022,2022-12-08,electronic,0.910803589504088,0.5630909683730029,0.9394192604971799,0.14156317089536496,0.0
Hit The Floor,"Bloodlust, Holy Priest",20s,5YNlE7p0YICNhoCohD5U4P,2024,2024-06-20,electronic,0.9949889657024769,0.5870014128899033,0.15918111552120323,0.08975575524413788,0.008304742684157417
Gimme Bass,Outsiders,20s,29mAlA42YLtpgMDWBmKb17,2022,2022-10-27,electronic,0.9158146238016112,0.3641995435278774,0.059327344892416964,0.007345819650092916,0.0005438950554994955
FCK DAT!,"Rooler, Kronos",20s,5nvs5WItsAmnmnWqWfwTWJ,2023,2023-06-08,electronic,0.9819602765289167,0.4196283012716009,0.1873824942552747,0.003219298752291688,0.0004772956609485368
Anadrol,Yosuf,20s,6EXi0RWDxqvxDEHFbqR7XB,2022,2022-03-17,electronic,0.9679293804958519,0.26203673513748504,0.14664716941717154,0.0010606564334905587,0.33602421796165494
DLMD,"Darren Styles, TNT, Technoboy, Tuneboy",20s,2d9EgBM9F09IkEG8t9T6L8,2020,2020-04-16,electronic,0.991982345123963,0.4652755135311379,0.13724670983914772,0.0005937872808196166,0.8506559031281533
I Like To Move It,"AXMO, le Shuuk, LePrince",20s,11mihFv2UTOzdDD9DrStYu,2023,2023-06-23,electronic,0.9067947620660695,0.4891859580480382,0.19573845832462922,0.005749428353863243,5.590312815338042e-05
Rave Mozart,"W&W, Vini Vici",20s,2LthmFrSphvy9i4ZbCOvrw,2024,2024-05-03,electronic,0.937863174710713,0.6272144332137811,0.11635679966576142,0.019875985295971097,0.9334006054490415
Trip to Valhalla,Dr. Peacock,20s,2D9WT9MeG07a26kKU9IGEb,2021,2021-02-19,electronic,0.9899779314049537,0.5522225845016846,0.035303948193022766,0.023289652218726368,0.03541876892028254
Melody Of The World,"Dimitri Vegas & Like Mike, Loic D, Ronald-V",20s,5f2MGMo8ARWb6WojaODeAY,2024,2024-09-06,electronic,0.8977749003305279,0.2968155635257037,0.1497806559431794,0.02188402466229773,0.014732593340060544
GO STUPID,Sickmode,20s,4qfD7xjF4ZhteeAc6B7TjA,2022,2022-04-07,electronic,0.8657042808263796,0.5413542006303663,0.45372884896594945,0.015157092785103514,0.008476286579212915
I Want It All,Da Tweekaz,20s,5SuWRkFDofAjJbOXrghgnc,2023,2023-10-27,electronic,0.9268388992561621,0.4772307357895881,0.5801128055149363,0.028510554571175614,0.0
I Like To Party,"AXMO, DJ Junior (TW)",20s,7piw0SrFyHjJwOivGxdrnb,2022,2022-09-16,electronic,0.8045696623965973,0.537006847081839,0.3534572801336954,0.002325721234276337,1.0696266397578203e-06
Come With Me,"W&W, Harris & Ford, Special D.",20s,1uIBzJWcxbUSMX4OFi7XwQ,2022,2022-07-08,electronic,0.9909801382644583,0.6706879686990546,0.5466889492375183,0.04437406556515601,0.002219979818365288
See You Tomorrow,Evgeny Grinko,20s,63UlcXS3kWJXph9FL5zeWA,2021,2021-10-29,classical,0.02785934628050968,0.6304749483751767,0.38688113641111344,0.9748995079209171,0.40060544904137235
Camping,Jóhann Jóhannsson,10s,5KNZME6ZAXNA4Ce6iOedU5,2014,2014-11-04,classical,0.1070336881813754,0.3348549070753179,0.12157927720910798,0.8654613624561157,0.934409687184662
Ultraviolet,James Heather,20s,26g48sI8nJSWGtLecKZrej,2022,2022-04-22,classical,0.06203460018961754,0.2055211390066297,0.01065385418842699,0.9919678425346935,0.8809283551967709
Dreamy,Hania Rani,20s,5Sxq3lE3BHAko3mVEr911J,2023,2023-02-17,classical,0.06955115163590227,0.47397022062819255,0.25736369333611864,0.9638552914061206,0.9061553985872856
Reflections,Borrtex,10s,49gFdRRGI5UMHb8j3VnD9x,2019,2019-12-15,classical,0.1340932733880004,0.5522225845016846,0.03613954459995821,0.9939758819010202,0.9293642785065591
Beving: Ala,Joep Beving,20s,1ZC21hJb2GASRkaoZvUcCS,2021,2021-08-06,classical,0.11605354991691706,0.28812085642864904,0.2813870900355128,0.9899598031683668,0.934409687184662
Cornfield Chase - Piano-Cello Version,"Michael Forster, Anna Stevens",10s,0dn7lN2ky5BnUJNoELXh3i,2018,2018-02-23,classical,0.21627423586737995,0.2892076948157809,0.08293294338834342,0.980923626019897,0.8688193743693239
Le début du bonheur - Instrumental,Daprinski,10s,3qemXCyfoKZJctzeEqKUHF,2017,2017-07-12,classical,0.23230954561945405,0.24790783610477118,0.45999582201796524,0.907630189148975,0.9556004036326942
Le Onde,Ludovico Einaudi,90s,1ULzttQgU3Q9EaIpdoxF1T,1994,1994-10-01,classical,0.15413741057809296,0.1990001086838387,0.020158763317317734,0.9789155866535704,0.905146316851665
Upper Egypt & Lower Egypt - Medley,Pharoah Sanders,90s,2gbnEaRAcPw30t7RHYczNd,1993,1993-01-01,jazz,0.34155009330545866,0.3424627757852407,0.2698976394401504,0.5783117330714073,0.5660948536831484
Mantra,Alice Coltrane,90s,4rvCjwCgYBvg7RkagLCPxb,1996,1996-01-01,jazz,0.5640400161154863,0.29790240191283557,0.13411322331313977,0.6475890912096761,0.7295660948536832
Been So Long,"Neon Vectors, Macross 82-99",20s,73x6Tbojr86Olrm6UDuW0g,2023,2023-01-20,funk,0.8396469024792593,0.6663406151505272,0.8172132859828704,0.1485913086775082,0.4167507568113017
FUTURE//PAST,Remlarr,20s,2LghpngOHU5qpDfbHJ0zfG,2023,2023-06-23,funk,0.8476645573552963,0.7424193022497555,0.47148527261332773,0.029715378190971593,0.010494450050454086
Love,BarbWalters,20s,0xDiRlDbx5ZBrPTNd9NzW8,2023,2023-07-14,funk,0.902785934628051,0.5859145745027714,0.6542719866304575,0.004484363553077466,0.3380423814328961
I'm Attached To You,ED.,20s,38uw4VpUQYt1LsQorzbA61,2023,2023-05-19,funk,0.7724990428924492,0.7250298880556462,0.2312513056193858,0.0001419784233961245,0.06972754793138243
Whatever Man,CHANCE デラソウル,20s,3jim3ox58BPIlAt79MMOuU,2023,2023-06-02,funk,0.9488874501652639,0.4935333115965656,0.34510131606434086,0.0005967993398691066,0.04813319878910192
Excuses - 2023 Remaster,"Tupperwave, Meltnet",20s,3uF5YHZgbzJhLhk5cQDeNn,2023,2023-04-11,funk,0.5540179475204401,0.8554504945114662,0.45268435345728014,0.39357211136935727,1.1705348133198788e-06
HELLO TODAY!!,yuugen,20s,64eUOFd9i8CXRVZUhRXlXh,2022,2022-01-07,funk,0.7905387663635325,0.7337245951527008,0.6500940045957803,0.03463507463847185,0.0071442986881937445
They Should've Let Me Host Family Feud,Engelwood,20s,5vxsAuIK8hY7IS1DCZpQFo,2023,2023-07-07,funk,0.9228300718181436,0.7837191609607652,0.8287027365782327,0.009574743346715478,0.8779011099899092
Fly with Me,サクラSAKURA-LEE,20s,0qquh09j70YeZeg5aKaPYe,2023,2023-06-28,funk,0.8366402819007454,0.8924029996739485,0.6187591393357009,0.0003718989308405238,0.0
So Sunny,SUPERCAT64 ビンクス猫,20s,16agwz0BRxMWoQIUHoZOcc,2023,2023-07-21,funk,0.5820797395865696,0.9532659493533312,0.8339252141215793,0.0007785269025216666,0.41271442986881934
Million Miles Away - Edit,"Vantage, Milk Talk",20s,3bVVmBBPPQ47Go4NkGC3XW,2023,2023-07-05,funk,0.8476645573552963,0.6804695141832411,0.7681219970754126,0.015458298690052509,0.009253279515640766
Night Cross,"Zai Kowen, Brayan Rojitas",20s,5TbjIor0t2AIA33MdRIPng,2023,2023-07-10,funk,0.7334129753717686,0.7315509183784371,0.3597242531857113,0.0011008172208170912,0.934409687184662
There's Something,"Neon Vectors, Macross 82-99, Vantage",20s,2I5LFMDqP747SrYJv5HWun,2023,2023-01-20,funk,0.8947682797520139,0.641343332246495,0.8182577814915395,0.003691188003378446,0.6256306760847629
New Romantic (feat. Maki Nomiya),"Night Tempo, Maki Nomiya",20s,3QcM6ch2eQqWJgjtpIZvm7,2023,2023-05-31,funk,0.9318499335536853,0.7043799587001413,0.9759766033006058,0.11445463944995546,0.44399596367305755
Stasis,BarbWalters,20s,7jSy7cR2cUUtBNUr3NDUq4,2023,2023-07-14,funk,0.9368609678512084,0.6598195848277362,0.8276582410695633,0.0335306529869922,0.0001291624621594349
Lvst,Flammy,20s,6Aqy1k2h74VJRICxCN0N2W,2023,2023-07-04,funk,0.8426535230577732,0.8641452016085208,0.11426780864842281,0.007556663783557212,0.6609485368314834
Downtown,Kouek,20s,7jSDetdSWJXOOhztxfO7nq,2023,2023-07-07,funk,0.5820797395865696,0.6435170090207587,0.6803843743471903,0.0011811387954701565,0.1392532795156408
Nu Diskette,DUCAT,20s,2xrAAZfTpQAFTHQOdXvqse,2020,2020-03-27,funk,0.6291834619832872,0.67394848386045,0.746187591393357,0.0009783268194711666,0.8375378405650857
Yuu-Huu,"Night Tempo, JEF",10s,5cYC2uiulEa6MEvCMpNHRg,2018,2018-05-20,funk,0.8657042808263796,0.7761112922508423,0.7618550240233968,0.06796852811949393,0.05095862764883956
Green Path,Rhodes Rodosu,20s,6tCZ1Y0pmwqOK20xQRV675,2021,2021-07-30,funk,0.7203842861982084,0.7076404738615368,0.8642155838729894,0.0015526260782405834,0.006710393541876892
Fun Tonight,Macross 82-99,10s,4MmO631CdxuFOm18UVbhkp,2015,2015-10-21,funk,0.9398675884297222,0.6011303119226171,0.5905577606016295,2.1596463384842922e-05,0.7235116044399597
50//50 - Edit,Vantage,20s,40bj08VSaRDyZ2Z94ystNs,2020,2020-08-21,funk,0.6772893912395095,0.8152374741875884,0.5414664716941718,0.056321899794799464,0.8869828456104945
Radiant Memories,TANUKI,10s,4F6gMvhls0kVKt4tV6egkZ,2018,2018-06-30,funk,0.8677086945453889,0.6239539180523856,0.8307917275955713,0.005889991109506108,0.8425832492431886
It's Good to See You Again!!,Adrianwave,10s,6LjEAMtB3INMAeUqyHnE2F,2016,2016-06-09,funk,0.7584681468593844,0.7043799587001413,0.9143513682891165,0.0034602634762508837,0.00029667003027245204
City Nightlife - Original Mix,"architecture in tokyo, Macross 82-99",10s,4X7DNtQrK71hShiyeognoq,2014,2014-03-10,funk,0.9388653815702177,0.5120095641778067,0.28347608105285144,0.0025064447772457335,0.041170534813319885
Starlight,Andora,20s,0KNtj7KypVl6iwKxkkMaW0,2021,2021-07-21,funk,0.9087991757850787,0.6065645038582763,0.6030917067056611,0.00024238039171245606,0.8456104944500504
Sunset On The Shore,Android Apartment,10s,6Ust10S1TYG2aDNjfm7AX4,2016,2016-11-08,funk,0.6903180804130695,0.6924247364416911,0.980154585335283,0.00032270196636552135,0.8274470232088799
Dolce Disco,Superflat,20s,33Eg2dLQm2YwdVo2J1Yz7c,2023,2023-07-14,funk,0.9248344855371529,0.7380719487012282,0.42343847921453937,0.17369180075659107,0.9243188698284561
Resonance - Slowed & Reverb,noturgf,20s,72qSU1mTkBpwokctNf6KNv,2023,2023-01-07,electronic,0.4578060890079957,0.6446038474078905,0.04564445372884897,0.844376949109686,0.9212916246215944
SimpsonWave1995,FrankJavCee,10s,0qqRNnwh86N1XBV94GVgQN,2016,2016-06-05,electronic,0.37562512652861607,0.654385392892077,0.642782536035095,0.05682390963638112,0.5600403632694249
Equinox,admo,10s,78MK55UVcSHXWpNuT0I1bC,2019,2019-06-28,electronic,0.5159340868592641,0.6652537767633954,0.07186129099644871,0.8182724373474398,0.9404641775983855
School Rooftop - Slowed Down Version,"Hisohkah, WMD",20s,6IaSUc4wx1rzo8lGs4KOot,2021,2021-01-01,electronic,0.25536030338806054,0.7402456254754918,0.2103613954459996,0.2761018084392493,0.9021190716448032
5:32pm,The Deli,10s,0Q2LHrREFF9rtX3PuMUoNL,2016,2016-10-17,electronic,0.18119699578471793,0.6815563525703728,0.6448715270524337,0.6546172289918194,0.9424823410696267
Goth (Slowed + Reverb),Sidewalks and Skeletons,20s,5cbI0HJrTDb0njDk653bcN,2023,2023-07-28,electronic,0.600119463057653,0.34572329094663623,0.026007938165865885,0.0030385752093222912,0.479313824419778
Thelema,Øfdream,10s,098PU9y0wA153H6UI36uMy,2017,2017-10-20,electronic,0.856684419090838,0.5946092815998261,0.40986003760183826,0.44879319394333966,0.8970736629667003
aquatic ambience,Scizzie,20s,4Nk7Mof1w4q2vk160DYEoc,2022,2022-10-15,electronic,0.11805796363592631,0.2087816541680252,0.020263212868184666,0.901606071049995,0.9384460141271443
Memory Reboot,"VØJ, Narvent",20s,1Q68oodivzKjIDnPTXFy83,2023,2023-09-01,electronic,0.8957704866115186,0.4457124225627649,0.44537288489659493,0.0002373602932966395,0.00019576185671039354
distorted memories,"Øneheart, reidenshi",20s,2QJEVdIX5xuBGrDSpPjocC,2022,2022-07-01,electronic,0.22228747702440774,0.35115748288229537,0.19051598078128265,0.9327306812280579,0.9091826437941474
Suffocation,Crystal Castles,10s,12oxsGACfwMozi4nK9noGQ,2010,2010-01-01,electronic,0.7063533901651436,0.5261384632105206,0.13933570085648633,0.0025164849740773668,0.034409687184661954
Mbappe - Remix,"Eladio Carrion, Future",20s,21ocGfx68UnoPH89sXkhzu,2023,2023-03-09,latin,0.6812982186775279,0.7282904032170416,0.4955086693127219,0.21987670618210362,0.0
Full of Diamonds,YOVNGCHIMI,20s,0cmJ4BzHucAJGS8BtJgxnm,2023,2023-07-14,latin,0.7223886999172177,0.5837408977285078,0.8475036557342803,0.8323287129117262,1.5338042381432895e-05
Demasia’o de Grande,Tempo,20s,0at5ZcVWOmzuJlyhqjuP9c,2024,2024-03-29,latin,0.6522342197518937,0.7413324638626236,0.34510131606434086,0.1546154267764881,0.0
6PM EN MALLORCA,Eladio Carrion,20s,24k6OwxLtnJX0UaC4j5O8W,2023,2023-07-26,latin,0.5419914652063845,0.6554722312792088,0.1435136828911636,0.45080123330966626,0.0
"Danger (with DJ Drama, G Herbo & Sugarhill Ddot)","YOVNGCHIMI, DJ Drama, G Herbo, Sugarhill Ddot",20s,1ZSjmPEiMr1kLT0ipTPzZt,2023,2023-05-19,latin,0.6492275991733798,0.5804803825671123,0.6636724462084813,0.23393298174639005,0.0002754793138244198
Fulete,"Cazzu, Brray, Luar La L, Ankhal",20s,1HnxPldAuC1eqG9IQ79x0O,2023,2023-04-13,latin,0.6853070461155465,0.8000217367677427,0.5654898683935659,0.4267047609137467,1.6649848637739658e-06
La 2blea,Anuel AA,20s,3gOVQmGQcg8djqU044liT1,2022,2022-09-30,latin,0.713368838181676,0.47397022062819255,0.372258199289743,0.41566054439895017,0.0
Los Palos,"De La Ghetto, Luar La L, YOVNGCHIMI",20s,4k6vZMg6TlrLyGHreUmsv1,2023,2023-01-13,latin,0.802565248677588,0.836974241930225,0.6918738249425527,0.4166645640821135,0.0
Bape (Remix),"Jovaan, KEVVO, Ñengo Flow, Brray, YOVNGCHIMI, Jon Z",20s,3bfb530Lxa1CSKK1VTksBA,2022,2022-07-01,latin,0.7314085616527594,0.8380610803173568,0.7357426363066639,0.1877480763208775,0.0
REDBULL,"Eladio Carrion, Beny Jr",20s,0hnKRMSdo87O1dqkBQivFs,2021,2021-11-24,latin,0.5600311886774678,0.8065427670905337,0.7576770419887194,0.504014276517322,0.0
AL CAPONE,Eladio Carrion,20s,4igzqj5TrceDGrJcZYM0pl,2021,2021-06-25,latin,0.6372011168593242,0.8076296054776656,0.47252976812199704,0.4638534891907894,4.288597376387488e-05
Holy Shit - Remix,"Ankhal, JHAYCO",20s,1OzhsvZSKTMUZRjo4al9cA,2021,2021-10-29,latin,0.6602518746279307,0.6848168677317683,0.4297054522665552,0.22188474554843027,0.0
IVIMA,"Shake Da Block, 0contactos",20s,3nenYEg1PYK1qGGvFJh7Pd,2024,2024-10-10,latin,0.4908789153716484,0.8815346158026302,0.5205765615207855,0.056020693889850474,0.0002593340060544904
Verde Y Azul (feat. Piero47),"Pablo Chill-E, Piero47",20s,4KF2MBeVqVhMhzD6H4qIMs,2023,2023-03-29,latin,0.7815189046279909,0.732637756765569,0.5519114267808649,0.46084143014129947,0.0
Dame Luz,Brytiago,20s,0CmQa0j3VQM5bcGYQW85l1,2023,2023-05-18,latin,0.6422121511568474,0.7315509183784371,0.749321077919365,0.27208572970659606,5.6205852674066596e-05
Wag1,Akapellah,20s,2mMB87muAb6dOqMmkzAiDI,2022,2022-10-23,latin,0.8416513161982686,0.7272035648299098,0.5936912471276373,0.16465562360812125,0.0
PA' LA VUELTA,"Eladio Carrion, Morad",20s,1C4xSER4CBBj45eV1gDx0F,2023,2023-08-04,latin,0.6251746345452687,0.4435387457885013,0.08084395237100479,0.10140238356883235,0.0
TATA - Remix,"Eladio Carrion, J Balvin, Daddy Yankee, Bobby Shmurda",20s,1hfufCKTZ0wIQwoW9tXoDR,2021,2021-07-28,latin,0.7875321457850186,0.7369851103140963,0.6406935450177564,0.6857418391698822,0.0
Patrón,"Big Soto, Neutro Shorty, De La Ghetto, Noriel",20s,2bE5ZNbhykDaIYqOCH3rQk,2021,2021-12-09,latin,0.7564637331403751,0.7902401912835562,0.45895132650929593,0.28112190685506594,0.0
"Skeem Set, Pt. 2","Milli Major, Jme, Scorcher, SeriousXSyikes, Crazy Titch",20s,15BvAGHQVGETzj5G58nDGF,2024,2024-07-10,hip-hop,0.8657042808263796,0.6109118574068036,0.9059954042197619,0.09939434420250572,0.0
Sticky,"Bashy, GRM Daily",20s,1Iow5wEoOZ8gAPZTSNI8HQ,2024,2024-07-11,hip-hop,0.7424328371073102,0.5250516248233887,0.16649258408188844,0.06455486119673866,0.0
Must Be Bored,"Big Zuu, D7, Crafty 893, Drifter",20s,2bh8lyWxq9uNjdXozZZ6sz,2024,2024-06-07,hip-hop,0.7364195959502825,0.5511357461145527,0.7106747440986003,0.3433711272111915,2.2401614530776995e-05
#skeptacore pt.2,"Ryder, Skepta",20s,6lxvXGjMJJzyivD78dfOD4,2023,2023-11-24,hip-hop,0.6231702208262594,0.7989348983806108,0.6563609776477962,0.316262595765782,0.0
Eyes on Me,Skepta,20s,17yRlMLWjrw82aWpJItT9A,2021,2021-07-30,hip-hop,0.786529938925514,0.8706662319313119,0.86317108836432,0.034936280543420836,0.0
Trenches,"Duke & Jones, Flowdan",20s,6s4T0UEJs5kX6EsEjvfXpw,2021,2021-08-13,hip-hop,0.883744004297463,0.876100423866971,0.7200752036766241,0.1164626788162821,0.0003733602421796165
Young Money,LZee,20s,30NkpbETKakYZd1coFgkwy,2023,2023-05-19,hip-hop,0.7414306302478056,0.7695902619280514,0.9571756841445581,0.07268742063036152,8.476286579212916e-05
Iniesta Flow,"namesbliss, scruz",20s,1fZlxYXWrsus7bSPjX5Wng,2023,2023-07-21,hip-hop,0.6141503590907177,0.5478752309531573,0.40777104658449964,0.8162643979811132,0.0
Knock Your Block Off,"Jme, Giggs",20s,69B4JVH2U2atBaGXc8OoQA,2020,2020-06-01,hip-hop,0.9238322786776483,0.7054667970872731,0.6678504282431587,0.04407285966020701,0.0
Energy Gang,"D Double E, Sir Spyro",20s,2qVfSZfHllkXPnmDP8CoK4,2024,2024-06-07,hip-hop,0.7995586280990742,0.7109009890229323,0.6532274911217882,0.004534564537235631,0.0
Stuttering,"P Money, Silencer, Chip, Dizzee Rascal, D Double E",20s,0250N0i7iejMeIKvXOsT5M,2021,2021-10-01,hip-hop,0.7554615262808705,0.752200847733942,0.4996866513473992,0.12549885596475194,0.0
MYWAY!,"ROMderful, KayFaraway",20s,7vYQzHVUT3Q6GSOk43bMvE,2024,2024-07-06,hip-hop,0.7093600107436575,0.6446038474078905,0.866304574890328,0.05521747814331982,0.0
VEX,slowthai,20s,0l6D20UUxbOemPoaGneKK6,2021,2021-02-12,hip-hop,0.8065740761156066,0.615259210955331,0.6448715270524337,0.006512483313067363,0.343087790110999
Hurdy Gurdy,"Big Narstie, Sir Spyro",20s,7GH67OAu6ng75GGCUaSgGh,2020,2020-10-23,hip-hop,0.5961106356196344,0.7935007064449517,0.39314810946312934,0.05220541909382987,0.0
Who's Dat,"Silencer, Lil ambush, Lil Shakz, YaroAlways, Kai Nero, Shakes",20s,4MDkWrmycdgiNC8wPtk3O7,2024,2024-07-05,hip-hop,0.8125873172726343,0.40875991740028256,0.4777522456653436,0.06616129268979996,0.0
Tekky,"Chip, Frisco, K-Trap, Krept",20s,56cBC4ufFxIxAWeGGoUznJ,2023,2023-04-27,hip-hop,0.7233909067767224,0.9043582219323987,0.38165865886776684,0.014554680975205524,6.397578203834511e-06
Quest For Coin II,"Ezra Collective, Jme, Swindle",20s,6SfoGYDuS67WmwU9HCEpL0,2020,2020-11-17,hip-hop,0.6051304973551761,0.9119660906423215,0.48297472320869017,0.041462408483982395,8.990918264379414e-05
LEON EDWARDS,"Snowy, LVNDLXRD",20s,3pLWehzDdINjIRI6Q9oJ70,2024,2024-07-26,hip-hop,0.8927638660330047,0.36528638191500923,0.6083141842490077,0.012647043577195224,0.0034006054490413723
On Top,Jaykae,20s,0eGll9J0pdLu0Eww1GyOCb,2020,2020-04-02,hip-hop,0.7344151822312732,0.8478426258015433,0.6302485899310634,0.06324963560862634,0.0
Circles24,Preditah,20s,0xtMtfCTcMdNvhS5j0K3Io,2024,2024-03-29,hip-hop,0.60813711793369,0.6728616454733182,0.7587215374973888,0.07539827377490246,0.8577194752774975
This Year,"P Money, Silencer, Tobi",20s,5XGGP9WDvBAXlyf7r3g3Tu,2021,2021-03-19,hip-hop,0.635196703140315,0.8315400499945658,0.20827240442866096,0.01937397545438944,0.0
Shake It,Trillary Banks,20s,4F9E4UkHzsqmYqdUMtrs2b,2024,2024-08-04,hip-hop,0.8336336613222315,0.667427453537659,0.7315646542719866,0.13754709216271174,2.8758829465186682e-05
IC3 (feat. Skepta) - Single Version,"Ghetts, Skepta",20s,0BMszcKwCrUDHZX3CEEj6L,2020,2020-10-07,hip-hop,0.6462209785948659,0.6565590696663407,0.38061416335909753,0.44477711521068636,0.0
Loading,Central Cee,20s,4D0GT8zWuA7Z2em6dpajAn,2020,2020-10-22,hip-hop,0.6812982186775279,0.8597978480599935,0.6939628159598913,0.7349388036448846,0.0
Keisha & Becky - Remix,"Russ Millions, Tion Wayne, Aitch, Swarmz, Sav'o, JAY1",10s,5wIjM4q7oIgiLqn8Qfoyxh,2019,2019-04-11,hip-hop,0.4718369850410604,0.8739267470927073,0.6417380405264258,0.25200533604332975,0.0
Obsessed With You,Central Cee,20s,0ahA5MyJpofBv8HSNhzGIx,2022,2022-02-23,hip-hop,0.8266182133056991,0.7467666557982828,0.9133068727804471,0.1927681747366941,0.0
Je M'appelle,Benzz,20s,3jSI2QXeLrfIdjBWOE9Gn9,2023,2023-07-26,hip-hop,0.7514526988428519,0.8130637974133247,0.9728431167745979,0.17067974170710115,0.0
Clash (feat. Stormzy),"Dave, Stormzy",20s,2oUwMN5VfdGX10XeQJLBBi,2021,2021-07-08,hip-hop,0.5199429142972826,0.882621454189762,0.5247545435554628,0.3142545563994553,8.213925327951565e-06
Commitment Issues,Central Cee,20s,5w3CtwPT5e0k8zg2LyjvNN,2021,2021-02-11,hip-hop,0.7113644244626668,0.8054559287034019,0.7994568623354921,0.4648575088739527,0.0
Oliver Twist,ArrDee,20s,6mSzsSdu0CWIV70jEjWMhI,2021,2021-06-03,hip-hop,0.8085784898346159,0.7239430496685143,0.8548151242949655,0.3534113240428246,0.0
6 For 6,Central Cee,20s,1tLV0GD0WXQ1Z8BKOQscti,2021,2021-03-12,hip-hop,0.7935453869420465,0.8652320399956527,0.6198036348443702,0.5542152606754878,0.0
I Dunno (feat. Dutchavelli & Stormzy),"Tion Wayne, dutchavelli, Stormzy",20s,3B0WbRucJ6ZIla2G9IVt2E,2020,2020-05-29,hip-hop,0.6672673226444631,0.8282795348331703,0.7409651138500104,0.09577987334311779,0.0
Only If You Knew,dutchavelli,20s,27ApZ49hpZZbLSBdNLnqjv,2020,2020-08-07,hip-hop,0.767488008594926,0.8228453428975111,0.3336118654689784,0.1927681747366941,3.3703329969727546e-05
Flowers (Say My Name),ArrDee,20s,2BzAGK3lEZAQz5cU0Ae1wd,2021,2021-11-04,hip-hop,0.7143710450411807,0.7217693728942506,0.8078128264048465,0.4969861387351788,0.0
Ain't It Different (feat. AJ Tracey & Stormzy),"Headie One, AJ Tracey, Stormzy",20s,6NJfIydBMYrXvlaXsFxmc8,2020,2020-08-20,hip-hop,0.570053257272514,0.7695902619280514,0.5163985794861082,0.009916110038991005,1.4631685166498486e-05
Coming for You (feat. A1 x J1),"SwitchOTR, A1 x J1",20s,1xIqDFx3KdByBnKMlTECcM,2021,2021-10-29,hip-hop,0.4818590536361067,0.8195848277361156,0.8485481512429497,0.217868666815777,0.0
TPL x Fumez The Engineer - Plugged In Freestyle,"Fumez The Engineer, OTP, BM, BM X MINI",20s,2oW5T6viRcUuE6Ttk6TJ9B,2020,2020-10-01,hip-hop,0.4197222283468197,0.889142484512553,0.23542928765406307,0.08403284305010698,0.0
Wow,Tion Wayne,20s,1zEtEb820Vwe9giuUFXH7H,2021,2021-06-03,hip-hop,0.6211658071072501,0.817411150961852,0.6354710674744098,0.10039836388566904,0.0
Only You Freestyle,"Headie One, Drake",20s,4OENnoidV0h8gJV6bhrw7r,2020,2020-07-20,hip-hop,0.8276204201652038,0.6750353222475819,0.8088573219135159,0.5642554575071209,0.0
Darling,D-Block Europe,10s,2kQ9udZ0v3H8PFSVmbY1Kq,2019,2019-09-27,hip-hop,0.597112842479139,0.8576241712857298,0.7973678713181533,0.5020062371509953,0.0
Big Shark,Russ Millions,20s,6Yjj0HEBFdOtNjhbhiOiah,2021,2021-07-01,hip-hop,0.9318499335536853,0.8163243125747203,0.9467307290578652,0.39959622946833717,3.3501513622603433e-06
Streatham,Dave,10s,59PUOc7B0WCNNx8Nr4qaA4,2019,2019-03-08,hip-hop,0.6221680139667548,0.9054450603195305,0.6354710674744098,0.4979901584183421,0.0
AirForce,DigDat,10s,3DLRRpaDETZYltj3KZ7kxo,2018,2018-11-09,hip-hop,0.6742827706609955,0.8652320399956527,0.6584499686651348,0.4518052529928296,0.0
Reggae & Calypso (Russ Millions x Buni x YV),"Russ Millions, Buni, YV",20s,3FMedgGsLUNwx8NciePFEK,2022,2022-02-10,hip-hop,0.8045696623965973,0.7608955548309967,0.9039064132024233,0.4146565247157869,0.0
Khabib,Central Cee,20s,0xmkRPoucfqQxVBlpAed2L,2022,2022-02-23,hip-hop,0.6732805638014909,0.7761112922508423,0.6208481303530395,0.5240946701805883,0.0
Ungrateful,Central Cee,20s,1fBaPpiFIepmaMkJqHcPBh,2022,2022-02-25,hip-hop,0.6171569796692317,0.8337137267688295,0.7858784207227909,0.3142545563994553,0.0
6:30,Russ Millions,20s,0KzvY1XHsfvZ5p5sUcdHSN,2021,2021-10-07,hip-hop,0.7394262165287964,0.8869688077382893,0.6574054731564655,0.49397407968568885,0.00012008072653884966
Thula Moya Wami,Mr Thela,20s,2OBgyq2L6Bi62OVI3AZT2t,2024,2024-09-13,afrobeats,0.6522342197518937,0.6532985545049452,0.13724670983914772,0.00024137637202929275,0.8476286579212916
Izinto Zam,"Jabs CPT, Sangzin",20s,0NtVezWTHXpfb5TeRoetts,2024,2024-05-22,afrobeats,0.6612540814874354,0.8000217367677427,0.47984123668268225,0.17369180075659107,0.04601412714429869
Buya Nini,"Mr Thela, Peace",20s,2Se4sU0DGJT8IS0JuraRqr,2024,2024-05-03,afrobeats,0.8536777985123241,0.752200847733942,0.40045957802381443,0.04708491870969696,0.006680121089808274
Street Fighter,Assertive Fam,20s,71NTMFwUqQjBDTdxTLHIAL,2024,2024-05-01,afrobeats,0.7233909067767224,0.6804695141832411,0.5080426154167537,0.0017032290307150808,0.10898082744702321
Oh My Sax,"Cairo CPT, Don Vino",20s,24rJTidr3soAlSzPSwNlMU,2024,2024-03-22,afrobeats,0.7845255252065048,0.7163351809585915,0.3283893879256319,0.0009120615203823878,0.7699293642785066
FOMO,"Goldmax, Dlala Thukzin, Funky Qla, Zee Nxumalo, Beast Rsa",20s,7ir1pK0mSBVZLoqUPbmous,2024,2024-03-08,afrobeats,0.5009009839666947,0.8521899793500707,0.16649258408188844,0.025900103394950993,0.8062563067608477
Ngenyimini,"Rhass, Mapressa, Dj Ndista, Luzzar",20s,5OoNbDroAXPGK7mmw4tc6a,2024,2024-02-29,afrobeats,0.8005608349585789,0.8108901206390611,0.2500522247754335,0.025398093553369333,0.006185671039354188
Sicel'Imithandazo,Cairo CPT,20s,4Okd8O0SKzzqmTyU2FtTv6,2021,2021-06-27,afrobeats,0.929845519834676,0.791327029670688,0.6083141842490077,0.039253565181023096,0.7820383451059536
Sinomhlobo,"Cairo CPT, Xola Sofuthe",20s,49ezMOQKIEatQZIygP0Myg,2023,2023-03-26,afrobeats,0.988975724545449,0.7858928377350288,0.7587215374973888,0.035940300226584156,0.7295660948536832
Kwandonga Ziyaduma,"Mr Thela, Njelic",20s,4PkzeTYPMBXdjhEW6RsbPt,2023,2023-11-17,afrobeats,0.8927638660330047,0.6978589283773503,0.24065176519740963,0.006231357801781635,0.0851664984863774
No Contest (Broken kick),"UJeje, UBizza Wethu",20s,3xEkn2pxj3PKAWlZDf5Ogt,2022,2022-12-02,afrobeats,0.9047903483470603,0.6696011303119227,0.0975558805097138,0.0010305358429956591,0.691220988900101
S'yophanda,"Rhass, Mshayi, Mr Thela",20s,6afCbMMsJ8ID72rRzPW9Kl,2020,2020-10-16,afrobeats,0.7404284233883011,0.7141615041843278,0.38061416335909753,0.002094796707148774,0.08718466195761858
Wami (feat. Nia Pearl),"Mas Musiq, Nia Pearl",20s,3ku01iYBl3Befko1MsMEBG,2020,2020-11-06,afrobeats,0.49889657024768547,0.8293663732203022,0.8318362231042407,0.04909295807602359,0.04228052472250252
Ivili Liyajikeleza 2.0,Cairo CPT,20s,4ECmUMEaE2fKLpRmtSRNKe,2020,2020-12-27,afrobeats,0.8987771071900325,0.5772198674057167,0.6782953833298517,0.010639004210868592,0.7759838546922301
Izigqibo Zakho 2.0,"Cairo CPT, Minollar",20s,1Bailok9p8aLTZdcIM2hIv,2022,2022-07-31,afrobeats,0.6863092529750511,0.8739267470927073,0.4934196782953833,0.0012413799764599553,0.03854692230070635
Abathakathi,"Mshayi & Mr Thela, Rhass",20s,6DHzXlI7KR6S7L8BiSNcrH,2020,2020-12-17,afrobeats,0.7704946291734399,0.8206716661232475,0.7817004386881137,0.03804874156122712,0.009969727547931382
Bhabhalaza,"Rhass, Mr Thela",20s,2j8N1QypiGtSqWXC1A8XHb,2022,2022-11-14,afrobeats,0.7955498006610556,0.7761112922508423,0.5143095884687696,0.016462318373215823,0.00032694248234106963
Ngeke Badaniswe,"Mshayi, Mr Thela, Betusile",20s,0XjNFl6E8bNRmmyReaElXv,2020,2020-07-26,afrobeats,0.7173776656196945,0.7837191609607652,0.5226655525381242,0.01626151443658316,0.019374369323915237
Sun EL Style,Mr Thela,20s,7sgqYDxnPVqqN06IUa5Dxj,2023,2023-09-29,afrobeats,0.8677086945453889,0.6402564938593631,0.2114058909546689,0.0771051072362801,0.8627648839556004
Ndincede,"Bee DeeJay, Rhass, Mshayi, Mr Thela",20s,0S6fgd4BX6zxIG2JOpHaCc,2021,2021-03-25,afrobeats,0.6321900825618011,0.7054667970872731,0.40777104658449964,0.0016028270623987492,0.004692230070635721
Famalay,"Skinny Fabulous, Machel Montano, Bunji Garlin",10s,2XRkyBiKyHPyJ0krDmK4MA,2019,2019-01-04,soca,0.9158146238016112,0.745679817411151,0.8433256736996031,0.03945436911765576,2.7144298688193745e-06
Like Ah Boss,Machel Montano,10s,08uIpFwr0W4XuoJqR7uuQa,2015,2015-02-04,soca,0.94588082958675,0.8098032822519292,0.7482765824106956,0.1054184623014856,0.0
Workout,"Kes, Nailah Blackman",10s,3BlI8WbmqInpjM0z3k4L63,2016,2016-12-20,soca,0.8496689710743056,0.8141506358004565,0.6020472111969919,0.07861113676102507,0.0
Overdue,Erphaan Alves,10s,2WrTWu4NveSrw7rrzP8rjs,2017,2017-09-12,soca,0.7985564212395696,0.7967612216063472,0.33570085648631703,0.01234583767224623,0.004934409687184662
Practice,GBM Nutron,10s,0lLdIhIPkqfpnYmcFPmoDm,2018,2018-11-16,soca,0.8256160064461945,0.8445821106401478,0.5675788594109045,0.16465562360812125,0.0053884964682139255
Runaway,Mical Teja,20s,1oYSSsFMMkPsgNNEzFh6M4,2023,2023-12-10,soca,0.9208256580991343,0.7358982719269644,0.8683935659076666,0.33232691069639503,0.00018062563067608475
Hard Fete,Bunji Garlin,20s,4LeGXUArvKORbcrykE26q3,2022,2022-11-25,soca,0.9448786227272453,0.6598195848277362,0.9059954042197619,0.3885520129535407,0.0
Born Wit It (Bumpa Riddim),Alison Hinds,10s,47JAnoEyucOxF3vHoIGs4U,2016,2016-07-23,soca,0.9037881414875556,0.9576133029018584,0.9488197200752037,0.1234908165984253,0.0
Long Live Soca,Voice,20s,5eNR7uRphqgPmR5bD6IyLg,2022,2022-12-10,soca,0.9528962776032824,0.6772089990218455,0.8266137455608941,0.14357121026169162,0.0
Pump Me Up,Krosfyah,90s,2Y5HQolNeqkwFXokC0ANta,1995,1995-01-01,soca,0.8226093858676806,0.7402456254754918,0.9697096302485899,0.15361140709332477,0.0
Holiday,"Problem Child, Jus Jay King, Nelieux",20s,5FJjr8U3YPoM2v5D5u0fPU,2023,2023-10-24,soca,0.6903180804130695,0.9260949896750353,0.375391685815751,0.2309209226969001,0.0
Whine & Kotch,"J Capri, Charly Black",10s,5o5yQsdZblzaqzgBFDVJTv,2012,2012-11-13,soca,0.6762871843800048,0.6956852516030866,0.4307499477752245,0.0656592828482183,0.0
Mr. Fete,Machel Montano,10s,4m8vRm7j9mt7eGb8baKt37,2012,2012-03-10,soca,0.9368609678512084,0.9434844038691448,0.9216628368498015,0.1355390527963851,0.0
Wotless,Kes,10s,6G6dpFTQdc4K9WCdrcZFTr,2011,2011-02-09,soca,0.7935453869420465,0.8521899793500707,0.9091288907457699,0.06736611630959595,5.065590312815338e-05
Feels Good - Carrots & Beets,Electra,90s,4XagBRVqOiMShocifucrgd,1993,1993-01-01,disco,0.3315280247104124,0.863058363221389,0.8088573219135159,0.0004923812928201216,0.615539858728557
Stop,B.W.H.,10s,2m77Y7RxnuQq6hQwfBFPvw,2016,2016-10-26,disco,0.7374218028097871,0.6761221606347138,1.0,0.05903275293934042,0.6074672048435923
Cybernetic Love - Vocal,Casco,10s,5WGb8DQRJD1CAP8842RGM8,2014,2014-01-01,disco,0.5259561554543104,0.6989457667644821,0.5675788594109045,0.0023759222184345026,0.12916246215943492
Stranger in a Strange Land - Club Mix 1983,N.O.I.A.,10s,6eqW2BVJj5YvaCa4zPh4zz,2015,2015-02-16,disco,0.7624769742974029,0.778284969025106,0.4192604971798621,0.041462408483982395,0.7830474268415742
Robot Is Systematic (Vocal Version),Lectric Workers,20s,02sglZZ8Lnf5ziy6rOMPtO,2021,2021-04-16,disco,0.8246137995866898,0.5543962612759482,0.816168790474201,3.464871926596603e-05,0.007295660948536832
Sexy Films - Vocal,Kroma,10s,1NHWvgozr7Bp28urT7zCSc,2014,2014-01-01,disco,0.4758458124790789,0.9108792522551897,0.9791100898266137,0.13654307247954842,0.007850655903128154
Ma quale idea,Pino D'Angiò,10s,0nHdPB5NA4xkoDoSLbREwD,2016,2016-01-20,disco,0.7895365595040279,0.8793609390283665,0.9728431167745979,0.0335306529869922,2.6236125126135216e-05
Take A Chance - Original Mix,Mr. Flagio,10s,0lLqS6XnoLYJJXHj57h4jz,2015,2015-01-01,disco,0.7294041479337501,0.6652537767633954,0.4787967411740129,0.0003698908914741972,0.003945509586276489
On and On (Fears Keep On) - Italoconnection Mix,"Decadance, Italoconnection",10s,5qwYtw2sYnMRvHNtrCwJEK,2013,2013-04-14,disco,0.9579073119008056,0.6945984132159547,0.3043659912262377,0.0003136657892170515,0.8072653884964682
Lamento Boliviano,Los Enanitos Verdes,90s,62FQCSvSUSG3m9uajVkvWe,1994,1999-01-01,rock,0.6913202872725741,0.7130746657971959,0.6751618968038439,0.1927681747366941,0.0006629667003027245
Amores Lejanos,Los Enanitos Verdes,00s,11AnIo9kTnjhtD06y5Zd5O,2002,2002-01-01,rock,0.8386446956197546,0.7250298880556462,0.5529559222895343,0.25802945414230966,1.3218970736629666e-05
Mala Gente,Juanes,00s,4QLPUyOsRUTnoW8h7HFbZX,2002,2002-01-01,rock,0.8526755916528195,0.6565590696663407,0.9310632964278254,0.09959514813913838,0.0
Bésame,Camila,10s,4LjyEL2sAQU7QZPC6GuTf6,2010,2010-02-09,rock,0.38564719512366236,0.21638952287794805,0.15082515145184872,0.052908232872044186,0.0
La Paga,Juanes,00s,2VRArF8Mnmi1dHiHr1DlNE,2002,2002-01-01,rock,0.7805166977684862,0.791327029670688,0.9905995404219762,0.021582818757348732,0.0
Mariposa Traicionera,Maná,10s,2USyvcBpPjhW0rgiD2R8Bp,2010,2010-03-16,rock,0.7955498006610556,0.7761112922508423,0.9164403593064551,0.5291147685964048,0.00035721493440968717
Labios Compartidos,Maná,10s,0vyEatwgB5xaBkmyXWqf3x,2010,2010-03-16,rock,0.8997793140495371,0.5087490490164113,0.45163985794861083,0.027104927014746972,0.0
Bendita Tu Luz,"Maná, Juan Luis Guerra 4.40",10s,2CII6bTbmv7XDYFRzG51Ff,2012,2012-10-26,rock,0.7745034566114585,0.7902401912835562,0.5675788594109045,0.15260738741016144,2.593340060544904e-06
Amor Clandestino,Maná,10s,77nxLbkfGkN3q1mxfahMof,2012,2012-10-26,rock,0.7273997342147408,0.6391696554722314,0.505953624399415,0.15963552519230467,5.156407669021191e-06
A Little Distance,Tristeza,90s,26gxrkeqWCDh4JJCAhEw7x,1999,1999-01-01,rock,0.5209451211567873,0.39897837191609603,0.28869855859619803,0.17067974170710115,0.8678102926337034
Blaise Bailey Finnegan III,Godspeed You! Black Emperor,90s,2i8eJAvVOhTGBq5kwq9KRv,1999,1999-03-08,rock,0.313488301239329,0.23269209868492555,0.010758303739293918,0.1104385607173022,0.09303733602421797
Vizardit,"Hildá Länsman, Tuomas Norvio",20s,5GOslFje4LJbJiMT4TfXpl,2024,2024-09-20,world,0.6953291147105927,0.7261167264427779,0.21558387298934611,0.06415325332347332,0.11907164480322906
Raven Strut (feat. K.Clevenger) - DASH Remix,"DKD Dancers, DASH, K.Clevenger",10s,3fj6daqmLeXpz7N4vSklgZ,2017,2017-11-14,world,0.4868700879336299,0.6978589283773503,0.009922707332358472,0.0031992183586284214,0.07860746720484359
Tapwe,"Boogey the Beat, Young Spirit, Drezus, Pj Vegas",20s,7jiXHIRCaDtvVwKms0WLuF,2023,2023-05-12,world,0.872719728842912,0.8782741006412347,0.45686233549195737,0.0021349574944753064,0.028456104944500505
Nuivunga - GFD Collective,"Jens Kleist, JASMIN, Da Bartali Crew",20s,2TrbkrW81KopRTmIjhcUWk,2020,2020-11-13,world,0.8035674555370927,0.7282904032170416,0.7054522665552538,0.09276781429362783,4.4601412714429866e-06
Meditjin,"Baker Boy, JessB",20s,5mHA6UCBRsgjWPRDmZQ8uO,2021,2021-10-15,world,0.8797351768594445,0.8326268883816976,0.5226655525381242,0.06596048875316729,2.4419778002018164e-05
Break It Down,Tjaka,20s,1ubr6yrnogCV6BSibWl6oa,2022,2022-08-16,world,0.918821244380125,0.8597978480599935,0.8025903488614999,0.13855111184587504,0.00010191725529767911
uduli 跳一波,ABAO阿爆,10s,1pTvok19iqywOI7Rjc2UGy,2019,2019-12-30,world,0.8226093858676806,0.5663514835343985,0.645916022561103,0.003159057571301889,8.789101917255298e-05
Half Breed - Remix,DJ Shub,20s,7Kn6nJAsSRPyYVE5Jnu8Qq,2023,2023-11-03,world,0.8326314544627269,0.8532768177372024,0.6981407979945686,0.006904050989501057,0.00012108980827447024
Sisters,"The Halluci Nation, Northern Voice",10s,6ZzHtu3SSeuG7vQ3LL7vjo,2013,2013-05-07,world,0.6301856688427918,0.7239430496685143,0.171715061625235,0.0013919829289344527,0.06791120080726538
Emta Njawzak Yamma,DAM,10s,3tKP4uEWIbOhsFzPBkSumU,2019,2019-06-07,world,0.7324107685122639,0.8261058580589066,0.019636515562983077,0.026100907331583652,0.07376387487386478
Behold a Pale Horse,"STOiK, Jah'kota, Plex, Drezus",10s,7Htnhar4WeE4oCwTo1NWG9,2019,2019-04-09,world,0.47484360561957434,0.7043799587001413,0.5268435345728014,0.20180435188516396,0.0006952573158425833
AVINU CHAI (AM YISRAEL CHAI),Yoni Z,20s,3TGZ3Cg97MqvnPvvVUMEAf,2024,2024-03-15,world,0.9288433129751714,0.5880882512770351,0.4307499477752245,0.02509688764842034,0.005862764883955601
Lech Lecha (K3LZ Remix),"K3LZ, Eli Levin",20s,3kefCqPLw1TZejAlSzRNAl,2023,2023-01-24,world,0.9087991757850787,0.6793826757961092,0.3200334238562774,0.3473872059438447,0.00017658930373360242
The Rain,TAI,20s,73ErMXmHYzAi4SsszbC1Mr,2024,2024-09-02,world,0.5910996013221113,0.34572329094663623,0.5571339043242114,0.5160625127152818,0.0
תלוי בנו,נהוראי אריאלי,20s,5B8D53ONDHlcFOxTLdnul2,2022,2022-03-26,world,0.4658237438840327,0.7989348983806108,0.6500940045957803,0.7540151776249876,1.3824419778002018e-06
ארץ ישראל,Ishay Ribo,20s,0Qalm9XFXxkZYZqWgc5e0r,2024,2024-09-16,world,0.5139296731402548,0.7924138680578199,0.8255692500522247,0.7771076303377439,1.9374369323915235e-05
Az Yashir 2.0,"K3LZ, Eli Levin, MOiSHE'LE",20s,63mMHAiup3XaPewejcoip5,2024,2024-03-13,world,0.5690510504130094,0.8119769590261929,0.6250261123877168,0.046382104931482634,0.0016649848637739658
Eimosai (K3LZ Remix),"Danny Palgon, K3LZ",20s,1poNFiMFp2mP4q3gPOj4zq,2023,2023-10-09,world,0.6963313215700973,0.6598195848277362,0.40986003760183826,0.1485913086775082,2.048435923309788e-06
LOVE ME,"Nissim Black, Oryahh",20s,1ghVcJTYgNf0FfmDA6rOda,2023,2023-09-26,world,0.8346358681817362,0.5337463319204434,0.5717568414455818,0.05250662499877887,4.571140262361251e-05
BaTachti,Dovid Lowy,20s,7HPUt2ZvpOFxYjeSALF2cU,2020,2020-05-17,world,0.7384240096692918,0.6532985545049452,0.8067683308961772,0.5381509457448748,0.0
Brighter,Zusha,20s,4bHij9HliWXzJtOgo3ga9J,2024,2024-01-31,world,0.767488008594926,0.7413324638626236,0.3043659912262377,0.1295149346974052,4.55095862764884e-05
Ani Maamin,TAI,20s,38zFKWDNJN7pGxrk3gF7DM,2024,2024-02-15,world,0.5149318799997594,0.5859145745027714,0.48088573219135156,0.46284946950762607,0.0
נקודות,שמואל,20s,43gZR2QQkEsU0DESbZUrSm,2023,2023-03-15,world,0.6913202872725741,0.7478534941854147,0.5989137246709839,0.10843052135097556,0.0
Chaneinu,"Moshe Lang, Waterbury Mesivta, Sruli, Moyo",20s,0dn0CTZ8qvSPnBBKXE78K8,2020,2020-03-27,world,0.7003401490081158,0.5185305945005978,0.2469187382494255,0.5923680086356937,0.0
Before I Go,"DJ Kraz, Isaac Ben",20s,4IFyCoosdm8yfrxYloSMVu,2020,2020-08-27,world,0.5710554641320187,0.5391805238561026,0.2615416753707959,0.2620455328749629,3.541876892028254e-05
Mili Deshtuta - Crazy Stuff,"Thank You Hashem, DJ Farbreng, Moshe Storch, Mikey Mause",20s,4j1IQROqeL4Qyx2WhG13sz,2023,2023-02-21,world,0.7664858017354214,0.4761438974024562,0.6678504282431587,0.11345061976679215,1.1200807265388498e-05
Ki Hu Levado,"Yossi Newman, Aryeh Barnett",20s,2zCZfgW4PEiAxTeMKBdZU7,2020,2020-09-23,world,0.6041282904956714,0.7532876861210738,0.8475036557342803,0.19076013537036746,3.057517658930374e-05
SCREAM,Nissim Black,20s,3xn4mVAASBMGbaHwgfdCvE,2023,2023-08-27,world,0.7965520075205603,0.6098250190196718,0.6250261123877168,0.2740937690729227,3.935418768920283e-06
Eliyahu Hanavi,"K3LZ, Avi Abikhzer",20s,0AoaiQLBYqfeoLGdpIlkkT,2023,2023-07-30,world,0.41070236661127807,0.7543745245082056,0.32107791936494673,0.46586152855711604,0.0
Bou,Danny Palgon,20s,4ZV4lGPEk1pTxfa4tyYtlz,2020,2020-03-01,world,0.8526755916528195,0.6326486251494403,0.7252976812199707,0.3343349500627216,0.0
Not Today (Dear Yetzer Hara),TAI,20s,11cLEdBuPFaeQU0d2LDkBH,2023,2023-05-11,world,0.4718369850410604,0.37506792739919576,0.4881972007520367,0.28815004463720906,0.0
End of the Tunnel,A.Y. Bouzaglou,10s,22i4RWmbiYi3sV4CARsgbj,2019,2019-08-15,world,0.7063533901651436,0.5826540593413759,0.5560894088155421,0.22188474554843027,0.0003289606458123108
Ein Od Milvado,Mordechai Shapiro,20s,7JaKHKGjvFdNklZUV4xic1,2020,2020-09-28,world,0.7504504919833473,0.8032822519291382,0.8151242949655317,0.2590334738254729,0.0
Ad Matai (Blue),iZZy D JaY,20s,5h95RKlS30sfxJrOMyiwxL,2023,2023-05-17,world,0.953898484462787,0.6467775241821542,0.6626279506998121,0.006371920557424499,7.739656912209889e-06
Ahalela,Avi Zelinger,10s,2mYOymfYg9JK9IqWEFXfPy,2019,2019-07-15,world,0.7534571125618612,0.5924356048255625,0.4328389387925632,0.0332294470820432,0.0
Yom Yom,Dovid Lowy,10s,0neOUOe7RM9wZ7Kv9FFnsQ,2018,2018-07-19,world,0.8887550385949862,0.7380719487012282,0.8025903488614999,0.6064242841999802,1.644803229061554e-05
Ana,"Matt Dubb, Itzik Dadya",20s,72uiajRl5BwGnQXzbgZn3m,2020,2020-05-30,world,0.7474438714048335,0.5956961199869579,0.46626279506998114,0.0335306529869922,3.824419778002018e-06
Tzur,Matt Dubb,20s,1vTFzj5C63vwefubIUG3ck,2020,2020-12-19,world,0.8747241425619213,0.5837408977285078,0.6375600584917486,0.04186401635724772,0.00019677093844601412
Set Me Free,DeScribe,10s,2xQQmd2DxjdtN2s1sxdtYn,2017,2017-03-27,world,0.7263975273552362,0.6848168677317683,0.8537706287862962,0.0335306529869922,0.0
Yesh Kan,Mendy Piamenta,10s,5sNqD4tsBksPSCuZnbWoeR,2019,2019-01-28,world,0.7534571125618612,0.7706771003151832,0.271986630457489,0.08112118596893336,0.0
This Is My Home,Duvie Shapiro,10s,6bDD9MwLc9RP1DvlUCCfxh,2019,2019-12-29,world,0.856684419090838,0.576133029018585,0.7670775015667433,0.06515727300663665,0.0
Closer,"DJ Kraz, Aryeh Kunstler",20s,07CzWkGY8lDu1VkYx4qG1d,2020,2020-05-11,world,0.7835233183470001,0.46744919030540155,0.7064967620639231,0.28112190685506594,1.0898082744702322e-05
Zeh Keili,Ari Goldwag,20s,1hdzCo8j18jrBmyWEQVQxw,2020,2020-07-31,world,0.845660143636287,0.5804803825671123,0.649049509087111,0.6004001661010002,0.0
Schar Mitzvah,Mordechai Shapiro,10s,1xqvKYQCLASKZAALZTXwUR,2016,2016-03-14,world,0.7314085616527594,0.6717748070861863,0.6908293294338834,0.37951583580507087,0.0
So Alive,DeScribe,10s,7uQGPK8UM5CBr9L2ZqEKrA,2017,2017-03-27,world,0.875726349421426,0.6402564938593631,0.5278880300814707,0.0005385661982456342,0.0
Friends,Mordechai Shapiro,10s,0TuLWm4RvSrIYGgdHUl5UC,2019,2019-06-10,world,0.786529938925514,0.6196065645038583,0.5613118863588886,0.31827063513210857,0.0
Es Shem,Yechiel Lazarus,20s,4akWutJQIP6etppisZz3KS,2024,2024-03-20,world,0.7424328371073102,0.6054776654711445,0.24796323375809484,0.13252699374689514,0.0
Shema,Nachas,10s,1KEd3II3mzWHweAZC7Nd6j,2017,2017-06-06,world,0.8987771071900325,0.8119769590261929,0.9216628368498015,0.12449483628158861,0.015136226034308779
Dreamer,DeScribe,10s,6i8WxcIEZJZDyuBn7oKepE,2013,2013-11-07,world,0.8145917309916435,0.6359091403108358,0.3774806768330896,0.042767634072094704,1.9273461150353177e-06
V'hu Haya,"Yossi Newman, Aryeh Barnett",20s,0j2B2SDXyYikAoblKaSUPM,2020,2020-09-29,world,0.6732805638014909,0.5304858167590479,0.3294338834343012,0.04979577185423791,0.0
Long for the Day,Tani Polansky,10s,3z73kqL9O5MtztsXU2xDpz,2019,2019-05-23,world,0.8186005584296621,0.5870014128899033,0.6417380405264258,0.008018512837812339,1.1705348133198788e-06
מצווה גדולה,Mikey Mocton,10s,0nIUzlz0PzQdbJKxshiCxe,2019,2019-09-02,world,0.7023445627271251,0.7380719487012282,0.40150407353248374,0.2620455328749629,0.029162462159434913
Welcome Back - Akiva Hammond Remix,"Waterbury Mesivta, Eli Dachs, Akiva Hammond",10s,6KNkJkqtP3HRg8efpoxxVV,2019,2019-09-22,world,0.6341944962808104,0.4076730790131507,0.45372884896594945,0.022888044345461045,0.0
Flames,"DJ Kraz, Sholom",10s,0oMEpY6SKHYY4mIRK1RETd,2019,2019-11-11,world,0.8196027652891666,0.4913596348223019,0.5111761019427616,0.04065919273745174,0.00019071644803229064
V'ohavta,"Yechiel Lazarus, DJ YLK",10s,1yWq9KCRG4R6buApldWZHU,2019,2019-12-13,world,0.9408697952892269,0.5011411803064885,0.5519114267808649,0.00034077432066246106,0.00018869828456104945
Hodu,Danny Palgon,20s,2EfFFgnsF7N0R7GzfeOrn9,2020,2020-03-01,world,0.8266182133056991,0.6967720899902184,0.5393774806768331,0.018369955771226125,0.0
Everything Is from You,Moshe Siegel,20s,7p3PWWLjhRTv2qnVitskxD,2020,2020-03-08,world,0.5279605691733197,0.589175089664167,0.2740756214748276,0.0016831486370518145,0.0030978809283551964
Modeh Ani,Moshe Tischler,20s,6WZ5LKa6eGuKACFOouSjoe,2020,2020-05-11,world,0.8546800053718288,0.7272035648299098,0.7733444746187592,0.3192746548152719,0.0
Ki Le'olam Chasdo,Joey Newcomb,10s,6FaROBSvBJitPapI3BubzQ,2019,2019-01-28,world,0.7273997342147408,0.706553635474405,0.8871944850637142,0.4809218238045657,0.000703329969727548
Sameach,Moshe Lichtenstein,20s,3PiGgUkR4ETzxFr9EABWDf,2020,2020-12-10,world,0.7223886999172177,0.6587327464406043,0.3168999373302695,0.1616435645586313,0.00019172552976791122
Lo Nafsik Lirkod,Ari Goldwag,10s,0yUePhEocuXiWO1DpGWg2I,2018,2018-09-06,world,0.8817395905784537,0.6880773828931638,0.9028619176937539,0.0656592828482183,0.00010090817356205853
Adama V'shamayim - Remix,DJ Kraz,10s,3N5nS3QsZsGHQhTzbFdgtX,2019,2019-02-14,world,0.7083578038841528,0.5793935441799805,0.2730311259661583,0.09186419657878085,1.634712411705348e-06
Ani Maamin,DJ Kraz,10s,4rUpJVSmkIZhXYJK9QpEzh,2018,2018-12-21,world,0.6341944962808104,0.5587436148244755,0.34196782953833293,0.06204481198883037,3.4611503531786075e-05
Ashira,"Danny Palgon, Yoni Z",20s,3H5kTcon9tTOKwWjECrPFO,2021,2021-01-15,world,0.7704946291734399,0.6782958374089774,0.48297472320869017,0.0894545493391889,1.1099899091826438e-05
Baruch Hashem,"Zusha, Pumpidisa, Matt Dubb",10s,0Lc3yJc0aoNbpGQ2R9tPRq,2017,2017-07-21,world,0.6762871843800048,0.34681012933376804,0.2510967202841028,0.0053277400869346505,0.00020887991927346115
It's You,Ruvi New,20s,2FYkadqYjdjA3xAV6XvtoW,2020,2020-09-09,world,0.6863092529750511,0.6630800999891316,0.6354710674744098,0.5351388866953848,0.0
Geshmak to Be a Yid,"Moshe Storch, DRS Senior Choir",20s,7HOFMQiLMNFBhOT6dktjbG,2020,2020-03-09,world,0.8546800053718288,0.6815563525703728,0.9059954042197619,0.3263027925974151,0.0
Olam Chesed Yibaneh - Remix,"RJ2, Moshe Lang",20s,3PJm8yIpPyUAtsgpqHbRU6,2020,2020-08-18,world,0.8356380750412408,0.5663514835343985,0.28243158554418213,0.06716531237296328,0.005882946518668012
Rachem,RJ2,10s,4AzMyQlCEvs0xHUsoHNO1r,2017,2017-10-16,world,0.8526755916528195,0.5880882512770351,0.6041362022143305,0.00028856529713796865,1.3319878910191727e-06
Kol Sasson,RJ2,10s,3acDonaVZ1NBvvoFmq6D9v,2017,2017-10-16,world,0.9448786227272453,0.5413542006303663,0.5665343639022352,0.026000505363267323,0.0
Emes 2.0,"Baruch Naftel, Caudio",20s,35pi1ECGk4mCNRLxOUtsNQ,2020,2020-12-30,world,0.929845519834676,0.5293989783719161,0.5163985794861082,0.2439731785780232,0.3319878910191726
Lehodos,Yehuda Freundlich,20s,6agtlDGA0RCIC0yNiPeAxZ,2020,2020-07-31,world,0.8787329699999399,0.7109009890229323,0.7608105285147274,0.22891288333057347,0.00024016145307769932
Ashira Lashem,"Ari Goldwag, Dovid Pearlman",20s,7uAylnns4tRBqm2dqBEwvL,2020,2020-07-31,world,0.829624833884213,0.634822301923704,0.6020472111969919,0.15361140709332477,0.0
Shifchi,Danny Palgon,20s,5cmGkGs8zBZ1YnyABJDUcX,2020,2020-03-01,world,0.8486667642148009,0.5967829583740898,0.4579068310006267,0.2620455328749629,0.0
Pischi,Danny Palgon,20s,2czKgs0WbwcfP3lYnR5Fr5,2020,2020-03-01,world,0.8175983515701575,0.693511574828823,0.4881972007520367,0.10039836388566904,0.0
Simcha Strong - Camp Simcha 2019 Boys Song - Camp Simcha Remix,"Ami Eller, Camp Simcha",10s,5uNkwDao97neGx8dkmnxZU,2019,2019-08-05,world,0.5039076045452086,0.6402564938593631,0.5686233549195738,0.6506011502591661,0.0
Ponies (Turning Around) [feat. Aryeh Kunstler],"A.K.A. Pella, Aryeh Kunstler",10s,0LpLnrQ5GLdye8FUwf86IK,2015,2015-07-29,world,0.8867506248759769,0.5772198674057167,0.41508251514518485,0.006261478392276534,2.2805247225025227e-05
Thank You Hashem,Baruch Levine,20s,2mWBVk6110qFppvWpAfKEM,2020,2020-12-06,world,0.8316292476032222,0.6630800999891316,0.5540004177982035,0.17971591885557098,0.0
Anim,Gad Feureisen,10s,56oxuU1qxzNubVCSDh0Nnr,2019,2019-03-05,world,0.7795144909089816,0.6826431909575047,0.9007729266764153,0.09005696114908689,0.0
Bsimcha,Danny Palgon,10s,28dnHmv3BKVAJBHnY5Wvdg,2018,2018-12-04,world,0.6341944962808104,0.5641778067601347,0.372258199289743,0.43072083964639996,0.0
Ayeh! - DJ Roi Cohen Remix,"Reuven Garber ראובן גרבר, DJ Roi Cohen",20s,1IGXfuqwx0O663HD4QIL7H,2020,2020-03-02,world,0.8536777985123241,0.7054667970872731,0.5257990390641321,0.04397245769189068,1.0494450050454088e-06
Eimosai,Danny Palgon,20s,4Mz7NQcnSrwEK7zzTxqEDq,2021,2021-03-07,world,0.7163754587601899,0.641343332246495,0.4370169208272404,0.3363429894290483,0.00010696266397578204
Ashira Lashem,"Dovid Pearlman, Ari Goldwag",20s,5THdTA2LPJsQS1Y6LXSWml,2020,2020-08-13,world,0.829624833884213,0.634822301923704,0.6020472111969919,0.15361140709332477,0.0
Adon Olam,"Dovid Pearlman, C. Neuhaus",10s,6D1tVdOWcLeV9eP8hz1zxz,2015,2015-05-06,world,0.8877528317354816,0.615259210955331,0.2970545226655525,0.005157056740796887,0.002542885973763875
לא נורא,Shuky,10s,1YRKdckw52iRbH1ZpbClfy,2016,2016-02-24,world,0.9208256580991343,0.6011303119226171,0.7931898892834761,0.003731348790704979,6.589303733602422e-06
Power,Yoni Z,10s,2dkM9hQsHK3rokuQlbt565,2019,2019-06-23,world,0.8316292476032222,0.7217693728942506,0.6093586797576771,0.06847053796107559,1.8264379414732593e-05
B'yeshiva Sheli,Zevi Kaufman,20s,5vRVfp4oCslVq33LWfzEGP,2020,2020-09-06,world,0.7233909067767224,0.6424301706336268,0.45686233549195737,0.10441444261832229,4.540867810292634e-05
Hey-Ha,Uzi Bodner,10s,27OIJf9rrHW2S7XlRNNczJ,2019,2019-02-13,world,0.8196027652891666,0.4848386044995109,0.6218926258617088,0.08714530406791327,1.9576185671039354e-06
Ad Layla,Uzi Bodner,10s,32crknJnnsg1ZhakRyj8Td,2019,2019-02-13,world,0.856684419090838,0.6326486251494403,0.7388761228326718,0.025598897490001996,0.00014228052472250254
Nodeh Lecha,Nachas,20s,7vrhmwjOyy4rNZZ5lNJOLK,2021,2021-04-29,world,0.7374218028097871,0.537006847081839,0.7263421767286401,0.28815004463720906,0.0
Hallelukah,Yoni Z,10s,0O8BTY6fd6zCtgtGuDMWM5,2018,2018-07-28,world,0.9057925552065649,0.6522117161178134,0.6668059327344893,0.27208572970659606,0.06407669021190716
Ein yeush,"Moshe Lang, A.Y. Bouzaglou",20s,6mP2UJFQ5dcokkFdyAdXjo,2021,2021-05-04,world,0.6071349110741854,0.3946310183675687,0.40045957802381443,0.08081998006398437,1.3118062563067608e-05
Who Am I,BINYAMIN,20s,6IuuwydjnCrtGcu0R4IYEQ,2021,2021-04-30,world,0.48286126049561134,0.7608955548309967,0.3774806768330896,0.14758728899434487,0.0
Accept,Aryeh Kunstler,20s,1eLS6BdFYwmsHeVLLM27st,2020,2020-06-20,world,0.570053257272514,0.5250516248233887,0.4338834343012325,0.20180435188516396,0.0
Dry Tears,"Yossi Rodal, iZZy D JaY",20s,4xcyZFIOWgHmdH41yNf3fr,2020,2020-08-02,world,0.40268471173524106,0.7206825345071188,0.32107791936494673,0.6807217407540656,0.0
Proud Jew,"Yossi Rodal, iZZy D JaY, CTeen",20s,5oWkX9tQ0zpkhW77SYRe1T,2021,2021-02-22,world,0.6251746345452687,0.863058363221389,0.7190307081679549,0.13252699374689514,0.0
Unspoken,"Yossi Rodal, iZZy D JaY",10s,5CLlYGsBwlwBWZO0slsiNS,2018,2018-01-19,world,0.8967726934710232,0.6326486251494403,0.4871527052433674,0.5582313394081411,6.458123107971745e-06
How to Fly,Jeryko,20s,4hhC9NAZ8h8meousL2jnTz,2020,2020-12-16,world,0.635196703140315,0.6989457667644821,0.09860037601838312,0.14658326931118154,0.0
Believe,"Eli Skies, Shmuel Zimmer",10s,24R2LSMaPLaANfhWG9pRaC,2019,2019-08-08,world,0.5500091200824215,0.6869905445060319,0.35241278462502607,0.5913639889525304,7.729566094853684e-06
Elokai,"Eli Skies, Dovid Gross",10s,0FiHFslrbH8YVSyfsTCmrW,2019,2019-07-15,world,0.5179385005782734,0.5283121399847843,0.12680175475245456,0.26003749350863625,0.0
Nyet Nyet,"The International Nigun Project, Leo Chelyapov, Yossi Rodel, Shmuel Marcus, iZZy D JaY",10s,6rActB8bpBNDPiSaF8QK78,2018,2018-06-21,world,0.8737219357024167,0.7043799587001413,0.6250261123877168,0.05280783090372786,0.0
Modeh Ani,"Hershel, iZZy D JaY",20s,6oC9aJ4uNjFqgibUKu9YVd,2020,2020-11-03,world,0.805571869256102,0.6011303119226171,0.442239398370587,0.13754709216271174,0.0
Odecha,Reuven Garber ראובן גרבר,20s,7ceUesom3E6DbxDv0KjvVK,2021,2021-02-27,world,0.6482253923138752,0.4304966851429192,0.14769166492584085,0.03784793762459445,0.011705348133198788
Idan Chadash,Duvie Shapiro,20s,42Xxh6RlXeZUNtNfbJ6A3D,2020,2020-12-24,world,0.7213864930577131,0.7119878274100642,0.69605180697723,0.09256701035699517,0.0
Never Alone,Danny Palgon,20s,4IcaqojAK1Wx8XxPng0wlB,2021,2021-05-18,world,0.557024568098954,0.7315509183784371,0.19887194485063714,0.5742956543387541,0.00491422805247225
K'Echud,"Yossi Newman, Aryeh Barnett",20s,622sbfVBtTl6QqqNMrD7Pp,2021,2021-05-23,world,0.7384240096692918,0.6619932616019999,0.45477334447461876,0.0029682938315008585,0.0002411705348133199
Only One,Nissim Black,20s,19cTeUtINRnEiU4ATB8tL1,2021,2021-01-27,world,0.7694924223139353,0.7228562112813824,0.7357426363066639,0.23393298174639005,0.0
Ah-Yay!,Nachas,20s,3fLDCNVDNufBNSCsrHFxTY,2021,2021-06-21,world,0.6452187717353612,0.6598195848277362,0.43910591184457903,0.13353101343005847,0.0
תרקדו,איציק וינגרטן,20s,4PzvQKnOqQYWC2FtLdEvhK,2021,2021-07-20,world,0.8867506248759769,0.7815454841865015,0.7984123668268227,0.08302882336694367,0.0
Sois Tosis,"Mordechai Shapiro, Freilach Band",20s,2vGCD5joOfSP2gQaf2b9x0,2021,2021-06-02,world,0.8085784898346159,0.5935224432126943,0.7503655734280342,0.0888521375292909,0.0
Hashem Echad,Itzik Orlev,10s,3sbTWtpj2FwgBlxooojJfn,2016,2016-09-27,world,0.7905387663635325,0.628301271600913,0.5968247336536453,0.43574093806221653,0.0
ריקוד מנצח,Itzik Orlev,10s,2VE8igGIazSbpdijsEGZba,2019,2019-08-12,world,0.9498896570247685,0.6272144332137811,0.7420096093586798,0.06274762576704469,3.0877901109989905e-05
Sultan - Workout Remix,"Vishal-Shekhar, Sukhwinder Singh, Shadab Faridi, Irshad Kamil",20s,6ZJX3FWzXqGruGjqUXPFbg,2022,2022-03-03,indian,0.7444372508263195,0.8021954135420064,0.5811573010236056,0.009323738425924648,0.8506559031281533
"Humraah (From ""Malang - Unleash The Madness"")","Sachet Tandon, Kunaal Vermaa, The Fusion Project",20s,4xmkpE1Si5JL7NFxWrhV0S,2020,2020-01-23,indian,0.8556822122313333,0.4446255841756331,0.25840818884478794,0.17670385980608103,0.0
"Singham Again Title Track (From ""Singham Again"")","Santhosh Venky, Ravi Basrur, Swanand Kirkire",20s,5a72qQj4KnwUTSI5LVAPVE,2024,2024-10-26,indian,0.9408697952892269,0.6119986957939355,0.2103613954459996,0.3684716192902744,0.09091826437941473
Dangal,"Pritam, Daler Mehndi",10s,5Ry67OqwCxKbswCxcPHcg9,2016,2016-12-14,indian,0.8687109014048936,0.6065645038582763,0.6636724462084813,0.2379490604790433,0.0
Kar Har Maidaan Fateh,"Sukhwinder Singh, Shreya Ghoshal",10s,7gZwhDmzciskHbZemjf931,2018,2018-06-29,indian,0.8226093858676806,0.5413542006303663,0.16127010653854187,0.01897236758112411,0.0
"Sarphira (From ""Chandu Champion"")","Pritam, Sreerama Chandra, Kausar Munir",20s,0VeHzFdV0pLBKl99kowvG3,2024,2024-06-08,indian,0.8226093858676806,0.6467775241821542,0.5978692291623146,0.4176685837652768,1.6851664984863773e-05
"Illegal Weapon 2.0 (From ""Street Dancer 3D"")","Jasmine Sandlas, Garry Sandhu, Tanishk Bagchi, Intense",20s,5fXslGZPI5Cco6PKHzlSL3,2020,2020-01-04,indian,0.9208256580991343,0.8108901206390611,0.4850637142260288,0.10140238356883235,0.0034611503531786075
"Ghungroo (From ""War"")","Vishal-Shekhar, Arijit Singh, Shilpa Rao, Kumaar",10s,0WdbnNKO0Jt4BZACSDQh44,2019,2019-09-30,indian,0.7284019410742455,0.6913378980545593,0.8715270524336746,0.07469545999668814,0.00017658930373360242
Sooraj Dooba Hain,"Arijit Singh, Aditi Singh Sharma",10s,48pyUxg9RYuwie5M9R7qRn,2015,2015-01-09,indian,0.7514526988428519,0.6054776654711445,0.42239398370587006,0.17268778107342778,0.0
Gallan Goodiyaan,"Yashita Sharma, Manish Kumar Tipu, Farhan Akhtar, Shankar Mahadevan, Sukhwinder Singh",10s,7hNYvX0qAKrxtVr1jGDmvR,2015,2015-05-02,indian,0.8596910396693519,0.8380610803173568,0.9603091706705661,0.1345350331132218,1.7356205852674067e-05
"Coca Cola (From ""Luka Chuppi"")","Tony Kakkar, Neha Kakkar, Young Desi, Tanishk Bagchi",10s,352wEkChkiClswqwDoM0nj,2019,2019-02-04,indian,0.8687109014048936,0.7206825345071188,0.9018174221850846,0.12148277723209866,0.005247225025227043
Baby Doll,"Meet Bros Anjjan, Kanika Kapoor",10s,5c3mUtkS8FvumKaVkcpB0H,2014,2014-02-28,indian,0.8406491093387639,0.8445821106401478,0.4986421558387299,0.2761018084392493,7.315842583249243e-06
Jhoome Jo Pathaan,"Vishal-Shekhar, Arijit Singh, Sukriti Kakar, Vishal Dadlani, Shekhar Ravjiani, Kumaar",20s,6FAYpZ4jve8vpvTwUvjK6H,2022,2022-12-22,indian,0.7394262165287964,0.823932181284643,0.612492166283685,0.0967838930262811,0.0
Ainvayi Ainvayi,"Salim–Sulaiman, Salim Merchant, Sunidhi Chauhan, Amitabh Bhattacharya",10s,74AqVxZ3oXwJ8olHssBUG3,2010,2010-03-11,indian,0.7434350439668149,0.6848168677317683,0.8840609985377063,0.034032662828573854,0.004641775983854692
Comment te dire adieu,Françoise Hardy,00s,5tYSTEEJGs5Vno1OchhVis,2005,2005-11-21,electronic,0.6061327042146807,0.7424193022497555,0.9404637560058492,0.30622239893414877,2.5227043390514632e-05
Isla Privée,"Dele GT, LAVIERY",20s,56WHJQ0YBal6zZcSojTic0,2024,2024-10-22,electronic,0.5480047063634123,0.6902510596674274,0.39314810946312934,0.26606161160761616,0.0001977800201816347
La Bebé (Remix) [French Version],Dele GT,20s,0KDGlg4LGADUYd9pyI6gVm,2024,2024-01-13,electronic,0.40970015975177343,0.7119878274100642,0.4881972007520367,0.08242641155704569,0.0
Balance ton quoi,Angèle,10s,2jX5c5RFp0A9E1GDsvGxIa,2018,2018-10-05,electronic,0.4427729861154262,0.7000326051516139,0.3670357217463965,0.596384087368347,2.411705348133199e-05
Yeux disent,Lomepal,10s,0RsI4r9abN1pSFJro36Hon,2017,2017-06-30,electronic,0.5870907738840927,0.7358982719269644,0.38165865886776684,0.5552192803586511,2.2300706357214934e-05
Douce France,Charles Trenet,90s,6zlMAsPgiG81sZzsYVFwL3,1992,1992-01-01,electronic,0.19623009867728738,0.5674383219215302,0.34719030708167953,0.9829316653862236,0.010393541876892029
Alucin - Versión Francés,"Eugenio Esquivel, Dele GT, Los Esquivel, Sebastian Esquivel",20s,7HZ9e2KHkHmohIqV1ZKq4d,2024,2024-04-19,electronic,0.6953291147105927,0.765242908379524,0.5508669312721957,0.004394001781592767,0.0004036326942482341
Tout oublier,"Angèle, Roméo Elvis",10s,06O3hxudc6V0BOuoCFSy71,2018,2018-10-05,electronic,0.5429936720658891,0.6880773828931638,0.2667641529141424,0.4949780993688522,2.7749747729566094e-06
Ella Baila Sola - Acustic French version,Dele GT,20s,2tAGIijnz8Ng9DQtPaCu3p,2024,2024-02-04,electronic,0.2383227867764818,0.5261384632105206,0.34301232504700224,0.7991960633673368,0.0
Ta reine,Angèle,10s,3iXhLi33EpUfcOwasC8un1,2018,2018-10-05,electronic,0.4407685723964169,0.6619932616019999,0.10173386254439105,0.825300575129583,4.01614530776993e-06
Impala,"Adèle Castillon, Videoclub",20s,1azxgcGDD3ht64TIR1pMAU,2022,2022-06-10,electronic,0.5530157406609354,0.6272144332137811,0.7388761228326718,0.6265046778632465,0.0
Flou,Angèle,10s,3b89BehicGUgc60pLBo092,2018,2018-10-05,electronic,0.5209451211567873,0.6772089990218455,0.4579068310006267,0.6997981147341685,5.4894046417759835e-06
CIEL,HOUDI,20s,70VFaIxtThfcwcRMmDc3gE,2023,2023-03-03,electronic,0.41170457347078265,0.9391370503206173,0.305410486734907,0.05310903680867686,0.007053481331987891
Face à la mer,"Calogero, Passi",00s,4nz1v2ghmGRo3RTZKxaC3P,2004,2004-01-01,electronic,0.7875321457850186,0.451146614498424,0.6636724462084813,0.007626945161378644,0.00045005045408678105
"Je t'aimais, je t'aime, je t'aimerai",Francis Cabrel,00s,6G1Prx5bZTrvYLjHeD5CvK,2007,2007-04-04,electronic,0.39967809115672714,0.3772416041734594,0.35763526216837266,0.831324693228563,6.337033299697275e-05
Incapable,"Jewel Usain, Béesau, Hedges",20s,0s5qEmya1vvjRmA8wNb98K,2023,2023-10-27,electronic,0.5139296731402548,0.43375720030431475,0.4370169208272404,0.1997963125188373,0.0773965691220989
Pastille bleue,Jewel Usain,20s,56NCUmnLFHPDjbXWo5hvrd,2023,2023-10-27,electronic,0.5209451211567873,0.8315400499945658,0.23542928765406307,0.1556194464596514,0.00020383451059535822
En plein océan,Jewel Usain,20s,0UXWOnwo3DGJH9LhqiP1RT,2021,2021-05-07,electronic,0.4808568467766021,0.7261167264427779,0.21871735951535407,0.08905294146592356,5.5903128153380425e-06
1994,Hamza,10s,0F1UDr3MEQg6CCyzAZW4Yf,2017,2017-10-27,electronic,0.6802960118180233,0.8098032822519292,0.5717568414455818,0.3885520129535407,0.0
J'me tire,GIMS,10s,4w47YE9rjhmZUdtZjSCb82,2013,2013-12-02,electronic,0.6772893912395095,0.7532876861210738,0.41299352412784623,0.008952251143154222,1.9576185671039354e-06
Ramenez la coupe à la maison,Vegedream,10s,1m0UFnuTktOkksvjbF9z0m,2018,2018-07-20,electronic,0.66225628834694,0.8141506358004565,0.8088573219135159,0.035940300226584156,0.0
Notes pour trop tard (feat. Ibeyi),"Orelsan, Ibeyi",10s,3SgnYOV9ONL0bIHaAcOYE1,2017,2017-10-20,electronic,0.6231702208262594,0.5130964025649386,0.5884687695842907,0.6044162448336535,0.0
Trop beau,Lomepal,10s,4WB9OeauHXnGOMUK4s80gM,2018,2018-12-07,electronic,0.6612540814874354,0.7489403325725464,0.3074994777522457,0.2961822021025156,5.610494450050454e-06
Sur ma route,Black M,10s,3Uyt0WO3wOopnUBCe9BaXl,2014,2014-03-31,electronic,0.786529938925514,0.7478534941854147,0.375391685815751,0.05320943877699318,0.0
Désolé,Sexion d'Assaut,10s,5NsOnvpjvH9sCz8TyVOmOz,2010,2010-03-29,electronic,0.48286126049561134,0.621780241278122,0.6762063923125131,0.42971681996323663,0.0
Wati by Night,Sexion d'Assaut,10s,4g0kyRLFKBYFxDF1vCxj8v,2010,2010-03-29,electronic,0.7574659399998798,0.9489185958048039,0.7618550240233968,0.15059934804383482,0.0
Ma direction,Sexion d'Assaut,10s,6tFJdAZGXGsHTdMKmc1NjR,2012,2012-11-19,electronic,0.7644813880164122,0.876100423866971,0.682473365364529,0.07861113676102507,0.0
Pitbull,Booba,00s,1efBNlkIwBbccMBXHoJBZN,2006,2006-02-13,electronic,0.9659249667768426,0.791327029670688,0.5895132650929601,0.2901580840035357,9.404641775983856e-06
Tchikita,Jul,10s,4RlWqAjKp9OcLaY49FtBEZ,2016,2016-09-20,electronic,0.6552408403304075,0.973915878708836,0.7514100689367036,0.729918705229068,3.218970736629667e-06
FADE UP,"ZEG P, Hamza, SCH",20s,4ZpIuzx91EAPK3VimONbfB,2022,2022-06-24,electronic,0.600119463057653,0.7598087164438648,0.5508669312721957,0.5722876149724274,1.1402623612512614e-06
Bande organisée,"Kofs, Soso Maness, Elams, Jul, SCH, Naps, Solda, Houari, 13 Organisé",20s,205HNJ73cgpC0LAOnuQiWT,2020,2020-08-15,electronic,0.9408697952892269,0.9152266058037171,0.8099018174221851,0.11746669849944541,0.0
Fusil,SCH,10s,1gKcpNIXhmHx2EHI5IPhte,2015,2015-11-13,electronic,0.46482153702452805,0.8815346158026302,0.06611656569876749,0.47590172538874914,0.001231079717457114
6.45i,SCH,10s,6eWGypcxIWmAUThXFQkJNy,2016,2016-12-09,electronic,0.6522342197518937,0.5054885338550158,0.3189889283476081,0.6044162448336535,1.503531786074672e-06
92i veyron,Booba,10s,6Wpgf0xNuBIUpJF2uH7swL,2015,2015-12-04,electronic,0.6742827706609955,0.8065427670905337,0.442239398370587,0.27108171002343273,0.0
E.L.E.P.H.A.N.T - Bonus Track,Booba,10s,6ZEMbp1RZ1iMkQOufEbzNC,2017,2017-12-01,electronic,0.6863092529750511,0.8489294641886751,0.24796323375809484,0.1937721944198574,6.246215943491423e-05
La Vie en rose,Édith Piaf,00s,3lAun9V0YdTlCSIEXPvfsY,2008,2008-10-13,electronic,0.27841106115666703,0.33920226062384523,0.32212241487361604,0.9849397047525502,0.0
Je ne veux pas travailler,Sole Gimenez,10s,2iHMlhebiSk5TXx9F6QPKl,2012,2012-10-10,electronic,0.5039076045452086,0.6587327464406043,0.4579068310006267,0.7038141934668217,1.0898082744702322e-05
Amour plastique,"Videoclub, Adèle Castillon, Mattyeux",10s,3vTQ939Tlk6CXYtQgMOFUR,2018,2018-09-08,electronic,0.3545787824790188,0.6967720899902184,0.22498433256736994,0.7680714531892741,0.0015943491422805247
Je ne t'aime plus,Manu Chao,90s,7Deb4scGmEv4fY2CZcVnSb,1998,1998-10-06,electronic,0.4387641586774077,0.641343332246495,0.9425527470231879,0.9146583269311181,0.7658930373360242
Simple,"Moussa, Claire Laffut",20s,1wjXWDEenSycqZNJOF6wa6,2020,2020-12-04,electronic,0.3736207128096068,0.6206934028909902,0.3304783789429705,0.8594372443571358,1.0898082744702321e-06
Paradis,Panache!,20s,0oDUYKZnvsuybXfvVkp0d7,2020,2020-11-11,electronic,0.6662651157849585,0.7174220193457232,0.6542719866304575,0.4206806428147668,0.01725529767911201
Bleu ciel,Smeels,20s,79q4dA8cBcYckt0k8pxX7n,2021,2021-04-16,electronic,0.5500091200824215,0.6424301706336268,0.10486734907039899,0.1807199385387343,0.0
La recette,Slimane,20s,1hlHyt8OJfKU1g8g7rZxxb,2022,2022-09-01,electronic,0.6742827706609955,0.7261167264427779,0.3837476498851055,0.24899327699383977,0.0
Sors,Ycare,10s,1JurJmRaDLc7buJqK97TDv,2014,2014-03-17,electronic,0.8636998671073705,0.5685251603086621,0.5560894088155421,0.02640211323653265,0.00011806256306760847
La pluie (feat. Stromae),"Orelsan, Stromae",10s,4cYFep5SECqb4EsSkF82e0,2017,2017-10-20,electronic,0.7604725605783936,0.6902510596674274,0.7806559431794444,0.07590028361648413,0.0
La terre est ronde,Orelsan,10s,3IM7zXywZ6sRTtkRjRLxJ8,2011,2011-09-26,electronic,0.6762871843800048,0.6250407564395175,0.6302485899310634,0.09939434420250572,0.00031685166498486377
Parce que c'est toi,M. Pokora,20s,3NUWfWIcH0V9tSEgjYjnEh,2023,2023-06-05,electronic,0.6181591865287362,0.6924247364416911,0.6229371213703782,0.27007769034026946,0.0
Don't Stop,Lenni Kim,10s,1z2TYaojKtxBKRhEQqjdi8,2017,2017-06-30,electronic,0.7925431800825418,0.7511140093468102,0.5884687695842907,0.18975611568720416,0.0
Mais je t'aime,"Grand Corps Malade, Camille Lellouche",20s,17NQyo1HsqDX7mbzsTWMuX,2021,2021-09-10,electronic,0.4127067803302873,0.4533202912726877,0.1873824942552747,0.7991960633673368,9.122098890010091e-06
Derrière le brouillard,"Grand Corps Malade, Louane",20s,6r6nk82xSKVf9SoJTY1w2p,2021,2021-09-10,electronic,0.6171569796692317,0.6750353222475819,0.20827240442866096,0.1676676826576112,0.0
Pas l'temps pour les regrets,Lunatic,00s,72B5i2mQecSeyVJhVo1NWb,2000,2000-01-01,electronic,0.8697131082643982,0.5978697967612217,0.5874242740756215,0.2871460249540458,0.0
On verra,Nekfeu,10s,57I5KhEpQFC9XBgKt6nklL,2015,2015-06-08,electronic,0.581077532727065,0.5609172915987393,0.3064549822435763,0.1666636629744479,0.0
Qui peut le nier ! - Remasterisé,Oxmo Puccino,10s,0JIWgWWupVLm1NB6kjadoB,2018,2018-04-27,electronic,0.5019031908261993,0.7750244538637105,0.36494673072905787,0.010639004210868592,1.170534813319879e-05
AMNESIA,TIF,20s,1vwIAeJ9fJstyvPIeYi5Yr,2023,2023-03-10,electronic,0.3926626431401948,0.7967612216063472,0.6970963024858993,0.8674694018224423,0.0
Heureux qui comme Ulysse,Georges Brassens,10s,1i6Vmga5t8PAdFg0F3t8WJ,2016,2016-10-14,electronic,0.1451175488425513,0.6717748070861863,0.6981407979945686,0.9327306812280579,0.0
Le chant des sirènes,Fréro Delavega,10s,0gSvEcIBXqiYqomjp6hKHj,2014,2014-01-01,electronic,0.47484360561957434,0.7293772416041735,0.6218926258617088,0.6716855636055957,2.8758829465186682e-05
FLEURS (feat. Tiakola),"Gazo, Tiakola",20s,0i9RysNKssk6syOrKDX3U2,2022,2022-07-01,electronic,0.6372011168593242,0.667427453537659,0.4265719657405473,0.26907367065710613,0.0
Apollo13,"Mister V, Juice",10s,0P8n6AIBVc88gxbliu0lej,2017,2017-05-19,electronic,0.6682695295039678,0.7935007064449517,0.7326091497806559,0.35742740277547785,0.0
T'as peur,"Aya Nakamura, Myke Towers",20s,35XF6veSvhoPdWy89zaeaj,2023,2023-01-27,electronic,0.5660444298344955,0.7565482012824694,0.3941926049717986,0.11345061976679215,2.795156407669021e-05
CP_009_ Évidemment,"Orelsan, Angèle",20s,6btgTbK2UslfSu0qjTEXQm,2022,2022-10-28,electronic,0.6712761500824816,0.7109009890229323,0.44641738040526424,0.11345061976679215,0.0
Magenta,Bekar,20s,1QrLZmyF1mq9zyMsZbPbNt,2022,2022-04-08,electronic,0.5530157406609354,0.7250298880556462,0.626070607896386,0.5361429063785481,2.7648839556004035e-06
Salé,Niska,10s,6NidE9hFNlSMBaTZ4NtgP6,2017,2017-09-22,electronic,0.5961106356196344,0.7750244538637105,0.35554627115103404,0.4076283869336437,0.0
Mélodie,OBOY,20s,0S27n2bvUftoQ4jNX0I8HX,2020,2020-07-03,electronic,0.5369804309088614,0.7848059993478971,0.5163985794861082,0.36144348150813116,2.2300706357214933e-06
P A S C O M M E Ç A,"Tayc, Tiakola",20s,1ZrkOlKJ9db1cHnL1xEyfd,2021,2021-11-19,electronic,0.6923224941320788,0.7674165851537876,0.7117192396072697,0.22690484396424684,4.2280524722502524e-05
Céline,"Elh Kmer, So La Lune",20s,3nw1MPvp1zEE7Ud7er5Dhg,2022,2022-03-18,electronic,0.5790731190080557,0.6119986957939355,0.5748903279715897,0.6044162448336535,0.0
AMARU,Dinos,20s,5ymYY65E7II6wmpDlE8162,2022,2022-05-24,electronic,0.46482153702452805,0.8989240299967395,0.4046375600584917,0.16867170234077453,0.0010797174571140263
Namek,Dinos,10s,4Zxja2USwpNPvh4iM0aSuq,2015,2015-01-19,electronic,0.597112842479139,0.7043799587001413,0.5404219761855025,0.5522072213091612,0.0
"L’Amour, Les Baguettes, Paris",Stella Jang,20s,2g6FVCA4sQZOv9LXIABsgr,2021,2021-10-15,electronic,0.13208885966899112,0.33702858384958156,0.35241278462502607,0.9578311733071407,4.732593340060545e-06
Δ. Dieu ne ment jamais,Damso,10s,6YWjskKykdPsBuiTBOg1VK,2017,2017-04-28,electronic,0.7374218028097871,0.7576350396696012,0.6083141842490077,0.05993637065418741,5.005045408678103e-06
DJ,Diam's,00s,4D0dgZLZWkaWG25NBuxOfS,2003,2003-05-12,electronic,0.6241724276857641,0.9315291816106945,0.8213912680175475,0.15059934804383482,0.0
Billets,Gradur,10s,38mchzcPcwkyFRj7PIJ5dk,2019,2019-11-29,electronic,0.7213864930577131,0.6043908270840126,0.28243158554418213,0.7088342918826384,0.0
Des milliers de je t'aime,Slimane,20s,1NwjfTd5fsvRFtYGERuKzA,2022,2022-09-01,electronic,0.5530157406609354,0.5141832409520705,0.27825360350950484,0.7279106658627413,0.0
Hijo de la Luna - Fils de la Lune,The Top Club Band,10s,59VceYDvHQWdostZU4Pra1,2013,2013-10-21,electronic,0.4127067803302873,0.3978915335289642,0.3659912262377272,0.8433729294265226,0.18062563067608475
BANKSY,"Recycled J, Selecta",20s,0wQbmIlYIvVQA3Zaa33xA0,2021,2021-09-24,electronic,0.5099208457022363,0.745679817411151,0.4955086693127219,0.39256809168619394,0.0
La maladie d'amour,Michel Sardou,00s,2flivK5ivlprHRE7YNcRrj,2004,2004-01-01,electronic,0.4407685723964169,0.35115748288229537,0.3983705870064758,0.7801196893872339,0.0010696266397578205
Les mots bleus,Christophe,10s,1rCd7kvnOBmT4dYHwHychc,2013,2013-03-18,electronic,0.7113644244626668,0.3087707857841539,0.3774806768330896,0.4989941781015054,1.432896064581231e-06
Aimer à perdre la raison,Jean Ferrat,90s,5okI57GiUG0innS360o2bH,1995,1995-11-23,electronic,0.34355450702446794,0.2739919573959352,0.3994150825151451,0.7730915516050907,1.836528758829465e-06
Comme d'habitude,Claude François,90s,11FBMKhiuYT4doKhC4p3i6,1993,1993-01-01,electronic,0.4878722947931345,0.2892076948157809,0.47984123668268225,0.14357121026169162,1.0191725529767913e-06
Coup de vieux,"Bigflo & Oli, Julien Doré",20s,63siBeZzxXVaY0uASns1V2,2022,2022-06-23,electronic,0.6251746345452687,0.8424084338658842,0.8370587006475871,0.07318943047194318,0.0
Dommage,Bigflo & Oli,10s,4BEWiTPV0v87mBryf7gdxK,2017,2017-11-03,electronic,0.5961106356196344,0.758721878056733,0.816168790474201,0.3765037767555809,0.0
Hit Sale,"Therapie TAXI, Roméo Elvis",10s,3yndKI4zWEyC36BQYrdKBA,2018,2018-02-02,electronic,0.7855277320660093,0.5587436148244755,0.6897848339252141,0.14156317089536496,0.0
Eté 90,Therapie TAXI,20s,1p9dxTMtG4gZpLp7yzvT54,2021,2021-01-08,electronic,0.6191613933882408,0.641343332246495,0.3670357217463965,0.021582818757348732,1.1705348133198788e-06
Papa,"Bigflo & Oli, Fabian Ordonez",10s,6Dkb4sANTPgy9F2lRcDzH3,2017,2017-11-03,electronic,0.6853070461155465,0.7848059993478971,0.5571339043242114,0.25702543445914633,0.0
1000°C,"Lomepal, Roméo Elvis",10s,6l7PqWKsgm4NLomOE7Veou,2018,2018-12-07,electronic,0.5540179475204401,0.7032931203130094,0.3785251723417589,0.26405357224128956,3.4712411705348133e-05
Soleil,Roméo Elvis,10s,5SNfvgi4TUwx4Si0lFn3G2,2019,2019-04-12,electronic,0.767488008594926,0.6989457667644821,0.5038646333820764,0.26003749350863625,0.0
40%,Aya Nakamura,10s,47LFcy7prvEY5D08d26zOo,2019,2019-10-25,electronic,0.6943269078510881,0.850016302575807,0.6772508878211825,0.3975881901020106,4.026236125126135e-06
Lolita,Ashh,10s,4l1Uz65pAxfYRvT5esJYy2,2017,2017-07-07,electronic,0.6762871843800048,0.451146614498424,0.372258199289743,0.22088072586526694,0.0
J't'emmène au vent,Louise Attaque,90s,0Wr98MVkENZXddiLB3bPb0,1997,1997-04-22,electronic,0.7735012497519538,0.5522225845016846,0.5926467516189681,0.253009355726493,0.0
A minuit,Bekar,20s,1QVI9FaqaN9hvPiRxyXscb,2023,2023-05-31,electronic,0.6241724276857641,0.7098141506358004,0.8767495299770212,0.4016042688346638,0.0
Les feuilles mortes,Yves Montand,10s,1AGcJROYcL6gN8op97wyR2,2017,2017-11-10,electronic,0.1461197557020559,0.3609390283664819,0.13411322331313977,0.9879517638020402,0.0002452068617558022
Elle Danse sexy,"Sisi K, BB Model",10s,0fpNMkpXWuz999FB8hStfD,2011,2011-06-20,electronic,0.8396469024792593,0.6206934028909902,0.7075412575725925,0.00211487710081204,1.2815338042381434e-05
Magic in the Air (feat. Ahmed Chawki),"Magic System, Chawki",10s,3s6ltUrI93LBKU8taezsLn,2014,2014-05-16,electronic,0.9087991757850787,0.6109118574068036,0.8924169626070608,0.09136218673719919,0.0
Ambiance à l'africaine,Magic System,10s,21laPESsH4dri1JmqKUQ6X,2011,2011-04-01,electronic,0.7745034566114585,0.8608846864471253,0.7357426363066639,0.1927681747366941,0.0
Bécane - A COLORS SHOW,Yamê,20s,3oUEzTAoOxqZHN4xiqTGqJ,2023,2023-06-01,electronic,0.5279605691733197,0.4848386044995109,0.2145393774806768,0.3283108319637418,0.0
Petit à petit,Arcadian,10s,6kCjAnjXVwZgVodhcJX7Wc,2019,2019-10-04,electronic,0.7755056634709631,0.8119769590261929,0.509087110925423,0.10642248198464893,0.0
I love you,"Dadju, Tayc",20s,2QcTf5lLMrrWTiElDInpTb,2023,2023-12-08,electronic,0.6111437385122038,0.42180197804586456,0.7190307081679549,0.31726661544894524,0.00017658930373360242
Les yeux de la mama,Kendji Girac,10s,27jzdLZg3naniynbrXi8yE,2016,2016-11-25,electronic,0.557024568098954,0.4522334528855559,0.40150407353248374,0.4317248593295633,0.0
Le vent nous portera,Noir Désir,00s,2ZQVJD9I6GCqXmkmMuEoLa,2001,2001-01-01,electronic,0.7033467695866297,0.6630800999891316,0.7973678713181533,0.7158624296647815,0.041170534813319885
Côte Ouest,47ter,10s,2amrInRmNzmt4Etb6Yn1er,2019,2019-10-25,electronic,0.5951084287601298,0.7739376154765787,0.575934823480259,0.5030102568341587,0.0
On avait dit,47ter,10s,2BdvlpzLMtnrRX24NLIpu5,2019,2019-10-25,electronic,0.6442165648758567,0.7750244538637105,0.7796114476707751,0.5431710441606913,0.0
Et même après je t'aimerai,Hoshi,20s,5Pl4OxV9RGWNMO8MGmAoDP,2022,2022-02-11,electronic,0.6221680139667548,0.576133029018585,0.23334029663672445,0.28815004463720906,0.0
Tout va bien,roland decembre,20s,17FECd8IneHV65pCJduuse,2023,2023-02-03,electronic,0.6251746345452687,0.7424193022497555,0.8736160434510132,0.253009355726493,0.15539858728557013
Dans ma tête,Nell Widmer,20s,1N065mYphUNO3ImHmMpC1t,2023,2023-05-05,electronic,0.5710554641320187,0.8391479187044886,0.46835178608731975,0.20080033220200064,0.0
Reste en Vie,Luidji,20s,1qkwBaQUYh3HeUlUlGu8YM,2023,2023-06-22,electronic,0.305470646363292,0.765242908379524,0.5445999582201797,0.8604412640402991,0.00013218970736629667
Médicament,"Niska, Booba",10s,55mCsKCo4bPuYtZvHppp8z,2019,2019-04-05,electronic,0.6542386334709029,0.6587327464406043,0.3670357217463965,0.6957820360015152,0.0
Réseaux,Niska,10s,0HKNlsZ0zFlSqUqWj1nVVG,2017,2017-09-22,electronic,0.6692717363634724,0.8000217367677427,0.3336118654689784,0.1616435645586313,0.0
P*Tain de m*Rde,Naza,10s,1OYliHobfsVlwcnQqtSSEE,2018,2018-05-04,electronic,0.8035674555370927,0.7793718074122379,0.8088573219135159,0.27108171002343273,0.0035923309788092835
La mer,Charles Trenet,90s,7sZSe99XSTu5KpYJEThvWr,1990,1990-06-25,electronic,0.16816830661115778,0.19791327029670686,0.5498224357635263,0.9688753898219372,0.11503531786074672
Je t'aime moi non plus,"Serge Gainsbourg, Jane Birkin",90s,5P0tWr5JZqDoi5wq2OalFH,1996,1996-01-01,electronic,0.36259643735505587,0.4467992609498967,0.3618132442030499,0.39156407200303067,0.0007093844601412714
Pacifique,Zoufris Maracas,10s,5kBAS93dHatBVw5lve0NVF,2015,2015-03-02,electronic,0.4127067803302873,0.6435170090207587,0.9321077919364947,0.4457811348938497,0.0
Jardin d'hiver,Henri Salvador,00s,7gHRVNiuL66Z6fE6DwZaFT,2000,2000-10-15,electronic,0.14411534198304665,0.6793826757961092,0.5675788594109045,0.5361429063785481,0.02512613521695257
La mémoire et la mer,Léo Ferré,10s,314p6h1dfDjmtsEqQCdLO2,2013,2013-01-01,electronic,0.28141768173518095,0.39245734159330503,0.25840818884478794,0.8534131262581559,0.0
La maison près de la fontaine,Nino Ferrer,00s,5nzDLvRsZo6aUwb0wMhogb,2004,2004-01-01,electronic,0.3024640257847781,0.4435387457885013,0.15709212450386462,0.7911639059020303,0.0006559031281533804
Le sud,Nino Ferrer,00s,7zjkSx1EUums3s1Yg2jPJD,2004,2004-01-01,electronic,0.5610333955369724,0.5163569177263341,0.5947357426363067,0.4528092726759929,9.717457114026236e-05
Used to Be in Love,The Jungle Giants,10s,290xSzR8Ee9fm82poMg4od,2017,2017-07-07,indie,0.6321900825618011,0.8380610803173568,0.8851054940463756,0.0022052388722967387,0.036226034308779013
Booster Seat,Spacey Jane,20s,72RC6Kw32QfJi6RzlDKNxs,2020,2020-06-12,indie,0.5510113269419261,0.6196065645038583,0.7002297890119072,0.04216522226219672,1.2209889001009083e-06
Sofa King,Royel Otis,20s,25HgUJf69zb3K7TJw7LGCQ,2023,2023-03-31,indie,0.8997793140495371,0.5500489077274209,0.8715270524336746,0.004926132213669325,0.002986881937436932
Yellow Mellow,Ocean Alley,10s,37PW5zbkDIya8arHEHEo6q,2013,2013-09-08,indie,0.8536777985123241,0.4717965438539289,0.4902861917693754,0.023189250250410038,9.808274470232088e-06
Out Of Luck,Old Mervs,20s,3ITiZ7MiBhQ4yCYrWpHhVK,2021,2021-08-06,indie,0.8847462111569676,0.48592544288664274,0.4913306872780447,0.29116210368669904,0.0
Sunbleached Girl,Shag Rock,10s,7xeJKKmWX8PT0N5jZccbVD,2017,2017-02-10,indie,0.6041282904956714,0.7163351809585915,0.4641738040526425,0.32730681228057845,0.0
Better in Blak,Thelma Plum,10s,1c5iUY7Zg1SxtROg1yr5ad,2019,2019-07-12,indie,0.8506711779338102,0.667427453537659,0.3607687486943806,0.018671161676175115,0.00027648839556004037
Money,Lime Cordiale,20s,2Vi8BQIM9vCQkkrvf3VPjI,2020,2020-07-10,indie,0.5860885670245881,0.6380828170850995,0.3994150825151451,0.16365160392495795,0.29566094853683145
Australia Street,Sticky Fingers,10s,2e9OK4HiyXyAH5oEtaxnIc,2013,2013-03-08,indie,0.6913202872725741,0.4315835235300511,0.5038646333820764,0.021582818757348732,0.0
Up In The Clouds,Skegss,10s,440m8MPuMzg5PkipV7Sh45,2018,2018-09-07,indie,0.6412099442973428,0.537006847081839,0.46835178608731975,0.010940210115817587,0.0
Feel the Way I Do,The Jungle Giants,10s,0TVwMTKyuSp41ytctKTA3T,2017,2017-07-07,indie,0.6372011168593242,0.8087164438647974,0.8224357635262168,0.023189250250410038,0.005095862764883955
Rose Pink Cadillac,DOPE LEMON,20s,5J59tqY0Ad4r27tJJajzyB,2022,2022-01-07,indie,0.8065740761156066,0.7467666557982828,0.9153958637977857,0.3222867138647619,0.006912209889001009
Tombstone,Ocean Alley,20s,1fD7qtrFhJReUkEEAvwt3b,2020,2020-06-19,indie,0.5429936720658891,0.2989892402999674,0.8140797994568624,0.01174342586234824,0.0006377396569122099
Glaciers,Lights & Motion,10s,2No1A7ZuMaBGxz45jmA9Gw,2018,2018-02-02,electronic,0.16015065173512075,0.021736767742636665,0.01180279924796323,0.735942823328048,0.79313824419778
The Ends,Luke Howard,10s,6k7kaov8nnc7SQkX2DWCCq,2016,2016-01-01,electronic,0.04279222848712866,0.14900554287577436,0.029141424691873825,0.980923626019897,0.9919273461150353
Ariana,Tony Anderson,20s,1ey4hhMVl1Tv9MK1y44tS0,2020,2020-01-17,electronic,0.18520582322273646,0.4935333115965656,0.004700229789011904,0.9708834291882639,0.905146316851665
Rush/Rest,Benjamin Drewitz,20s,62xhvHjkjOs5wopWPdEaAP,2024,2024-10-18,electronic,0.16315727231363464,0.36854689707640476,0.35659076665970335,0.9909638228515302,0.9132189707366297
Umbra,Jakob Ahlbom,20s,3IlvMxbtmTsyp8xWvNiMn5,2024,2024-10-03,electronic,0.2333117524789587,0.21530268449081622,0.0077292667641529105,0.9397588190102011,0.9323915237134208
Solskur - Rework,"Patrik Berg Almkvisth, LUCHS, Hollie Kenniff",20s,27yz3nbxcssedZNf0u3S6p,2023,2023-11-10,electronic,0.2874309228922087,0.07510053255080969,0.0100271568832254,0.9638552914061206,0.9354187689202826
Enghave Lys,Henrik Lindstrand,10s,76zO7AbD1yzo0aDnFD5wYj,2017,2017-10-06,electronic,0.10603148132187076,0.6011303119226171,0.2312513056193858,0.9939758819010202,0.9455095862764885
december - Music Within remix,"Dear Gravity, Music Within",20s,3XcxYs70n1krXg2yhrRRhs,2024,2024-11-08,electronic,0.16716609975165314,0.38919682643190956,0.04940463756005849,0.9799196063367337,0.9243188698284561
We Still Share the Same Sky,Koshun Nakao,20s,1xDTOcpdMhuSOnJGPcqv4U,2024,2024-10-11,electronic,0.13208885966899112,0.16204760352135636,0.06475872153749739,0.9538150945744874,0.9212916246215944
Monarch,From Somewhere Quiet,20s,6SiKiXMXBVzQk9j7d3vLaC,2024,2024-03-08,electronic,0.13910430768552354,0.2022606238452342,0.12471276373511593,0.5953800676851837,0.9182643794147326
Relent,Jakob Ahlbom,20s,6dnfoFN9ifNOR7AJKlL1VU,2022,2022-11-11,electronic,0.09169992323095458,0.19682643190957502,0.009296010027156881,0.9678713701387739,0.8748738647830474
New Beginning,AEMIA,20s,2jq09HyWZoXObqw6hQbQs2,2023,2023-02-10,electronic,0.20625216727233367,0.07075317900228235,0.007415918111552122,0.9297186221785679,0.79313824419778
love is like the wind,Ross Lara,20s,6N2tJajLso5aR0dyUNOe5a,2024,2024-10-21,electronic,0.00926840903669881,0.10118465384197368,0.2291623146020472,0.9748995079209171,0.9485368314833501
Autonomy,"Jakob Ahlbom, Hanna Ekström, Anna Dager",20s,3lWu0WBPwzuTAhWHk8JE4Z,2023,2023-12-01,electronic,0.07315909633011893,0.13161612868166503,0.042510967202841025,0.9578311733071407,0.9485368314833501
Restore - Instrumental,"Salt Of The Sound, Simon Wester",20s,3qhPdw0I2VODvWTKZSlk8w,2024,2024-10-11,electronic,0.07977366160284947,0.21204216932942072,0.04000417798203468,0.9467869567923443,0.9858728557013118
Trampoline,"Stilhed, Jacob David",20s,62Is90S3pFnUxtnhztyuZX,2024,2024-10-11,electronic,0.06233526224746892,0.1826975328768612,0.009504909128890742,0.7640553744566208,0.9475277497477295
Chapter Three,Sarah Watson,20s,2gKdEkvc4AJarxH6KRm4U8,2024,2024-05-24,electronic,0.044395759462336065,0.22617106836213455,0.22080635053269268,0.9909638228515302,0.9192734611503532
dvale,bløeme,20s,3TEKOQtXovbhdFEoHRYegJ,2024,2024-11-14,electronic,0.06604342762763607,0.12183458319747853,0.010131606434092333,0.9648593110892839,0.8708375378405651
Cavendish Creek,Charlie Ryder,20s,7ylkSbCI3Exq5lyMzum3jP,2024,2024-10-18,electronic,0.0388836217350606,0.1403108357787197,0.053269270942134954,0.9748995079209171,0.9233097880928356
Tundra,Immanu El,20s,7egDeaOpPFLGkZoZYixGLF,2021,2021-06-04,electronic,0.313488301239329,0.16096076513422453,0.008878211823689159,0.9397588190102011,0.8960645812310797
Cambridge,From Somewhere Quiet,20s,106af7OGinDbnSoCOUTupa,2024,2024-05-03,electronic,0.1310866528094865,0.11640039126181936,0.042510967202841025,0.8112442995652966,0.9041372351160444
Heartbeat,Ross Lara,20s,0k18G7KBAbbImzC9O3KKZm,2024,2024-09-23,electronic,0.1461197557020559,0.13813715900445603,0.007624817213285983,0.9196784253469348,0.9465186680121089
cure all - reimagined,Dear Gravity,20s,1Z0aoF608H8lIjWqA6hqtY,2024,2024-09-20,electronic,0.13709989396651429,0.12400825997174217,0.009922707332358472,0.7861438074862137,0.9737638748738647
The Distance Between Us III,Alfonso Peduto,20s,0sCt59oICqnXl3S2a6THtR,2024,2024-08-09,electronic,0.06464033802432957,0.10987936093902836,0.15395863797785667,0.9718874488714271,0.8557013118062563
The Fig Tree,Jakob Ahlbom,20s,1drE1yyx3iSbTbn55SAGOT,2020,2020-10-09,electronic,0.06363813116482496,0.35115748288229537,0.05086693127219552,0.9799196063367337,0.8435923309788093
Through the Trees,"Raphah, We Dream of Eden",20s,2GM5AVjb5D0cWdarRsmj0Z,2024,2024-08-16,electronic,0.15113078999957907,0.1555265731985654,0.006789220806350531,0.8875497954857087,0.9263370332996973
Song For O,Ward Dhoore,20s,0e7clPAilf8eHxniTElPms,2022,2022-03-29,electronic,0.025253608445797646,0.39897837191609603,0.22602882807603925,0.9949799015841834,0.9596367305751765
Sense of Perception,Charlie Ryder,20s,5sM3sfrkHJVgxhiOOiic1v,2024,2024-07-21,electronic,0.03297060126398329,0.12400825997174217,0.22811781909337786,0.910642248198465,0.7891019172552978
Eyries,"Jakob Ahlbom, Hanna Ekström, Anna Dager",20s,77Xol1KVWfGYBwBEP3FzlT,2023,2023-10-13,electronic,0.12206679107394483,0.1403108357787197,0.0100271568832254,0.9698794095051005,0.8173562058526741
Exist,Giuliano Poles,20s,43zP7NSI8gSvjFlY5zXsLh,2024,2024-06-28,electronic,0.02755868422265829,0.46744919030540155,0.05901399623981616,0.9658633307724472,0.9414732593340062
Distant Memory,"Simon Wester, We Dream of Eden",20s,4wigSfbdWq48IotTxWxnZ0,2024,2024-09-20,electronic,0.20424775355332442,0.046842734485382016,0.007415918111552122,0.9176703859806081,0.9606458123107972
Sun,"Sun Rain, Alaskan Tapes",20s,0SbQl7LPw4qtwF9wf1sKKp,2023,2023-12-22,electronic,0.10502927446236614,0.07618737093794152,0.009713808230624604,0.907630189148975,0.958627648839556
Ecosystem,"Jakob Ahlbom, Anna Dager, Hanna Ekström",20s,6q15E1X7HVxn4YMir8YjSG,2023,2023-12-01,electronic,0.2964507846277503,0.14465818932724703,0.004804679339878839,0.6234926188137565,0.8446014127144298
New Mercies,Anneline Hugo,20s,7m11ZzNMFpQa7OM7Zg49UO,2024,2024-09-13,electronic,0.051812090222670325,0.06749266384088685,0.10591184457906831,0.9829316653862236,0.8244197780020182
Run,"Fryderyk HD, Lilibet",20s,1NRSkXm8rBpSBcADcVbcWM,2024,2024-10-17,electronic,0.14110872140453276,0.35115748288229537,0.009296010027156881,0.8052201814663168,0.786074672048436
Hoarfrost,PuzzleWaves,20s,39KexjBaBYo5X0Mhosvlv3,2024,2024-10-25,electronic,0.3355368521484309,0.22399739158787088,0.021412157927720908,0.9447789174260176,0.8506559031281533
Lakewood,Adalione,20s,2oo3KEhjZ0DWnptQVrho9x,2024,2024-10-25,electronic,0.1310866528094865,0.3718074122378002,0.03760183831209526,0.980923626019897,0.9081735620585267
Northern,Sailsetter,20s,06MlFhCl7jYNOlHgmNsooS,2024,2024-10-10,electronic,0.05020855924746291,0.005760243451798709,0.006058073950282013,0.9337347009112212,0.9757820383451059
Altitude,Beneath The Mountain,20s,1dlnJ8vwei1A01CZaUIhOw,2024,2024-01-12,electronic,0.07446196524747495,0.17400282577980652,0.009296010027156881,0.9789155866535704,0.9636730575176589
Sand Castle,Taisen,20s,2xe2tDFUTfVN0XaOPOz1ei,2024,2024-04-19,electronic,0.07195644809871338,0.3913705032061732,0.03331940672655107,0.9648593110892839,0.9233097880928356
Nostalgia,Libby Flores,20s,5KJr7WuU0dQBixGsNYLzy8,2024,2024-03-26,electronic,0.15413741057809296,0.3109444625584175,0.009609358679757677,0.4949780993688522,0.9132189707366297
Lost Love,Ben Laver,20s,4AlzQpZ9G6uJl4ulFm2G63,2024,2024-09-13,electronic,0.013327346817692558,0.1207477448103467,0.06256528096929183,0.980923626019897,0.9667003027245207
Landscapes,Uutela,20s,1EcN9Kmr5GG3u49STIRUfg,2024,2024-11-01,electronic,0.15213299685908369,0.5141832409520705,0.12784625026112387,0.9899598031683668,0.8698284561049445
Coasting,Euan Dalgarno,20s,6SHYWlXSjSNx1fgFLFrLij,2023,2023-11-03,electronic,0.25936913082607904,0.07401369416367785,0.007102569458951327,0.9548191142576508,0.9041372351160444
Carry Me Away,From Somewhere Quiet,20s,1dIZioPSwoXHfZsKe6I71b,2024,2024-09-06,electronic,0.13910430768552354,0.1533528964243017,0.07771046584499686,0.8845377364362187,0.9263370332996973
petals,springwell.,20s,5kTpPuLVpSkJElnLmZXOBL,2024,2024-09-06,electronic,0.0291622151978657,0.06314531029235954,0.03331940672655107,0.9989959803168367,0.9737638748738647
Where Nothing Is Forgotten,Kyle Preston,20s,3GJjSqfjywn95iuykliMFx,2023,2023-10-27,electronic,0.1591484448756161,0.0005434191935659173,0.0006266973052015875,0.8985940120005051,0.9293642785065591
Hope and a Future,Raphah,20s,1J80gYWjk548MuSagguM0j,2024,2024-02-23,electronic,0.20124113297481055,0.08596891642212803,0.003237936076874868,0.9166663662974448,0.8032290615539859
First Heartbeat,Sarah Watson,20s,4K5zf7oUu6GLuaBWUlOEQw,2024,2024-04-12,electronic,0.1451175488425513,0.34572329094663623,0.24065176519740963,0.9929718622178568,0.9636730575176589
No3 | Madrugada,Andreas Hauschild,20s,7C0H5m3j0JkkwNgN7l6va5,2024,2024-05-20,electronic,0.032369277148280515,0.3261601999782632,0.3095884687695843,0.9949799015841834,0.8698284561049445
In Bloom,Antonio Ministeri,20s,40aEtSuHuWv8lTHcsgF7pD,2023,2023-06-09,electronic,0.15513961743759758,0.0008694707097054691,0.0043868811364111086,0.9206824450300981,0.922300706357215
Latitude,George Ian Hewitt,20s,4yq6uDtC2FKIivqwlAWUb9,2024,2024-06-21,electronic,0.03467435292514116,0.5130964025649386,0.06204303321495717,0.9989959803168367,0.9556004036326942
I Opened A Book,Have a Cigar,20s,13Bb92q8dBZLtRsvpNBpoP,2023,2023-04-21,electronic,0.15113078999957907,0.2663840886860124,0.01660747858784207,0.9648593110892839,0.934409687184662
Resonance,Christopher Galovan,20s,3EzLqzSVxa4Bf1FI7UiCdJ,2024,2024-05-10,electronic,0.0524134143383731,0.007499184871209647,0.009713808230624604,0.9287146024954046,0.8375378405650857
Seven Years,Josh Leake,10s,5LTrJFNbf6TpozjaYxA16C,2019,2019-03-14,electronic,0.16816830661115778,0.17182914900554286,0.008355964069354502,0.9146583269311181,0.9465186680121089
Then There Was You,Beneath The Mountain,20s,6slYs8gw2Mym5287UdFaW6,2023,2023-11-09,electronic,0.09410521969376569,0.14465818932724703,0.02412784625026112,0.9036141104163217,0.8980827447023209
"Tomorrow, I'll be fine",Onur Tarçın,20s,6rhjpN1A3oYJEYTqzqAA2P,2023,2023-12-15,electronic,0.20224333983431517,0.19682643190957502,0.03760183831209526,0.7861438074862137,0.9384460141271443
Deep,Peter Sandberg,10s,7qt641kuazHzMIn4lbkns5,2019,2019-03-01,electronic,0.07476262730532635,0.16096076513422453,0.009296010027156881,0.907630189148975,0.9081735620585267
And So It Continues,"Johannes Baumer, Distant Cowboy",20s,1rx2OMOU5caUdm1fjYXsPx,2024,2024-04-19,electronic,0.24032720049549106,0.017063362677969783,0.0011489450595362442,0.6947780163183519,0.9091826437941474
Aria,Across The Great Valley,20s,5MX8N1rZMnP3K8mYpGP256,2022,2022-12-30,electronic,0.16115285859462536,0.37615476578632756,0.014936285773971172,0.9487949961586708,0.8032290615539859
Joha,Asake,20s,5UwxpuGHkwiojKDaPC5ZNu,2022,2022-09-07,latin,0.8186005584296621,0.8261058580589066,0.7733444746187592,0.059534762780922075,0.20282542885973764
Finesse,"Pheelz, Bnxn",20s,3UqcIgObI7zZk8e7nvqmfc,2022,2022-03-03,latin,0.537982637768366,0.8717530703184436,0.7722999791100899,0.5060223158836485,0.0
Monalisa,"Lojay, Sarz",20s,1zwZ26A7OA5wTrA3FejCLL,2021,2021-06-04,latin,0.7063533901651436,0.8348005651559612,0.6208481303530395,0.08162319581051503,0.005610494450050454
Terminator,Asake,20s,4vI2KCvXTAPR3vfiWg1J78,2022,2022-08-18,latin,0.6582474609089215,0.836974241930225,0.816168790474201,0.23594102111271667,5.3178607467204846e-05
Ijo (Laba Laba),Crayon,20s,7tZMF9Hn5uGsfC7zGXbSKM,2022,2022-07-06,latin,0.5139296731402548,0.8250190196717748,0.5780238144975977,0.10642248198464893,0.0010595358224016144
Sungba (feat. Burna Boy) - Remix,"Asake, Burna Boy",20s,5FtWjKVBTMklN2yCP9UhF6,2022,2022-03-27,latin,0.589095187603102,0.8717530703184436,0.7054522665552538,0.009163095276618518,0.0
High,"Adekunle Gold, Davido",20s,7l8VNas2HcqyvsvOSjXDQt,2021,2021-09-03,latin,0.8657042808263796,0.8076296054776656,0.8339252141215793,0.10642248198464893,0.0010797174571140263
PALAZZO,"SPINALL, Asake",20s,2SaRkvUkzNzL39fBB2hLpt,2022,2022-05-13,latin,0.6602518746279307,0.8261058580589066,0.4297054522665552,0.053611046650258516,0.0
Buga (Lo Lo Lo),"Kizz Daniel, Tekno",20s,4eZZofkV1OQ9GDqAgHqNpA,2022,2022-05-03,latin,0.7173776656196945,0.9358765351592219,0.9728431167745979,0.29718622178567894,0.0022401614530776996
No Wahala,1da Banton,20s,1z3Lac4bdl57XLcu35ma1M,2021,2021-07-02,latin,0.6402077374378381,0.8141506358004565,0.6083141842490077,0.6234926188137565,0.028355196770938448
Ototo,Asake,20s,0CUJV0Hh512Ns7U2yGflqt,2022,2022-09-07,latin,0.581077532727065,0.8108901206390611,0.8945059536243994,0.3835319145377241,0.00036427850655903126
love nwantiti (ah ah ah) [feat. Joeboy & Kuami Eugene] [Remix],"CKay, Joeboy, Kuami Eugene",20s,140dx97IbJbQhIMd7AaHeb,2020,2020-02-13,latin,0.7093600107436575,0.647864362569286,0.5174430749947775,0.5702795756061008,0.0011806256306760847
Loaded,"Tiwa Savage, Asake",20s,3J5IO8OLj05dRaZjHBHS8D,2022,2022-11-07,latin,0.7193820793387038,0.7413324638626236,0.6239816168790474,0.12449483628158861,0.0
Soundgasm,Rema,20s,5c549LWiKCWGvcDsZwMN6v,2021,2021-06-10,latin,0.5259561554543104,0.8108901206390611,0.692918320451222,0.11947473786577203,0.0020484359233097884
Champion Sound,"Davido, Focalistic",20s,3vTW0qXIitjhZW5kfTwBTv,2021,2021-11-19,latin,0.4758458124790789,0.8717530703184436,0.22811781909337786,0.032627035272145215,0.3249243188698285
"WATAWI (feat. Davido, Focalistic & Abidoza)","CKay, Focalistic, Davido, Abidoza",20s,3AZY6NZ1R8GI9003EEFPeu,2022,2022-06-17,latin,0.6542386334709029,0.882621454189762,0.5017756423647378,0.6255006581800832,0.4066599394550959
B. D’OR (feat. Wizkid),"Burna Boy, Wizkid",20s,3ketN3dth18vSJ1T3HIztN,2021,2021-12-14,latin,0.6592496677684261,0.8847951309640256,0.47357426363066635,0.008610884450878695,0.00615539858728557
Peru,Fireboy DML,20s,0lk5tzmaJWVAv5GBvpm3xu,2021,2021-07-21,latin,0.4157134009088012,0.9695685251603087,0.6302485899310634,0.5742956543387541,0.0040665993945509585
Mood (feat. BNXN),"Wizkid, Bnxn",20s,6jdTkoEaer7XNGSblczoSu,2021,2021-08-27,latin,0.7013423558676204,0.9108792522551897,0.7576770419887194,0.01937397545438944,0.009081735620585266
Joro,Wizkid,10s,3Yt1ovsh3v3VEzRuhI1TL5,2019,2019-09-30,latin,0.6953291147105927,0.6815563525703728,0.5822017965322749,0.25401337540965635,0.0009122098890010091
Ginger (feat. Burna Boy),"Wizkid, Burna Boy",20s,51mLQ3w7yR7vjdSTFLWaY5,2020,2020-10-29,latin,0.7504504919833473,0.5283121399847843,0.6803843743471903,0.10341042293515898,0.0
Let Dem Kno,"Smallgod, Tiwa Savage, Kwesi Arthur",20s,1DcfJPW7bEvqOGB5o1GWAc,2021,2021-06-18,latin,0.5119252594212456,0.856537332898598,0.6751618968038439,0.007255457878608217,0.012916246215943492
True Love (feat. Tay Iwar & Projexx),"Wizkid, Tay Iwar, Projexx",20s,4204hwPYuToiuSunPFUoML,2020,2020-10-29,latin,0.5429936720658891,0.8597978480599935,0.6187591393357009,0.2299169030137368,4.9445005045408676e-05
Tinkerbell (feat. Wizkid),"R2Bees, Wizkid",20s,0tBpxTpcKDamZkjfHqVCEC,2021,2021-11-25,latin,0.7163754587601899,0.7358982719269644,0.7064967620639231,0.6285127172295731,0.0
Free My Mind,Omah Lay,20s,2NcJDSpMJsbyabOLoa00GM,2021,2021-11-12,latin,0.3706140922310929,0.7739376154765787,0.9519532066012115,0.42770878059691,0.36629667003027244
Feeling,"LADIPOE, Bnxn",20s,29e2gdZN35wxeGgDtkXjIa,2021,2021-05-07,latin,0.5760664984295418,0.6043908270840126,0.5456444537288491,0.2610415131917996,4.3087790110998986e-06
Ameno Amapiano Remix (You Wanna Bamba),"Goya Menor, Nektunez",20s,4iwiYqzoLImJraKQ9Pf2I2,2022,2022-01-07,latin,0.8997793140495371,0.8130637974133247,0.7451430958846877,0.18875209600404083,0.0003985872855701312
Trouble,"R-Wan, Minz",20s,42za7n1SUDFO2zPAxqB90S,2022,2022-01-28,latin,0.6522342197518937,0.7945875448320835,0.5372884896594945,0.28513798558771913,0.008799192734611504
Colours,Kid AlpHa,20s,6IyR5rzYfQYZdPlwMUk7GF,2021,2021-04-23,latin,0.5349760171898521,0.9184871209651125,0.7336536452893253,0.03463507463847185,0.007124117053481332
It's Plenty,Burna Boy,20s,5hVjoL3sHepZROri63wBxP,2022,2022-07-07,latin,0.5660444298344955,0.7793718074122379,0.5226655525381242,0.36144348150813116,8.890010090817356e-05
風林火山 ～月冴ゆ夜～,"Hiromitsu Agatsuma, Chen Min, Akira Senju",00s,3DyVz6qqitxtM5w7YM53ej,2007,2007-08-08,world,0.8336336613222315,0.4696228670796652,0.3607687486943806,0.0028779320600161606,0.829465186680121
Toyohashi-matsuri (Toyohashi Festival) - Onibi (Demon Flame),Tomoe-Ryu Yutakadaiko,00s,5YE5eaEdYTHpM4IV6IEC9O,2007,2007-01-01,world,0.4197222283468197,0.3815889577219867,0.22707332358470855,0.8504010672086659,0.8859737638748739
A Ri Rang,Hideo Osaka Ensemble,00s,6iWa5JqjmS5DZeRKtWA0Cu,2006,2006-03-07,world,0.03397280812348792,0.22508422997500271,0.04616670148318362,0.9889557834852035,4.248234106962664e-06
Haneko odori (Bouncing Dance),Tomoe-Ryu Yutakadaiko,00s,4gWndLZ8bPDOvSHnst149L,2007,2007-01-01,world,0.30146181892527346,0.48592544288664274,0.4881972007520367,0.5712835952892641,0.7971745711402624
Samurai Song,Hideo Osaka Ensemble,00s,4QgTMG5M3lkrMnLXyNqhpy,2006,2006-03-07,world,0.15513961743759758,0.22617106836213455,0.372258199289743,0.9578311733071407,0.2825428859737639
Kodaiko,Taisei Iwasaki,10s,6OlfxIp7z9TdTL65inRmqs,2010,2010-01-01,world,0.41170457347078265,0.5196174328877297,0.405682055567161,0.8022081224168268,0.9778002018163471
Musashi Mai Uchi,Joji Hirota Taiko Drummers,00s,5BNPcRmOsOc6gL9nWTIsWh,2004,2004-01-01,world,0.4016825048757364,0.5750461906314531,0.13411322331313977,0.8042161617831535,0.9354187689202826
Haru no Umi,Masayo Ishigure,00s,48y2ToLHBlac7TYtISutUc,2001,2001-01-01,world,0.25936913082607904,0.39897837191609603,0.32212241487361604,0.9929718622178568,0.7739656912209889
じょんがら 健一,Yoshida Brothers,20s,1wPV9k1f0f5WjRsDTOTyEb,2020,2020-01-08,world,0.600119463057653,0.4880991196609064,0.3628577397117192,0.7560232169913143,0.9687184661957619
Yamaguchi Sansa Odoriuta,Shogetsu Watanabe,10s,6VQ4M5ZwIJgcJbVbF51kvw,2011,2011-11-08,world,0.21627423586737995,0.6065645038582763,0.649049509087111,0.9618472520397939,0.42785065590312815
Kurama Yama,Ensemble Kineya,00s,61TehSBxHRAsGccFegrgu7,2009,2009-01-26,world,0.22830071818143552,0.5380936854689707,0.2709421349488197,0.904618130099485,1.231079717457114e-05
Japanese Traditional Music,Traditional Japanese Music,10s,6oZXDCZVtxDFCxJiWtG0OZ,2011,2011-02-03,world,0.3044684395037874,0.5587436148244755,0.6229371213703782,0.9829316653862236,0.9798183652875883
Harusame,Matsu Take Ensemble,10s,5xXcogwm5c1IRPG3BaaFJF,2017,2017-06-23,world,0.13208885966899112,0.31855233126834037,0.372258199289743,0.9919678425346935,0.5378405650857719
Otoko-koko-ni Ariki (This is the man),Wadaiko Matsuriza,00s,3Qf0oQL2haozbhykA6h3Bo,2002,2002-01-01,world,0.27941326801617167,0.4120204325616781,0.35763526216837266,0.8403608703770328,0.9667003027245207
Deha,The Kyoto Nohgaku Kai,10s,7LXYAACrUjhjZFUEeSqlSj,2016,2016-04-18,world,0.07335953770201986,0.5924356048255625,0.2751201169834969,0.8554211656244824,0.010393541876892029
Japanese Tea Ceremony,Music Time,10s,2a05ZVwyOuihPPQtnX7IQw,2015,2015-11-11,world,0.32651699041288923,0.4435387457885013,0.5132650929601003,0.8865457758025453,0.939455095862765
暁 Akatsuki,Kodo,10s,6tvZQcXH35A3F8zAVZGdF2,2011,2011-01-22,world,0.29043754347072254,0.3870231496576459,0.13515771882180908,0.47690574507191247,0.9515640766902118
Japanese Drums,Japanese Taiko Drums,10s,2J43ndIKr1nkyRTdVxfSnB,2011,2011-03-02,world,0.7885343526445233,0.5207042712748614,0.7869229162314603,0.6315247762790631,0.9303733602421796
Japanese Peace Song,Asian Traditional Music,10s,3kDOnhAAX3l0FQcZjLdQcP,2010,2010-06-30,world,0.0027340203127286283,0.25551570481469404,0.6563609776477962,0.9979919606336733,0.00033400605449041373
Timelapse,"Uno Helmersson, Mari Samuelsen, Jesper Söderqvist, Gunnar Flagstad, TrondheimSolistene",10s,3eGjWXdNJGVxB4bDr0TxBi,2017,2017-09-01,ambient,0.18119699578471793,0.17835017932833386,0.15604762899519528,0.885541756119382,0.26437941473259335
Near Light,"Ólafur Arnalds, Mari Samuelsen, Hakon Samuelsen, TrondheimSolistene",10s,49kvaxWkvLCNHka049HuVF,2017,2017-09-01,ambient,0.1240712047929541,0.11205303771329203,0.04073532483810319,0.9648593110892839,0.6074672048435923
The Mist: Pt. 1,"Frans Bak, Mari Samuelsen, Hakon Samuelsen, Keld Haaning Ibsen, TrondheimSolistene",10s,5eFDL7UQbzTIpudZQiis28,2017,2017-09-01,ambient,0.06624386899953699,0.0848820780349962,0.03133486526007938,0.9869477441188769,0.6286579212916247
The Mist: Pt. 2,"Frans Bak, Mari Samuelsen, Hakon Samuelsen, Keld Haaning Ibsen, TrondheimSolistene",10s,30x8x9ogHPmOMRjQmfV4w3,2017,2017-09-01,ambient,0.19623009867728738,0.14139767416585153,0.07979945686233549,0.9909638228515302,0.4611503531786075
The Mist: Pt. 3,"Frans Bak, Mari Samuelsen, Hakon Samuelsen, Keld Haaning Ibsen, TrondheimSolistene",10s,1wCajGSdprYHaLqsPsaY0n,2017,2017-09-01,ambient,0.03898384242101107,0.20986849255515702,0.10486734907039899,0.9548191142576508,0.6609485368314834
Darf ich ...,"Arvo Pärt, Mari Samuelsen, TrondheimSolistene",10s,78fpgzqnPdZqTK7RV0pdoK,2017,2017-09-01,ambient,0.01914014660281941,0.1533528964243017,0.008982661374556085,0.9648593110892839,0.005852674066599394
Love & Rage,"Johan Söderqvist, Mari Samuelsen, TrondheimSolistene",10s,31nQoFUcVrkG5w556Qtish,2017,2017-09-01,ambient,0.1381021008260189,0.18921856319965222,0.005222477543346561,0.907630189148975,0.3763874873864783
"Study In Rituals, Prelude","Mari Samuelsen, Hakon Samuelsen, Johan Söderqvist, Uno Helmersson, TrondheimSolistene",10s,6nQOHLEyMRpNRQZKeMskjt,2017,2017-09-01,ambient,0.017035512197859686,0.10879252255189652,0.00010444955086693063,0.9447789174260176,0.9969727547931383
Ana Delay,Kanari Music,20s,7jWSQ1hv0oLTlgja4570dH,2024,2024-08-14,arabic,0.3365390590079355,0.4294098467557874,0.38688113641111344,0.9467869567923443,0.715438950554995
Kolaymi,"Brian Keane, Omar Faruk Tekbilek",90s,3tT7GisdKZYPW1suW2GVqm,1992,1992-01-01,arabic,0.25135147595004204,0.5033148570807521,0.40150407353248374,0.8052201814663168,0.9434914228052473
Last Moments of Love,Omar Faruk Tekbilek,10s,1qJHbbkKgERj3Hugvb5MwD,2010,2010-09-07,arabic,0.2954485777682457,0.2087816541680252,0.5926467516189681,0.9196784253469348,0.9556004036326942
Hasret,Omar Faruk Tekbilek,90s,7Hw2XpM0HJsVhNo5btPUzH,1996,1996-01-01,arabic,0.2353161661979679,0.6391696554722314,0.3346563609776477,0.8785136183372387,0.934409687184662
鸿影,变奏的梦想,10s,69632kGSUy0dC63WO9RRUD,2018,2018-05-16,world,0.10603148132187076,0.634822301923704,0.24274075621474828,0.9658633307724472,0.9455095862764885
Dance of The Lotus,Yume.Play,20s,4S7ztCZpuOIcqZdhgcOJye,2024,2024-07-19,world,0.4006802980162318,0.6815563525703728,0.2751201169834969,0.5160625127152818,0.6841574167507569
灵魂的和谐,赵燮,20s,0ogxv7X1kzVxlZfAP9iz2L,2024,2024-02-23,world,0.10603148132187076,0.35876535159221823,0.13724670983914772,0.9869477441188769,0.851664984863774
晨风,赵燮,20s,10Rvl2wSWYXxIP1fadu6J5,2024,2024-11-06,world,0.027959566966460146,0.4902727964351701,0.21871735951535407,0.7620473350902941,0.9646821392532795
长安不良帅 - 变奏版,小vie,20s,3qmVxBh0ICwRGDOCMV41aV,2024,2024-05-09,world,0.3285214041318985,0.46092815998261055,0.11426780864842281,0.8915658742183619,0.4167507568113017
壊れやすい心,hopeless_0taku,20s,4PPHtK4k8Ssmds7ZB2uhwh,2024,2024-10-24,world,0.20224333983431517,0.5489620693402891,0.1445581783998329,0.9347387205943846,0.9757820383451059
Crimson Lanterns,Kuroki,20s,2GkdjaCTFx4rb5obpIvm6B,2024,2024-11-06,world,0.14712196256156054,0.8011085751548745,0.562356381867558,0.5030102568341587,0.9545913218970736
风和树叶,浩宇,20s,7bbJDj4Q9Q28xPOcVoVHXc,2024,2024-11-06,world,0.2303051319004448,0.451146614498424,0.32734489241696263,0.10140238356883235,0.8627648839556004
缥缃醉 - 纯音乐,"刘珂矣, 百慕三石",10s,52NyIy61TszwScgdfp5YOj,2016,2016-01-05,world,0.3094794738013105,0.647864362569286,0.11531230415709214,0.9497990158418341,0.1170534813319879
情缘,小vie,20s,3s2ItWAAnsK2xTqCuGa5z2,2024,2024-08-25,world,0.3215059561153661,0.13161612868166503,0.010862753290160851,0.7188744887142715,0.24520686175580222
Lotus,Kuroki,20s,6u5pc2J1JNtOGOfNQT5hxs,2024,2024-11-06,world,0.27239781999963925,0.615259210955331,0.2657196574054731,0.0021951986754651055,0.4661957618567104
Mystic Cascade,Yume.Play,20s,1cSEXK6gjJ8T6jIzArJQAx,2024,2024-07-19,world,0.19222127123926888,0.6098250190196718,0.20409442239398373,0.4257007412305834,0.4389505549949546
暖かい,hopeless_0taku,20s,4f2WSnffOLh1afkyklWeUz,2024,2024-10-24,world,0.2603713376855837,0.3576785132050864,0.015145184875705034,0.977911566970407,0.7346115035317861
无条件的爱,赵燮,20s,0cVCpWNHMq0QU8ZiWV1att,2024,2024-02-23,world,0.19522789181778277,0.37506792739919576,0.3409233340296636,0.9176703859806081,0.6589303733602422
The Night Whisperer,Kuroki,20s,2DCiAEkXP2qHlQnDbWMbWw,2024,2024-11-06,world,0.135095480247505,0.4826649277252472,0.5247545435554628,0.9538150945744874,0.939455095862765
风之歌,浩宇,20s,1uUkXjNg6LwqHO7FlHPJ0Q,2024,2024-11-06,world,0.12507341165245872,0.27833931094446257,0.27720910800083554,0.8493970475255026,0.9798183652875883
"跨越千山,仍未见你的模样","变奏的梦想, 喵步小雨中",10s,1XdoFBcczn96MWwncGM5HD,2019,2019-06-04,world,0.22328968388391238,0.5652646451472666,0.035303948193022766,0.8514050868918293,0.9132189707366297
跳舞的叶子,浩宇,20s,4GqFlXc78N9wqwIl2SU46Y,2024,2024-11-06,world,0.037781194189605516,0.4381045538528421,0.46521829956131183,0.9759035276040804,0.9263370332996973
Nature's Wishes,Yume.Play,20s,7M2Td6XOfGZAy7l2pJQYjh,2024,2024-07-19,world,0.32751919727239387,0.719595696119987,0.18947148527261332,0.7188744887142715,0.661957618567104
暖山 - 纯音乐,"刘珂矣, 百慕三石",10s,5vVRNnABCgt55Olo04H3t2,2019,2019-01-16,world,0.2303051319004448,0.4413650690142376,0.11844579068310004,0.8975899923173418,0.58627648839556
如絲古風（輕音樂）,原調音樂,20s,1qu3usapDKn5ps4KqNszYv,2023,2023-04-26,world,0.13008444594998186,0.6837300293446364,0.28452057656152074,0.9467869567923443,0.8738647830474269
被遗忘者的故事,浩宇,20s,3qFt4u4RH5T4JuvvnQV855,2024,2024-11-06,world,0.08688933030533236,0.6826431909575047,0.48088573219135156,0.8975899923173418,0.958627648839556
The Night's Tranquility,Kuroki,20s,5ls9MDEHJcZmKP0y7aB2So,2024,2024-07-22,world,0.15513961743759758,0.5946092815998261,0.6396490495090872,0.7128503706152917,0.9354187689202826
重生的生命,赵燮,20s,4eFMX8oZvsifmGMfMaJF3j,2024,2024-02-21,world,0.2774088542971624,0.719595696119987,0.1644035930645498,0.8594372443571358,0.549949545913219
Promise of Prosperity,Yume.Play,20s,5p3sftlIikSxTSX88EVTF1,2024,2024-03-15,world,0.386649401983167,0.5000543419193566,0.2960100271568832,0.6827297801203922,0.7800201816347124
朝花夕拾,小vie,20s,6lmmgHhtb3XOGCKswKHrz2,2022,2022-07-22,world,0.2543580965285559,0.4174546244973372,0.11113432212241488,0.22891288333057347,7.679112008072654e-06
闪亮的月亮,浩宇,20s,36ubPfmLan1RwAHIAX22a8,2024,2024-11-06,world,0.07265799290036662,0.4598413215954787,0.35554627115103404,0.9528110748913241,0.9616548940464177
Enchanted Journeys,Yume.Play,20s,7wP9U0O7BrP83N3wJaT6Ub,2024,2024-03-08,world,0.394667056859204,0.6978589283773503,0.026947984123668264,0.35742740277547785,0.9414732593340062
Summer in Fujian,Kuroki,20s,0ffDqXrFGWpKfYF7aYZ7Gv,2024,2024-07-22,world,0.30146181892527346,0.6924247364416911,0.4787967411740129,0.5833318314872239,0.6084762865792129
湖边小路,赵燮,20s,0cwQEiWO7bQdLUiOJcHDg1,2024,2024-02-23,world,0.20124113297481055,0.2902945332029127,0.19678295383329852,0.6947780163183519,0.007295660948536832
A Mild Tale Untold,HOYO-MiX,20s,27a7BIHnVmoq5mTV6fTwYu,2024,2024-03-27,world,0.1070336881813754,0.4815780893381154,0.39001462293712136,0.9899598031683668,0.5751765893037336
风誓 - 纯音乐,"刘珂矣, 百慕三石",10s,7kGm9qisHidzmrERjxpOYE,2019,2019-01-16,world,0.28141768173518095,0.4413650690142376,0.15082515145184872,0.5381509457448748,0.6145307769929365
生锈的叶子,浩宇,20s,5nrh8z0Zqm21p8rcdhsYzH,2024,2024-11-06,world,0.15113078999957907,0.6554722312792088,0.305410486734907,0.31827063513210857,0.9505549949545913
穿过开阔的田野,赵燮,20s,1E7hmzyb3oCS99QaMG7m9l,2024,2024-11-06,world,0.1651616860326439,0.706553635474405,0.5299770210988093,0.8564251853076458,0.953582240161453
Mist Veil Over Falls,Yume.Play,20s,3DmvuIy4vwjiDfdtkm2e2V,2024,2024-07-19,world,0.14010651454502815,0.6109118574068036,0.2604971798621266,0.9246985237627513,0.8980827447023209
黯然,小vie,20s,1vlTjMSAV9ZB6SPUYgvNkF,2024,2024-03-13,world,0.34155009330545866,0.3544179980436909,0.10800083559640694,0.904618130099485,0.056508577194752774
Painted Heart,"Kuroki, Yume.Play",20s,412YRaEekwUnNj3Br73Xjd,2024,2024-02-14,world,0.32451257669387995,0.6913378980545593,0.18529350323793609,0.7218865477637615,0.23814328960645811
Quiet Reflections,Lemage,20s,2SKkFCch4M7XyW168YPQwE,2024,2024-11-08,world,0.1070336881813754,0.6750353222475819,0.3785251723417589,0.9959839212673467,0.9101917255297679
Serenade of The wind,Yume.Play,20s,7zliYMsLSKkGXAJEQWkkF9,2024,2024-03-22,world,0.25836692396657446,0.5554830996630801,0.15082515145184872,0.6676694848729425,0.6881937436932392
清狂《只画水墨》游戏插曲 - 洞箫版,小vie,20s,6c3Hgge0KVCE5xhar95Gty,2020,2020-10-26,world,0.313488301239329,0.42071513965873275,0.04846459160225611,0.8815256773867287,0.3915237134207871
Serenity,Yume.Play,20s,7JsubGmueKhqNhfdAcKXNS,2024,2024-03-22,world,0.38564719512366236,0.5859145745027714,0.07771046584499686,0.3263027925974151,0.8123107971745712
Winding River,Lemage,20s,77Yxt1QexQGpBXwSPhZLwA,2024,2024-04-21,world,0.19522789181778277,0.3913705032061732,0.16649258408188844,0.9287146024954046,0.019576185671039355
Mezame,Yume.Play,20s,4m6MEwFwvWqOICKoe56gKk,2023,2023-06-02,world,0.49388553595016227,0.6326486251494403,0.0270524336745352,0.02620130929989999,0.6296670030272452
月亮的传说,赵燮,20s,0yQqU2vny9ZvbFgru4EARp,2024,2024-03-01,world,0.31449050809883367,0.20008694707097052,0.18529350323793609,0.6606413470907992,0.5650857719475278
Fallen Kingdom,Yume.Play,20s,6hA5QJjyv73sSNlLaOJQeW,2024,2024-03-22,world,0.2523536828095467,0.3946310183675687,0.05013578441612701,0.9287146024954046,0.9041372351160444
巫女,浩宇,20s,2Jh0a1pKxhjZrCqgDTpQym,2024,2024-11-06,world,0.1240712047929541,0.7739376154765787,0.3962815959891372,0.8534131262581559,0.9101917255297679
Endless Love,"Kuroki, Yume.Play",20s,0tmrQYch5cC6TpQtFHMuvp,2024,2024-02-01,world,0.2954485777682457,0.7641560699923922,0.3294338834343012,0.7610433154071309,0.9293642785065591
永恒的雨,赵燮,20s,0uqB9qHRxAxKkULVj5u9S9,2024,2024-03-01,world,0.31849933553685217,0.5565699380502119,0.10904533110507625,0.8052201814663168,0.5953582240161452
Windy Hill,"Kuroki, Lemage",20s,6V6KdV5ZA0kGWD47U4GzBd,2024,2024-01-19,world,0.28642871603270403,0.6956852516030866,0.45999582201796524,0.6686735045561057,0.8173562058526741
江上清风游,变奏的梦想,10s,4I2Ya9sJsEwl7XmmcLXihQ,2015,2015-05-31,world,0.15313520371858833,0.6119986957939355,0.1121788176310842,0.9447789174260176,0.9253279515640768
Lotus Rain,Kuroki,20s,4ZLh9SWdtls7fMrpGL6Vx0,2024,2024-01-23,world,0.32651699041288923,0.7750244538637105,0.18529350323793609,0.675701642338249,0.8546922300706357
心的旅程,浩宇,20s,1he0b1TdPwmB2eAe3vCOin,2024,2024-11-06,world,0.4878722947931345,0.7532876861210738,0.6365155629830792,0.22489680459792022,0.7245206861755802
恬靜古風（輕音樂）,原調音樂,20s,5j2KY7VoaZMILfNbyBblXJ,2023,2023-04-26,world,0.20124113297481055,0.7706771003151832,0.36494673072905787,0.977911566970407,0.9404641775983855
Walala Wasala,"Sam Deep, Zuma, LeeMcKrazy, The Bless",20s,3onnz3CntBG38zD7OulQ92,2024,2024-11-21,afrobeats,0.6422121511568474,0.7826323225736334,0.39210361395446,0.014755484911838188,0.00786074672048436
"Biri Marung (feat. Sje Konka, Focalistic, DJ Maphorisa, Scotts Maphuma & CowBoii)","Mr Pilato, Ego Slimflow, Tebogo G Mashego, SJE Konka, Focalistic, DJ Maphorisa, Scotts Maphuma, CowBoii",20s,7MD8gswt08VhFwVF1PR8Mg,2024,2024-11-08,afrobeats,0.589095187603102,0.8576241712857298,0.28347608105285144,0.001151018204975257,0.004894046417759839
Wishi Wishi (feat. Scotts Maphuma & Young Stunna),"Kabza De Small, Vigro Deep, DJ Maphorisa, Scotts Maphuma, Young Stunna",20s,34eKUydsaj9GeMTT1ybutO,2024,2024-10-18,afrobeats,0.6231702208262594,0.8717530703184436,0.40045957802381443,0.06345043954525902,7.86074672048436e-05
Iza Mawala (feat. Dladla Mshunqisi & Goldmax),"Tycoon, Sly, Kabza De Small, Dladla Mshunqisi, Goldmax",20s,0Xc5lXQ1Q1NxGyL7SSXnF9,2024,2024-10-18,afrobeats,0.6762871843800048,0.8456689490272796,0.4620848130353039,0.01174342586234824,0.8213925327951563
Ucingo,"Zee Nxumalo, Sly, GL_Ceejay, Kabza De Small, Shakes & Les",20s,10vBMr3VJCWpfnFjHM7zOf,2024,2024-11-15,afrobeats,0.18019478892521332,0.6945984132159547,0.5049091288907458,0.9367467599607111,1.3521695257315843e-06
Shayi'Moto (feat. Seemah & Yanda Woods),"Mellow & Sleazy, Scotts Maphuma, Mr Pilato, Seemah, Yanda Woods",20s,0AQfRLzd7pQZcLtfh9Onb8,2024,2024-11-08,afrobeats,0.7745034566114585,0.863058363221389,0.5049091288907458,0.027606936856328628,0.017658930373360245
"Intsango (feat. Marsey, CowBoii, Khalil Harrison, Ceeka RSA & Tyrone Dee)","Tyler ICU, DJ Exit, Khalil Harrison, Marsey, CowBoii, Ceeka RSA, Tyrone Dee",20s,6qdWfZpxqVwdRryjws4oda,2024,2024-11-15,afrobeats,0.5409892583468798,0.8391479187044886,0.2114058909546689,0.005217297921786685,0.8213925327951563
Amakhehla,"Vigro Deep, Freddy K, Mr. JazziQ, Scotts Maphuma, CowBoii",20s,6EWRZhhROT1oWZXgZHmEoK,2024,2024-11-08,afrobeats,0.8797351768594445,0.8478426258015433,0.5560894088155421,0.1345350331132218,0.0009556004036326942
Yebo Lapho (Gogo) (feat. DJ Maphorisa & Djy Biza),"Felo Le Tee, Scotts Maphuma, Thabza Tee, DJ Maphorisa, Djy Biza",20s,0NLRYW9HyqHcbyzfAwskKN,2024,2024-07-03,afrobeats,0.9348565541321991,0.8391479187044886,0.6041362022143305,0.0013217015511130207,0.01160443995963673
"Abo Nokthula (feat. The Exclusive SA, Scotts Maphuma, Kabelo Sings, Bontle Smith, 2woshort & Stompiiey)","TNK MusiQ, LeeMcKrazy, Seun1401, The Exclusive SA, Scotts Maphuma, Kabelo Sings, Bontle Smith, 2woshort, Stompiiey",20s,3FNtYaS85lCdYwDPw7CsIH,2024,2024-10-18,afrobeats,0.5399870514873752,0.960873818063254,0.43910591184457903,0.051402203347299225,0.0035418768920282544
Zase England,"Blacko SA, Mellow & Sleazy, Scotts Maphuma",20s,7of6lpTmDwVshVQ7kcQxYo,2024,2024-09-27,afrobeats,0.5830819464460743,0.8837082925768939,0.29287654063087526,0.04186401635724772,0.0
Khuphuka,"Royal MusiQ, 2woBunnies, Djy Biza",20s,2NlMopYjB6KOicGkoZHDFo,2024,2024-08-23,afrobeats,0.40268471173524106,0.9228344745136399,0.40881554209316895,0.01887196561280778,0.04439959636730575
"Khuluma (feat. LilyFaith, Lowsheen & Theo Kgosinkwe)","OSKIDO, Master KG, MaWhoo, LilyFaith, Lowsheen, Theo Kgosinkwe",20s,2khp25PyhK7XkI1ITyvAPJ,2024,2024-11-15,afrobeats,0.7745034566114585,0.8847951309640256,0.8422811781909337,0.03523748644836983,0.06256306760847628
Lalela,"Amu Classic, Kappie, Djy Vino, Eemoh, Mpho Spizzy, Chronic Killer",20s,1Itbu6DXspUS9ypuvzbaYg,2024,2024-10-25,afrobeats,0.41070236661127807,0.7358982719269644,0.5414664716941718,0.0057895891411897755,2.512613521695257e-05
"Endofaya (feat. Eltee, Springle, ChocoDynasty & Mankay)","Pushkin RSA, Eltee, Springle, Choco Dynasty, ManKay",20s,5c8wNC0Q0pxOS0qWHoGPeF,2024,2024-11-01,afrobeats,0.6923224941320788,0.8717530703184436,0.2531857113014414,0.01826955380290979,0.0013218970736629666
Diwa Kae,"De Mthuda, Kabza De Small, Young Stunna, Mkeyz, McKenzie, Mthunzi",20s,4g929t40UHTxK8vEea18Gb,2024,2024-11-01,afrobeats,0.5740620847105325,0.8782741006412347,0.729475663254648,0.0037915899716947777,0.001513622603430878
Ng'limele (feat. Ceeka RSA),"Tyler ICU, Tumelo_za, Ceeka RSA",20s,17YUnqdkyiKp7XzgwtNsAQ,2024,2024-10-25,afrobeats,0.5339738103303474,0.7956743832192154,0.3398788385209943,0.007476342208904147,0.9031281533804238
ma thousand,Musa Keys,20s,7HMXjYmXDrwa4viCeBpL9F,2024,2024-11-08,afrobeats,0.581077532727065,0.8424084338658842,0.8934614581157301,0.04818934036117661,0.42785065590312815
Pedi Ao Céu,Almir Guineto,90s,7z58tb8L6MUn6ybmTQXU1g,1999,1999-01-01,brazilian,0.7905387663635325,0.5989566351483535,0.759766033006058,0.4588333907749728,2.946518668012109e-06
Lama Nas Ruas,Almir Guineto,90s,0KoQsNCUF2MJ9wcmizTZYx,1999,1999-01-01,brazilian,0.6522342197518937,0.5174437561134659,0.46626279506998114,0.5773077133882439,0.0
Saco Cheio,Almir Guineto,90s,4bwjXWiAn669DdICw249sD,1999,1999-01-01,brazilian,0.7855277320660093,0.73915878708836,0.8119908084395238,0.5542152606754878,0.0
Pagode Da Dona Ivone,Mauro Diniz,00s,51nul9gfhGeQKFNeqzqo6k,2003,2003-01-01,brazilian,0.6602518746279307,0.5402673622432345,0.645916022561103,0.8022081224168268,0.0
A Batucada Dos Nossos Tantãs,Grupo Fundo De Quintal,90s,1yqJ3Xi70OumcNDUgVAT5p,1993,1993-01-01,brazilian,0.8777307631404352,0.6163460493424628,0.9550866931272195,0.20582043061781718,0.0
Menina da Colina,Grupo Fundo De Quintal,90s,1fNfUPK5XQFl9M5JXKWFRF,1993,1993-01-01,brazilian,0.8165961447106528,0.48701228127377455,0.9822435763526217,0.3463831862606814,0.0
No Nosso Fundo de Quintal,Grupo Fundo De Quintal,90s,1aDYHYw236offFtaaDZNNA,1993,1993-01-01,brazilian,0.9208256580991343,0.4163677861102054,0.9498642155838729,0.7560232169913143,0.0
"Benza, Deus",Luiz Carlos Da Vila,00s,2bHIHO6ynxSMm5ZlQp5CDe,2004,2004-01-01,brazilian,0.5359782240493567,0.7445929790240191,0.48297472320869017,0.7580312563576409,0.0
"Vai Lá, Vai Lá",Grupo Fundo De Quintal,90s,3WQyTWS7CUBTzaZ0TjTgMf,1994,1994-01-01,brazilian,0.8546800053718288,0.5261384632105206,0.9321077919364947,0.11947473786577203,1.4732593340060546e-05
Frasco Pequeno,Grupo Fundo De Quintal,90s,0TXur7Gwea47UXlfoLj9ys,1994,1994-01-01,brazilian,0.4948877428096669,0.6304749483751767,0.9059954042197619,0.39859220978517385,2.0887991927346116e-06
Pot-Pourri: Eu Não Sou o Que Ela Pensou/ Não Fique a Se Torturar/ Vai Pro Lado de Lá,Arlindo Cruz & Sombrinha,90s,2DmYjQ1Z1yjHZCbzNmKE2J,1996,1996-01-01,brazilian,0.697333528429602,0.6902510596674274,0.7712554836014206,0.21686464713261366,0.0
Pintou uma Lua Lá,Arlindo Cruz & Sombrinha,90s,4gTgc97a6GDA8KpQB0eeGr,1996,1996-01-01,brazilian,0.6281812551237825,0.5543962612759482,0.7691664925840819,0.11244660008362882,0.0
O Filho do Quitandeiro,Arlindo Cruz & Sombrinha,90s,1jDcVG66cPi0QMAG6f36Eh,1996,1996-01-01,brazilian,0.7253953204957315,0.693511574828823,0.9195738458324629,0.1234908165984253,0.0
Da Música,Arlindo Cruz & Sombrinha,90s,0EWeR8jL1Jsfca53TfamD5,1996,1996-01-01,brazilian,0.6191613933882408,0.43375720030431475,0.8099018174221851,0.09015736311740322,0.0
Lucidez,Grupo Fundo De Quintal,90s,4QifTadpQAdY4039WuojvG,1991,1991-01-01,brazilian,0.7193820793387038,0.20117378545810236,0.39314810946312934,0.6546172289918194,1.5438950554994953e-05
A Amizade,Grupo Fundo De Quintal,90s,7zIMsHKE8eyUu7mPt2Md8I,1991,1991-01-01,brazilian,0.6893158735535649,0.4294098467557874,0.766033006058074,0.6987940950510052,0.0
Hoje tem samba,"Arlindo Cruz, Sombrinha",00s,2yPgqXW4txw40j1eWAePZh,2002,2002-06-06,brazilian,0.813589524132139,0.44027823062710575,0.8777940254856904,0.6706815439224324,0.0
A Luz do Vencedor,Luiz Carlos Da Vila,10s,4aqpVXisBFlvsgq6GC6RQY,2013,2013-11-28,brazilian,0.6612540814874354,0.6206934028909902,0.9519532066012115,0.7540151776249876,2.3612512613521696e-05
Gamação,Luiz Carlos Da Vila,10s,5HWGpHHiHbSuR3mlGXD6D5,2013,2013-11-28,brazilian,0.6993379421486112,0.6359091403108358,0.9780655943179444,0.6907619375856987,0.008042381432896064
Summer Dreaming,"Bingo Players, Pure Shores",20s,5tJjs0KFkVzMWCXZGu10G8,2024,2024-05-22,pop,0.8927638660330047,0.6489512009564179,0.9383747649885106,0.00018113519103949381,0.11907164480322906
Tears on the Dance Floor,Icona Pop,20s,1oharO6dFvRmHKI2o65GBe,2023,2023-12-01,pop,0.8817395905784537,0.6967720899902184,0.32525590139962396,0.11545865913311877,0.03733602421796165
On My Love,"Zara Larsson, David Guetta",20s,0K6iKgHPPhAb4Acmg9aD77,2023,2023-09-12,pop,0.6893158735535649,0.4707097054667971,0.29914351368289116,0.07268742063036152,0.002926337033299697
Helpless,Andreas Moe,20s,2mEbAMdx3LqPUYaK1IPecn,2024,2024-08-16,pop,0.6762871843800048,0.6196065645038583,0.6198036348443702,0.010639004210868592,5.8022199798183655e-05
Satama,KUUMAA,20s,1osPz2rgtdywUR6ut6eIMU,2023,2023-11-30,pop,0.6341944962808104,0.7869796761221607,0.8945059536243994,0.07208500882046352,2.60343087790111e-05
Slutet av sommarn,Molly Sandén,20s,0mfzkwz6c0sb5qpkk79ZDO,2024,2024-05-31,pop,0.6552408403304075,0.4663623519182697,0.5226655525381242,0.025297691585053003,0.0
Hit The Ground,Lilly Ahlberg,20s,1we3IyLdDkmtZctE9xbFgm,2024,2024-01-05,pop,0.8326314544627269,0.6511248777306815,0.2698976394401504,0.06114119427398339,3.027245206861756e-05
Svett,Peg Parnevik,20s,4uXlhWXPnysM9HQMFqzU3f,2024,2024-04-05,pop,0.7985564212395696,0.8011085751548745,0.9310632964278254,0.047185320678013294,6.952573158425832e-05
Hot Fever Dream,Astrid S,20s,3bivI0NycEM5Q9uzfmFulF,2024,2024-05-03,pop,0.7634791811569075,0.7119878274100642,0.9738876122832671,0.04668331083643163,0.0
27,Albin Tingwall,20s,7AP2A4pegrgeUgUBNCyGiP,2024,2024-06-07,pop,0.5289627760328243,0.4707097054667971,0.3022770002088991,0.006191197014455103,0.0
ICONIC,"Raaban, Julie Bergan",20s,1XtPkwEPrZkUt4vVOtHK3i,2024,2024-08-02,pop,0.8677086945453889,0.6663406151505272,0.6438270315437644,0.14557924962801824,0.0009293642785065591
Wanted It To Be You,Sigrid,20s,601Dx1HWSVaXqftswzAr4C,2023,2023-10-27,pop,0.8486667642148009,0.5185305945005978,0.3043659912262377,0.06586008678485097,1.7558022199798184e-06
You're Hired (feat. Ayra Starr),"NEIKED, Ayra Starr",20s,17oeeAxAbZaHIqKpt402KI,2023,2023-09-29,pop,0.7183798724791992,0.7435061406368874,0.8600376018383121,0.0564223017631158,0.0
Hoida mut,Benjamin,20s,1Myk7vkJ2IZm88Vt9IC21u,2023,2023-01-12,pop,0.8386446956197546,0.5315726551461798,0.4244829747232087,0.00325945953961822,0.0
Tell Mama,ALMA,20s,3Lw3x4fesG6ZNkYLwapWke,2023,2023-03-31,pop,0.7023445627271251,0.6772089990218455,0.6782953833298517,0.0335306529869922,0.00011301715438950555
Sweat,Isak Danielson,20s,2icgt5jY4q7QizU2PFQkJl,2024,2024-05-24,pop,0.5439958789253937,0.5283121399847843,0.5049091288907458,0.2499972966770031,0.0
Winter Song,Zara Larsson,20s,7b8X4P8McVS0RKAKhqtY1Y,2023,2023-12-01,pop,0.386649401983167,0.4196283012716009,0.17484854815124293,0.8263045948127463,4.7628657921291625e-06
Bloodline,Astrid S,20s,2QGrbccIXBRT4YQA79edk4,2024,2024-05-24,pop,0.8677086945453889,0.5815672209542441,0.8621265928556507,0.08794851981444392,0.0060040363269424826
Ingen e som solen,"Danny Saucedo, Mapei",20s,0wL2vq68LYFhemtYB8eHJX,2023,2023-06-30,pop,0.6171569796692317,0.6859037061189001,0.05504491330687278,0.05662310569974846,7.477295660948537e-05
Misemotional,sixten,20s,02veTwzG1FDUKtcFzpC9mJ,2023,2023-10-06,pop,0.5600311886774678,0.6576459080534726,0.5226655525381242,0.1355390527963851,3.3703329969727546e-05
Barn som deg,"Matoma, Gabrielle, Hver gang vi møtes",20s,3TKvSQgSlmPugIx0HnsDOW,2023,2023-12-19,pop,0.6903180804130695,0.6717748070861863,0.13411322331313977,0.029313770317706267,2.270433905146317e-05
24 Hours,Agnes,20s,58uUDYcy9U1dqS84ykFTFD,2021,2021-05-21,pop,0.8005608349585789,0.5826540593413759,0.6647169417171507,0.0008949931857686113,0.0
Effortless,Jacqline,20s,4VVfzoh8MuGWLIpcF8vB1O,2024,2024-03-02,pop,0.8907594523139954,0.5717856754700577,0.642782536035095,0.0015325456845773169,0.00013319878910191725
För bra för att vara sant,Arwin,20s,0QapoVfLDVQukrjeCG5TqR,2024,2024-05-17,pop,0.6422121511568474,0.5870014128899033,0.6480050135784416,0.10039836388566904,0.0
Kerran elämässä,Elias Kaskinen,20s,0IXxz2S0xirSulyCCkmMdU,2021,2021-05-07,pop,0.7093600107436575,0.5935224432126943,0.4328389387925632,0.013751465228674872,0.0
Ingen annan,"Niello, Lisa Ajax",20s,6tjIC4gySqPJxZtX8JuyNq,2021,2021-06-11,pop,0.5961106356196344,0.4707097054667971,0.06528096929183204,0.20582043061781718,0.0
Mirror,Sigrid,20s,4NjTrZ2IQeWnIbzyY2SOfz,2021,2021-05-26,pop,0.6903180804130695,0.7348114335398327,0.7106747440986003,0.0038217105621896775,0.0014732593340060544
Lonely,LIAMOO,20s,67DpIQJB2cLRyJdd0tG80D,2021,2021-05-21,pop,0.8266182133056991,0.6359091403108358,0.5884687695842907,0.017767543961328135,0.0
Ta på mig,Oscar Zia,20s,3DFOoe2J49z0ZD1o74fq5x,2021,2021-05-28,pop,0.7023445627271251,0.73915878708836,0.7232086902026321,0.005398021464756083,0.07144298688193744
Kysy mua ulos,Vesala,20s,3cZ0G6mmgj0FXOukUWWf1C,2021,2021-06-04,pop,0.8416513161982686,0.6554722312792088,0.3545017756423647,0.012847847513827887,0.06337033299697276
Like U Used To,Eric Saade,20s,2tRWX7ADZGkfJQ9a9grGgP,2021,2021-06-11,pop,0.8596910396693519,0.6913378980545593,0.3294338834343012,0.0506993895690849,0.0
Sommarn är över (feat. Eah Jé),"estraden, Eah Jé",20s,1XGr0Rdlrtx6QOUjw91lRX,2021,2021-08-13,pop,0.5750642915700371,0.6696011303119227,0.5654898683935659,0.5210826111310983,0.0
Frank Ocean,Julia Lov,20s,29fcce3Nr3mrYcfdWFEln8,2021,2021-08-13,pop,0.5480047063634123,0.5217911096619933,0.2636306663881345,0.3343349500627216,1.7457114026236125e-06
Me ei kuuluta toisillemme,"Evelina, ANI",20s,3shxBrLJZiTP9OhJzK0iCr,2021,2021-08-06,pop,0.8216071790081759,0.5402673622432345,0.48297472320869017,0.19076013537036746,7.981836528758829e-05
Faller tillbaks,"Albin Johnsén, Moa Michaeli",20s,7p1kRbPVjeXLSFk3ZFKlyH,2021,2021-08-27,pop,0.38264057454514844,0.5804803825671123,0.7326091497806559,0.825300575129583,9.828456104944501e-06
Sämsta jag kan få,lovad,20s,4Iz5PLYIskpkkCdLE7dWjk,2021,2021-08-20,pop,0.5941062219006251,0.8913161612868167,0.8600376018383121,0.2038123912514906,0.0
Kärlekssjuk,HON,20s,3IWdCwYZptUyxVmm9LM7DD,2021,2021-09-03,pop,0.6241724276857641,0.7087273122486686,0.7837894297054523,0.1666636629744479,0.0
Hela dig,Felicia Takman,20s,3yoyh9NTKEarpzXAcRutTk,2021,2021-09-17,pop,0.3505699550410003,0.6326486251494403,0.31585544182160014,0.822288516080093,0.0
Någonstans i Stockholm,Alex Järvi,20s,33tRk3KYddY2wDou033VRE,2021,2021-08-20,pop,0.7374218028097871,0.6119986957939355,0.38165865886776684,0.014052671133623866,0.0
Fruen fra havet,Zupermaria,20s,67E4aJ86sa9hVq8bAAZvZE,2021,2021-09-24,pop,0.5850863601650834,0.7250298880556462,0.09024441194902862,0.030317790000869583,0.0002734611503531786
Kyssa dig nu,estraden,20s,3MRPAZBKGc7D1KE19TLPBz,2021,2021-10-08,pop,0.5279605691733197,0.7728507770894468,0.6876958429078754,0.4558213317254829,2.653884964682139e-05
Burning Bridges,Sigrid,20s,76VK9vnW5pnnfS2pd7lkRo,2021,2021-08-25,pop,0.7143710450411807,0.5848277361156397,0.35554627115103404,0.0009492102486594304,2.6639757820383452e-05
För mig själv,Alex Järvi,20s,3sebHi40n34U0IeL7LpH9q,2021,2021-10-22,pop,0.7083578038841528,0.6511248777306815,0.7963233758094841,0.06365124348189168,0.0
Allt som inte blir som jag vill att de ska vara,Felicia Takman,20s,7iBDaZg7KBU5Qm0J3qpVe4,2021,2021-10-29,pop,0.8015630418180835,0.6598195848277362,0.5717568414455818,0.00036085471432572734,0.027850655903128154
let go,Andreas Wijk,20s,2bcJFVllFgPVmyzE8K7Gw0,2021,2021-09-17,pop,0.5389848446278706,0.8141506358004565,0.5738458324629204,0.09828992255102607,0.0
If It Weren’t For You,Christopher,20s,47qeWYZT369E5Aug5D5nm2,2021,2021-09-10,pop,0.7103622176031621,0.6717748070861863,0.44850637142260286,0.008761487403353191,0.0
Diskotek,"Jesper Jenset, vinni",20s,37s31019WURm3amJCGKAMk,2021,2021-10-15,pop,0.49889657024768547,0.8141506358004565,0.6991852935032379,0.05341024271362585,0.0
Ain't Leaving Now,Vargas & Lagola,20s,7JUWAYdCTlmEE9Jb7hm2EY,2021,2021-10-15,pop,0.8115851104131298,0.42832300836865556,0.5560894088155421,0.007616904964547012,0.0
Sorry,Emma Steinbakken,20s,2J6JzywsPMT2ikHPdWdIX9,2021,2021-09-10,pop,0.8015630418180835,0.5065753722421475,0.46730729057865045,0.0567235076680648,2.351160443995964e-06
Flyg Fula Fluga Flyg,Hanna Ferm,20s,01fQ3xuWfYAHmUIiFC1JVP,2021,2021-11-05,pop,0.4808568467766021,0.7500271709596783,0.7388761228326718,0.00609079504613877,0.0
Jag Kan Inte Dansa,Rymdpojken,20s,71E1FxWMo3lXnYUoYZWAPk,2021,2021-10-22,pop,0.6903180804130695,0.6402564938593631,0.7190307081679549,0.016161112468266826,0.0
Vi ska aldrig gå hem,Molly Sandén,20s,3blcSPHFksw5iawgH4b9aV,2021,2021-09-30,pop,0.6732805638014909,0.7011194435387458,0.6688949237518279,0.016562720341532156,0.006942482341069626
Dark,LIAMOO,20s,3RVw958kGntWSHPJ8ab3Qb,2021,2021-09-24,pop,0.7775100771899723,0.4826649277252472,0.44015040735324834,0.07208500882046352,0.0
Rulla eftertexten,Felicia Takman,20s,32DulelwqqHmiNS3k9Wyxn,2021,2021-10-29,pop,0.6582474609089215,0.5489620693402891,0.5331105076248173,0.08543847060653562,0.0
Pixie's Parasol,Smith & Thell,20s,00Gbi2ytn6ZmA1ObVcPT93,2021,2021-10-22,pop,0.9288433129751714,0.5793935441799805,0.6772508878211825,0.013851867196991203,0.0
Lonely In A Crowd (feat. Joakim Berg),"Miriam Bryant, Joakim Berg",20s,2y18WlxpQwH5CMCA0S7Osx,2021,2021-10-29,pop,0.448786227272454,0.621780241278122,0.41821600167119277,0.25401337540965635,1.9576185671039354e-06
Sing it back,Rebecca & Fiona,20s,2FZWAMdvKUQFGoJHyerPLN,2021,2021-09-08,pop,0.8155939378511482,0.5065753722421475,0.45686233549195737,0.10441444261832229,0.03299697275479314
Januari,L1NA,20s,1tcSVR26p2ZqbS9iWFkDpB,2021,2021-12-10,pop,0.45680388214849105,0.6511248777306815,0.45477334447461876,0.4558213317254829,1.7759838546922302e-06
Love Me Blind,Molly Hammar,20s,2W5oxA3ihrb6pjnjZRda4s,2021,2021-11-12,pop,0.6101415316526992,0.30659710900989023,0.39105911844579067,0.10843052135097556,0.0
Start Walking,Tove Styrke,20s,4UEzD2NPm9yZ0cLTB9Lo6z,2021,2021-10-22,pop,0.7795144909089816,0.5543962612759482,0.45372884896594945,0.03915316321270677,1.5438950554994953e-05
Høyt over havet,Chris Holsten,20s,6uD9bwAyCMeKmf5xr2WDRa,2022,2022-01-21,pop,0.557024568098954,0.6109118574068036,0.28660956757885936,0.06826973402444293,0.0
Bon Voyage,Dotter,20s,5tLiS8p0h4bvKzfXZQRuHR,2022,2022-01-21,pop,0.8125873172726343,0.6848168677317683,0.7733444746187592,0.1616435645586313,0.00289606458123108
Jag Lovar,Norlie & KKV,20s,7jKcsAaF79FqhuY9505G0i,2022,2022-01-28,pop,0.8035674555370927,0.4370177154657103,0.4787967411740129,0.0034201026889243507,0.0
Som du vill,Theo,20s,12fYEY6L7M2k7qFWgMEwXn,2022,2022-02-05,pop,0.9408697952892269,0.6554722312792088,0.5445999582201797,0.10642248198464893,0.0
Sista sommaren,Thomas Stenström,20s,28TGtp6irVUZhTv5ytdex1,2022,2022-04-22,pop,0.7444372508263195,0.5576567764373438,0.7754334656360978,0.07158299897888187,0.0
Aldrig säga aldrig,Felicia Takman,20s,4Za77Ywg9rpSmK24PkWBxU,2022,2022-04-01,pop,0.5229495348757965,0.6228670796652538,0.3074994777522457,0.17369180075659107,0.0
För evigt,GULEED,20s,6i9bzIGdgfQiyw9S3QhSCy,2022,2022-05-06,pop,0.6311878757022964,0.7935007064449517,0.6866513473992063,0.08553887257485196,0.005105953582240161
Musik Non Stop - Spotify Singles,Felicia Takman,20s,6SNLVpwJXem00Ku9XizbPA,2022,2022-05-13,pop,0.7835233183470001,0.6293881099880448,0.271986630457489,0.011843827830664571,2.7547931382441978e-05
What You Were Made For,Måns Zelmerlöw,20s,0Xxgu48tWiWkUd5Kxdxuqt,2022,2022-05-20,pop,0.7183798724791992,0.5739593522443213,0.7817004386881137,0.003400022295261084,0.0
Fint i mörker,Veronica Maggio,20s,5Ak1ub0g1FY6xopm1kaFNX,2022,2022-05-20,pop,0.8626976602478658,0.7185088577328551,0.4787967411740129,0.3534113240428246,0.0002381432896064581
Bränner,Kim Cesarion,20s,7M5QepCsK6kYex4EWWsmhd,2022,2022-06-10,pop,0.7334129753717686,0.7630692316052603,0.5122205974514309,0.2510013163601664,0.0
Everyone,Grandi,20s,1ZSbMB7SpKvDC7gVc9bJVV,2022,2022-06-17,pop,0.6913202872725741,0.80436909031627,0.39105911844579067,0.5130504536657918,0.000763874873864783
Only Good Die Young,Dotter,20s,1xbIGBBbn5xHqNm8ZFpItR,2022,2022-06-17,pop,0.7103622176031621,0.6902510596674274,0.31585544182160014,0.051803811220564544,9.63673057517659e-05
Saknar inte dig - Moonshine Remix,"ALMEA, Moonshine",20s,46IKK89VFJHzRPwrMyMQNH,2022,2022-06-17,pop,0.7063533901651436,0.7293772416041735,0.3283893879256319,0.44778917426017634,0.0
Du & jag,Poolkant,20s,238cGn6CtR3w3Ugage1c8o,2022,2022-06-17,pop,0.8145917309916435,0.5283121399847843,0.32734489241696263,0.053611046650258516,7.1241170534813324e-06
Det Är Slut,Hanna Ferm,20s,04QgZlzLxbu9YNEjYIpUPU,2022,2022-08-26,pop,0.6341944962808104,0.7304640799913052,0.3994150825151451,0.12047875754893535,0.0
Jag vill inte ha dig tillbaks,"Lancelot, Clara Klingenström",20s,5erTbYxiNENZqmdOtZTwWR,2022,2022-08-26,pop,0.5480047063634123,0.5913487664384306,0.1633590975558805,0.1666636629744479,0.0
Hångel på balkongen,Clara Klingenström,20s,33KHgQ8oGWLDzaspxM4T4Y,2022,2022-10-07,pop,0.4948877428096669,0.3163786544940767,0.06632546480050136,0.1927681747366941,0.0
Make It,Daniel Schulz,20s,19bfMEAOJGHEAL2pS3gNoS,2022,2022-08-26,pop,0.7454394576858242,0.6446038474078905,0.6835178608731983,0.43574093806221653,0.0
Går emot dig,Klockrent!,20s,66R8sysdfG2DHJhcq68c2x,2022,2022-10-21,pop,0.5870907738840927,0.5380936854689707,0.3534572801336954,0.05351064468194218,0.0
For evig,Chris Holsten,20s,4tZzw4QUXJ3wAYl3uapO9Z,2022,2022-10-21,pop,0.5099208457022363,0.49788066514509294,0.14038019636515564,0.12750689533107856,0.0
Ihana kipu,"VIIVI, Robin Packalen",20s,4EXBxZeqKIayJa65KtAwZw,2022,2022-10-27,pop,0.6502298060328844,0.6750353222475819,0.4286609567578859,0.09798871664607708,1.2209889001009082e-05
Om inte du (feat. Rasmus Wahlgren),"Emilia Pantic, Rasmus Wahlgren",20s,627TiaDLjZnEBV5zJox9VE,2022,2022-10-28,pop,0.537982637768366,0.5978697967612217,0.34927929809901814,0.01826955380290979,0.0
Can’t Stay Away,Molly Hammar,20s,4X1od7Ce9ofu0jSAPaI260,2022,2022-11-05,pop,0.7644813880164122,0.7282904032170416,0.6782953833298517,0.06967536158087156,5.2169525731584265e-05
Sammumaton,BESS,20s,7BI3gFHdPNtstVEetNx7w6,2022,2022-11-03,pop,0.9198234512396297,0.5728725138571894,0.8454146647169417,0.003440183082587617,0.0012209889001009082
Dear Sandman,EMMY,20s,05tsYovIC8rTfpCChklKeu,2022,2022-10-28,pop,0.6732805638014909,0.6761221606347138,0.2792980990181742,0.04648250689979897,0.0
Över nu,HON,20s,5COt7t7dkzHAp55Pxl1cnI,2022,2022-11-04,pop,0.8667064876858843,0.6750353222475819,0.5665343639022352,0.35742740277547785,0.001442986881937437
Håper du har det bra,Jesper Jenset,20s,3u0XhUIzabBJlPMx9O8XOK,2022,2022-11-25,pop,0.6893158735535649,0.6619932616019999,0.7921453937748069,0.1054184623014856,0.0
Dansa fult,Felicia Takman,20s,38fy4xzxYZrH26guyokyey,2022,2022-10-28,pop,0.7634791811569075,0.4174546244973372,0.5978692291623146,0.01897236758112411,0.0
Så nära,Molly Hammar,20s,2wbb3Czcii7Sv0x5na95w2,2022,2022-12-17,pop,0.4127067803302873,0.5337463319204434,0.07207019009818257,0.36746759960711106,0.0
N-Y-T,Benjamin,20s,3cKMP7IUsaGeqAyuvn3LKq,2022,2022-05-20,pop,0.7424328371073102,0.6446038474078905,0.7378316273240025,0.03202462346224722,1.2916246215943492e-06
Välkommen Åter,"Hanna Ferm, Junie",20s,4q2nejfnJpmHqr2GAi09ph,2022,2022-05-20,pop,0.6762871843800048,0.778284969025106,0.9164403593064551,0.13353101343005847,0.0
Superstar,Darin,20s,21pE89kv4OQssxpzUPwMek,2022,2022-05-13,pop,0.942874209008236,0.6663406151505272,0.5728013369542511,0.0029783340283324918,8.385469223007065e-06
GAY,Benjamin,20s,4Hy8NmXUsiHYhkrdXbP1ma,2022,2022-07-08,pop,0.7955498006610556,0.6945984132159547,0.9227073323584709,0.008600844254047061,0.0
Another Stranger,Hedda Mae,20s,03ApTIkz4BbUuIY7grHTEr,2022,2022-05-27,pop,0.6642607020659492,0.6109118574068036,0.5968247336536453,0.014755484911838188,0.0
Lättdistraherad,Dotter,20s,6CXc1Q9IBBxfOQVQCYBMhk,2022,2022-11-11,pop,0.813589524132139,0.745679817411151,0.8255692500522247,0.06726571434127962,0.0
Distant,Hanne Mjøen,20s,1DaUB9iYlmYXK8MufhBfDN,2022,2022-10-28,pop,0.7334129753717686,0.6359091403108358,0.69605180697723,0.12047875754893535,2.7648839556004035e-06
Mehän vaan tanssittiin,Tuure Boelius,20s,3GedusvICAbopdvTcNcC2d,2022,2022-09-16,pop,0.697333528429602,0.7837191609607652,0.6354710674744098,0.007626945161378644,6.720484359233099e-05
Till Solen Brinner Ut,Rymdpojken,20s,2DTa2kupO7EwBcVDJrENJ2,2022,2022-09-23,pop,0.7915409732230372,0.36528638191500923,0.11113432212241488,0.003128936980806989,0.0
It Ain't You,Hedda Mae,20s,4egXSi9VmYuJaq6Xa1ECQm,2022,2022-09-16,pop,0.6632584952064446,0.7152483425714596,0.562356381867558,0.01485588688015452,0.0
Arigato,Julie Bergan,10s,4XuK9jJP3mpYBq5qf68vfF,2016,2016-06-10,pop,0.5520135338014308,0.3739810890120639,0.29809901817422185,0.004002434105159073,1.2512613521695258e-05
"Not Too Young, Pt. 2",Sabina Ddumba,10s,5qEKL2VgzRlsL7gFjgf11I,2016,2016-02-05,pop,0.6632584952064446,0.5272253015976525,0.17380405264257362,0.004193197844960104,1.3622603430877902e-06
Smaller,Erik Hassle,10s,1gStng1TuTLt0SaISWL14r,2015,2015-11-20,pop,0.7294041479337501,0.37615476578632756,0.3263003969082933,0.4166645640821135,0.0
Worth Something,Isac Elliot,10s,3REDWPtZG5HR3tiCH6KHU0,2016,2016-04-08,pop,0.8406491093387639,0.6598195848277362,0.28556507207019005,0.12449483628158861,0.0
High,Jesper Jenset,10s,7KSvVqdp4mvOmIlkh5jzjS,2016,2016-05-06,pop,0.8015630418180835,0.464188675144006,0.4297054522665552,0.26405357224128956,0.0028355196770938444
Beautiful Heartbeat (feat. Frida Sundemo) - Radio Edit,"MORTEN, Frida Sundemo",10s,77Vzvl7eBRNpnKM4XPywjW,2016,2016-01-15,pop,0.5760664984295418,0.28486034126725357,0.09337789847503655,0.15863150550914135,0.00033400605449041373
Euphoria,Loreen,10s,2knr7ikPt4l7bk92qS4ZXW,2012,2012-10-19,pop,0.6802960118180233,0.49896750353222474,0.07979945686233549,0.0793139505392394,4.8940464177598386e-05
Magical,"Tungevaag, Raaban",10s,43lwHSTEexXRVVeXZtAtfi,2016,2016-05-27,pop,0.9138102100826019,0.4837517661123791,0.22811781909337786,0.1997963125188373,0.0
Spaceship,Comet Blue,10s,3ugmizSA071BoGL7jzd272,2016,2016-01-08,pop,0.7243931136362269,0.6706879686990546,0.6208481303530395,0.07730591117291277,0.005519677093844601
Lucky You,Linda Sundblad,10s,57HroAptTVmLCdJPNvB3lg,2011,2011-02-27,pop,0.8386446956197546,0.6685142919247908,0.9540421976185502,0.160639544875468,0.028859737638748738
All About The Games - Official Swedish Song For Rio 2016,John Lundvik,10s,5EMxqLhyoANixELV52WXGI,2016,2016-07-18,pop,0.7704946291734399,0.6141723725681991,0.44955086693127216,0.0005335460998298177,0.0
Hanging on to Nothing,Måns Zelmerlöw,10s,0NKjwK2HaKZtA9WHobbHNH,2016,2016-08-26,pop,0.7534571125618612,0.5967829583740898,0.47670775015667427,0.1345350331132218,0.0
Au Volant,Elsa & Emilie,10s,1baPQLla6DiltWyqOpxbzR,2016,2016-08-22,pop,0.581077532727065,0.48592544288664274,0.28660956757885936,0.4779097647550758,0.2250252270433905
Alive,Madden,10s,7J2EJ4QMpGUbB2H3SYYYtU,2016,2016-09-09,pop,0.7163754587601899,0.4663623519182697,0.3461458115730102,0.020277593169236423,0.0
A Million Years,Mariette,10s,5Ba9wvTCOui7xlPtwoUmaR,2017,2017-02-25,pop,0.6802960118180233,0.4761438974024562,0.16858157509922705,0.12750689533107856,0.0
The Sun,Frida Sundemo,10s,6dlRBNSdujKthRBEqeatpg,2017,2017-04-21,pop,0.429744296941866,0.30659710900989023,0.1654480885732191,0.8955819529510152,0.355196770938446
Burn,LIAMOO,10s,1EPPWZXOWjwmTIhrKqXm3Q,2017,2017-05-05,pop,0.7173776656196945,0.5739593522443213,0.4777522456653436,0.006512483313067363,0.0
Don't Tell Ma,Peg Parnevik,10s,2mSjhD5X0iFqtzPLTGUHim,2017,2017-05-05,pop,0.805571869256102,0.6391696554722314,0.5435554627115105,0.03242623133551255,0.0
Too Good To Be True,Rhys,10s,3WKBNbYx32xlJQ0puFCnAJ,2017,2017-09-22,pop,0.6572452540494168,0.6630800999891316,0.5874242740756215,0.09949474617082205,0.0
Same Moon,Juliander,10s,2Vw1Ch9uvjTk8jmxsWnUoL,2017,2017-09-22,pop,0.4948877428096669,0.6011303119226171,0.39210361395446,0.3825278948545608,2.1594349142280524e-06
Lovesick (feat. Liza Owen),"SJUR, Liza Owen",10s,6JRJbyOIVV70SFzNCvH9xX,2017,2017-12-01,pop,0.6963313215700973,0.7022062819258776,0.6772508878211825,0.06997656748582055,0.0
Strongest,Ina Wroldsen,10s,0pJGiNCd9bryk8ttRqSuKA,2018,2018-06-29,pop,0.5961106356196344,0.5207042712748614,0.3179444328389388,0.08774771587781126,6.538849646821392e-06
Here With Me,Elina,10s,02VOS5QRFc6i1XQVROAeDi,2018,2018-08-10,pop,0.2673867857021161,0.4065862406260189,0.23542928765406307,0.6837337998035555,0.0
Alltid god,Impuls,10s,1oLf0PMcLszAYOChD3FFx0,2019,2019-01-26,pop,0.6492275991733798,0.4326703619171829,0.4944641738040526,0.16365160392495795,0.0
Den som e den,Molly Sandén,10s,72yeOK93gnHkEYwtFJPmZH,2019,2019-03-01,pop,0.7985564212395696,0.6652537767633954,0.5163985794861082,0.01626151443658316,1.6649848637739657e-05
Blue Flag / Fun Things,Jesper Jenset,10s,6VvRwqQpgWU1WclXgCOKI8,2019,2019-03-01,pop,0.5449980857848984,0.7282904032170416,0.7012742845205765,0.17168376139026448,0.0
Shadows,Alphabeat,10s,5nyR10uysfZhx3RuTaPbo1,2019,2019-03-01,pop,0.8306270407437176,0.7000326051516139,0.9112178817631085,0.0009200936778476943,1.442986881937437e-05
STFU,Julie Bergan,10s,4MY1amv4MW0wyH5vqB89vk,2019,2019-03-01,pop,0.7223886999172177,0.6761221606347138,0.5247545435554628,0.04959496791760525,0.0
Sight Of You,Sigrid,10s,7BCThwwyTExZv513fcJdki,2019,2019-03-08,pop,0.8516733847933149,0.6859037061189001,0.45999582201796524,0.01555870065836884,3.592330978809283e-05
Time Machine,Chris Holsten,10s,3AzWn7ZgXeTRAe95hgOU21,2018,2018-08-24,pop,0.7714968360329445,0.732637756765569,0.3795696678504282,0.4578293710918095,7.457114026236126e-06
Say Something,Matilda,10s,0RvQJoaiQC3sYafoDTdiEJ,2019,2019-04-26,pop,0.5429936720658891,0.5935224432126943,0.2667641529141424,0.5953800676851837,0.00015943491422805247
Losing You,Oscar Stembridge,10s,51RkY9HMavrYjwKafTdh4G,2019,2019-05-10,pop,0.794547593801551,0.6924247364416911,0.8360142051389179,0.26003749350863625,9.949545913218972e-06
24,SKAAR,10s,0S6jhJrcUdB82Z429hjLtZ,2019,2019-04-12,pop,0.6642607020659492,0.5804803825671123,0.405682055567161,0.01626151443658316,7.648839556004036e-05
Endaro Mahanubhavulu - Sri - Adi,"Tyagaraja, M. Balamuralikrishna",10s,62CAFDnVk8ljsQrgEemybD,2018,2018-08-30,indian,0.5339738103303474,0.46201499836974236,0.66576143722582,0.9066261694658116,0.0
Jaya Jaya - Dhanyasi - Adi,"Tyagaraja, M. Balamuralikrishna",10s,7v3j5zBQ2VeLwr3u89mXVo,2018,2018-08-30,indian,0.8586888328098473,0.6815563525703728,0.8704825569250052,0.8915658742183619,0.0
Kalaharana - Atana - Adi,"Tyagaraja, M. Balamuralikrishna",10s,26M1pQcbDBpGxV6tqX2tDE,2018,2018-08-30,indian,0.6572452540494168,0.40332572546462336,0.7639440150407354,0.6797177210709023,2.219979818365288e-06
Maha Ganapatim - Nata,T. N. Krishnan,90s,7b5t9VCBhloeoa20D1sB2S,1991,1991-01-01,indian,0.3425523001649633,0.464188675144006,0.28452057656152074,0.6576292880413093,0.060242179616548944
Bhaja Govindam,M. S. Subbulakshmi,10s,1IkR0OgVI1gydC4S6jnG2B,2013,2013-01-18,indian,0.42473326264434286,0.31855233126834037,0.6010027156883225,0.9688753898219372,0.0
Varnam,Jayanthi Kumaresh,00s,4ZFM5yFsjEzvZ1XmP27L5r,2002,2002-12-01,indian,0.34956774818149566,0.44788609933702855,0.34301232504700224,0.9789155866535704,0.953582240161453
"Sarasuda Varnam (Raga Saveri, Aadi Tala): Jaya Jaya (Raga Nattai, Khanda Chapu Tala)","Nirmala Rajasekar, Raghavendra Rao, Tanjore K. Murugaboopathi, V. Suresh",10s,5wZQXUcphAyBZfVdWmAiYX,2010,2010-10-26,indian,0.5961106356196344,0.40984675578741436,0.8777940254856904,0.8192764570306031,0.875882946518668
Raga Karnaranjani,Ganesh & Kumaresh,00s,5Ca5l5vDzIOZdVwwWCxAds,2007,2007-01-01,indian,0.5921018081816158,0.46744919030540155,0.6887403384165448,0.9518070552081608,0.9354187689202826
Nagumomu - Abheri - Adi - Live,Sudha Ragunathan,10s,0HmenrANrrNVi8244GsYB5,2016,2016-12-08,indian,0.8175983515701575,0.22943158352353005,0.5863797785669521,0.8564251853076458,0.11402623612512613
